station,train_name,final_destination_station,delay_in_min,time,is_canceled,train_type,train_line_ride_id,train_line_station_num,arrival_planned_time,arrival_change_time,departure_planned_time,departure_change_time
Stuttgart Hbf,ICE 698,Berlin Hbf,1,2024-07-01 00:12:00,False,ICE,7108274583246193747-2406302151,5,2024-07-01 00:01:00,2024-07-01 00:07:00,2024-07-01 00:11:00,2024-07-01 00:12:00
Stuttgart Hbf,ICE 617,München Hbf,23,2024-07-01 00:41:00,False,ICE,6194893901306646476-2406301729,17,2024-07-01 00:08:00,2024-07-01 00:36:00,2024-07-01 00:18:00,2024-07-01 00:41:00
Stuttgart Hbf,ICE 618,Kiel Hbf,3,2024-07-01 02:25:00,False,ICE,2686007473625185344-2407010001,6,2024-07-01 02:16:00,2024-07-01 02:20:00,2024-07-01 02:22:00,2024-07-01 02:25:00
Stuttgart Hbf,ICE 215,München Hbf,1,2024-07-01 02:11:00,False,ICE,-3639105195943060538-2407010017,3,2024-07-01 02:04:00,2024-07-01 02:04:00,2024-07-01 02:10:00,2024-07-01 02:11:00
Stuttgart Hbf,ICE 619,München Hbf,1,2024-07-01 03:40:00,False,ICE,7474414276230536927-2406301838,20,2024-07-01 03:33:00,2024-07-01 03:03:00,2024-07-01 03:39:00,2024-07-01 03:40:00
Stuttgart Hbf,ICE 699,München Hbf,0,2024-07-01 05:12:00,False,ICE,-7138074359361066746-2406301919,15,2024-07-01 04:52:00,2024-07-01 04:51:00,2024-07-01 05:12:00,2024-07-01 05:12:00
Stuttgart Hbf,ICE 616,Hamburg-Altona,0,2024-07-01 05:51:00,False,ICE,-8624992757107064587-2407010332,5,2024-07-01 05:45:00,2024-07-01 05:43:00,2024-07-01 05:51:00,2024-07-01 05:51:00
Stuttgart Hbf,ICE 1061,München Hbf,1,2024-07-01 05:53:00,False,ICE,5427594935199921006-2407010453,5,2024-07-01 05:45:00,2024-07-01 05:44:00,2024-07-01 05:52:00,2024-07-01 05:53:00
Stuttgart Hbf,ICE 561,München Hbf,2,2024-07-01 06:52:00,False,ICE,-605877143281749034-2407010600,3,2024-07-01 06:44:00,2024-07-01 06:45:00,2024-07-01 06:50:00,2024-07-01 06:52:00
Stuttgart Hbf,ICE 614,Hamburg-Altona,2,2024-07-01 07:53:00,False,ICE,67517114520381301-2407010532,5,2024-07-01 07:45:00,2024-07-01 07:48:00,2024-07-01 07:51:00,2024-07-01 07:53:00
Stuttgart Hbf,ICE 911,München Hbf,15,2024-07-01 07:43:00,False,ICE,-5135229961965226618-2407010603,2,2024-07-01 07:20:00,2024-07-01 07:35:00,2024-07-01 07:28:00,2024-07-01 07:43:00
Stuttgart Hbf,ICE 1068,Karlsruhe Hbf,0,2024-07-01 07:10:00,False,ICE,1847313071699172804-2407010500,5,2024-07-01 07:04:00,2024-07-01 07:03:00,2024-07-01 07:10:00,2024-07-01 07:10:00
Stuttgart Hbf,ICE 991,München Hbf,3,2024-07-01 07:18:00,False,ICE,4178793572863103484-2407010526,5,2024-07-01 07:07:00,2024-07-01 07:10:00,2024-07-01 07:15:00,2024-07-01 07:18:00
Stuttgart Hbf,ICE 1098,Frankfurt(Main)Hbf,1,2024-07-01 08:06:00,False,ICE,1402637927240724353-2407010544,6,2024-07-01 07:59:00,2024-07-01 08:01:00,2024-07-01 08:05:00,2024-07-01 08:06:00
Stuttgart Hbf,ICE 511,München Hbf,3,2024-07-01 08:17:00,False,ICE,7137833056273713088-2407010045,17,2024-07-01 08:08:00,2024-07-01 08:12:00,2024-07-01 08:14:00,2024-07-01 08:17:00
Stuttgart Hbf,ICE 1012,Dortmund Hbf,4,2024-07-01 08:43:00,False,ICE,-6324333303227400345-2407010626,5,2024-07-01 08:31:00,2024-07-01 08:39:00,2024-07-01 08:39:00,2024-07-01 08:43:00
Stuttgart Hbf,ICE 267,München Hbf,0,2024-07-01 08:51:00,True,ICE,9036257144873715932-2407010550,11,2024-07-01 08:45:00,2024-07-01 08:47:00,2024-07-01 08:51:00,2024-07-01 08:51:00
Stuttgart Hbf,ICE 692,Berlin Hbf,4,2024-07-01 08:55:00,False,ICE,-690776802853422910-2407010641,5,2024-07-01 08:44:00,2024-07-01 08:50:00,2024-07-01 08:51:00,2024-07-01 08:55:00
Stuttgart Hbf,ICE 612,Kiel Hbf,1,2024-07-01 09:52:00,False,ICE,-7184453857839759572-2407010728,5,2024-07-01 09:45:00,2024-07-01 09:46:00,2024-07-01 09:51:00,2024-07-01 09:52:00
Stuttgart Hbf,ICE 913,München Hbf,8,2024-07-01 09:36:00,False,ICE,-6165068286223376269-2407010547,10,2024-07-01 09:22:00,2024-07-01 09:31:00,2024-07-01 09:28:00,2024-07-01 09:36:00
Stuttgart Hbf,ICE 591,München Hbf,17,2024-07-01 09:32:00,False,ICE,-9076044575966614071-2407010302,15,2024-07-01 09:08:00,2024-07-01 09:27:00,2024-07-01 09:15:00,2024-07-01 09:32:00
Stuttgart Hbf,ICE 1010,Dortmund Hbf,5,2024-07-01 10:42:00,False,ICE,-1202781486977583710-2407010828,5,2024-07-01 10:31:00,2024-07-01 10:37:00,2024-07-01 10:37:00,2024-07-01 10:42:00
Stuttgart Hbf,ICE 563,München Hbf,3,2024-07-01 10:54:00,False,ICE,7515891464844108057-2407010827,6,2024-07-01 10:45:00,2024-07-01 10:48:00,2024-07-01 10:51:00,2024-07-01 10:54:00
Stuttgart Hbf,ICE 513,München Hbf,3,2024-07-01 10:17:00,False,ICE,-1316725331766652964-2407010602,10,2024-07-01 10:08:00,2024-07-01 10:11:00,2024-07-01 10:14:00,2024-07-01 10:17:00
Stuttgart Hbf,ICE 690,Berlin Gesundbrunnen,3,2024-07-01 10:54:00,False,ICE,-2543008509222161707-2407010846,5,2024-07-01 10:43:00,2024-07-01 10:45:00,2024-07-01 10:51:00,2024-07-01 10:54:00
Stuttgart Hbf,ICE 915,München Hbf,63,2024-07-01 12:31:00,False,ICE,400157404087783375-2407010751,10,2024-07-01 11:22:00,2024-07-01 12:23:00,2024-07-01 11:28:00,2024-07-01 12:31:00
Stuttgart Hbf,ICE 610,Hamburg-Altona,1,2024-07-01 11:52:00,False,ICE,9011011619156863439-2407010927,5,2024-07-01 11:45:00,2024-07-01 11:46:00,2024-07-01 11:51:00,2024-07-01 11:52:00
Stuttgart Hbf,ICE 1290,Frankfurt(Main)Hbf,2,2024-07-01 12:07:00,False,ICE,-9206844568518319678-2407010800,11,2024-07-01 11:59:00,2024-07-01 12:00:00,2024-07-01 12:05:00,2024-07-01 12:07:00
Stuttgart Hbf,ICE 568,Karlsruhe Hbf,1,2024-07-01 11:13:00,False,ICE,-5628776902806503379-2407010903,5,2024-07-01 11:02:00,2024-07-01 11:03:00,2024-07-01 11:12:00,2024-07-01 11:13:00
Stuttgart Hbf,ICE 593,München Hbf,8,2024-07-01 11:23:00,False,ICE,2269193621654513451-2407010516,11,2024-07-01 11:08:00,2024-07-01 11:18:00,2024-07-01 11:15:00,2024-07-01 11:23:00
Stuttgart Hbf,ICE 115,Klagenfurt Hbf,24,2024-07-01 12:22:00,False,ICE,-1244506323428825924-2407010631,18,2024-07-01 11:53:00,2024-07-01 12:12:00,2024-07-01 11:58:00,2024-07-01 12:22:00
Stuttgart Hbf,ICE 918,Dortmund Hbf,3,2024-07-01 12:41:00,False,ICE,7844358081895785158-2407011030,4,2024-07-01 12:32:00,2024-07-01 12:36:00,2024-07-01 12:38:00,2024-07-01 12:41:00
Stuttgart Hbf,ICE 1218,Berlin Gesundbrunnen,3,2024-07-01 12:54:00,False,ICE,8983673647294408675-2407010840,11,2024-07-01 12:43:00,2024-07-01 12:45:00,2024-07-01 12:51:00,2024-07-01 12:54:00
Stuttgart Hbf,ICE 565,München Hbf,3,2024-07-01 12:54:00,False,ICE,3705893801311502416-2407011205,3,2024-07-01 12:45:00,2024-07-01 12:48:00,2024-07-01 12:51:00,2024-07-01 12:54:00
Stuttgart Hbf,ICE 515,München Hbf,34,2024-07-01 12:48:00,False,ICE,6512354943507599026-2407010529,15,2024-07-01 12:08:00,2024-07-01 12:42:00,2024-07-01 12:14:00,2024-07-01 12:48:00
Stuttgart Hbf,ICE 119,Innsbruck Hbf,20,2024-07-01 13:17:00,False,ICE,-5651847012247675964-2407010753,14,2024-07-01 12:48:00,2024-07-01 13:12:00,2024-07-01 12:57:00,2024-07-01 13:17:00
Stuttgart Hbf,ICE 566,Karlsruhe Hbf,3,2024-07-01 13:12:00,False,ICE,-4243685153474784824-2407011103,5,2024-07-01 13:02:00,2024-07-01 13:04:00,2024-07-01 13:09:00,2024-07-01 13:12:00
Stuttgart Hbf,ICE 595,München Hbf,50,2024-07-01 14:05:00,False,ICE,-2221597426497896240-2407010726,10,2024-07-01 13:08:00,2024-07-01 14:00:00,2024-07-01 13:15:00,2024-07-01 14:05:00
Stuttgart Hbf,ICE 917,München Hbf,10,2024-07-01 13:38:00,False,ICE,-1038875971032103661-2407011045,6,2024-07-01 13:20:00,2024-07-01 13:33:00,2024-07-01 13:28:00,2024-07-01 13:38:00
Stuttgart Hbf,ICE 518,Hamburg-Altona,2,2024-07-01 13:53:00,False,ICE,-6452407069337976676-2407011128,5,2024-07-01 13:45:00,2024-07-01 13:49:00,2024-07-01 13:51:00,2024-07-01 13:53:00
Stuttgart Hbf,ICE 567,München Hbf,12,2024-07-01 15:03:00,False,ICE,3762301582140299933-2407011405,3,2024-07-01 14:45:00,2024-07-01 14:51:00,2024-07-01 14:51:00,2024-07-01 15:03:00
Stuttgart Hbf,ICE 118,Münster(Westf)Hbf,0,2024-07-01 15:12:00,False,ICE,-2026324236731915142-2407010854,20,2024-07-01 14:59:00,2024-07-01 15:03:00,2024-07-01 15:12:00,2024-07-01 15:12:00
Stuttgart Hbf,ICE 596,Berlin Gesundbrunnen,4,2024-07-01 14:55:00,False,ICE,4083739950560377043-2407011246,5,2024-07-01 14:43:00,2024-07-01 14:49:00,2024-07-01 14:51:00,2024-07-01 14:55:00
Stuttgart Hbf,ICE 517,München Hbf,33,2024-07-01 14:47:00,False,ICE,-4602427783665327588-2407010728,14,2024-07-01 14:08:00,2024-07-01 14:42:00,2024-07-01 14:14:00,2024-07-01 14:47:00
Stuttgart Hbf,ICE 564,Karlsruhe Hbf,7,2024-07-01 15:16:00,False,ICE,-1073960129091467682-2407011303,5,2024-07-01 15:02:00,2024-07-01 15:05:00,2024-07-01 15:09:00,2024-07-01 15:16:00
Stuttgart Hbf,ICE 114,Dortmund Hbf,112,2024-07-01 17:59:00,False,ICE,-940035628142522529-2407010842,23,2024-07-01 15:59:00,2024-07-01 17:49:00,2024-07-01 16:07:00,2024-07-01 17:59:00
Stuttgart Hbf,ICE 516,Hamburg-Altona,0,2024-07-01 15:51:00,False,ICE,6954924236955692259-2407011328,5,2024-07-01 15:45:00,2024-07-01 15:44:00,2024-07-01 15:51:00,2024-07-01 15:51:00
Stuttgart Hbf,ICE 117,Klagenfurt Hbf,2,2024-07-01 16:01:00,False,ICE,9042395260942796037-2407011420,6,2024-07-01 15:53:00,2024-07-01 15:54:00,2024-07-01 15:59:00,2024-07-01 16:01:00
Stuttgart Hbf,ICE 597,München Hbf,37,2024-07-01 15:52:00,False,ICE,5254114651454294172-2407010915,11,2024-07-01 15:08:00,2024-07-01 15:47:00,2024-07-01 15:15:00,2024-07-01 15:52:00
Stuttgart Hbf,ICE 519,München Hbf,114,2024-07-01 18:08:00,True,ICE,-8471873024121272354-2407010929,16,2024-07-01 16:08:00,2024-07-01 18:03:00,2024-07-01 16:14:00,2024-07-01 18:08:00
Stuttgart Hbf,ICE 569,München Hbf,2,2024-07-01 16:53:00,False,ICE,-7759827436146803415-2407011605,3,2024-07-01 16:45:00,2024-07-01 16:46:00,2024-07-01 16:51:00,2024-07-01 16:53:00
Stuttgart Hbf,ICE 594,Berlin Gesundbrunnen,4,2024-07-01 16:55:00,False,ICE,1140779865956290650-2407011446,5,2024-07-01 16:43:00,2024-07-01 16:50:00,2024-07-01 16:51:00,2024-07-01 16:55:00
Stuttgart Hbf,ICE 914,Dortmund Hbf,9,2024-07-01 16:46:00,False,ICE,-1253548023198098278-2407011428,5,2024-07-01 16:31:00,2024-07-01 16:41:00,2024-07-01 16:37:00,2024-07-01 16:46:00
Stuttgart Hbf,ICE 1011,München Hbf,22,2024-07-01 17:50:00,False,ICE,8564432605510706771-2407011349,10,2024-07-01 17:21:00,2024-07-01 17:40:00,2024-07-01 17:28:00,2024-07-01 17:50:00
Stuttgart Hbf,ICE 562,Saarbrücken Hbf,3,2024-07-01 17:11:00,False,ICE,-6869650552962585885-2407011502,5,2024-07-01 17:02:00,2024-07-01 17:04:00,2024-07-01 17:08:00,2024-07-01 17:11:00
Stuttgart Hbf,ICE 599,München Hbf,5,2024-07-01 17:19:00,False,ICE,8059314318384301883-2407011126,10,2024-07-01 17:08:00,2024-07-01 17:14:00,2024-07-01 17:14:00,2024-07-01 17:19:00
Stuttgart Hbf,ICE 514,Hamburg-Altona,0,2024-07-01 17:51:00,False,ICE,-5040855886902453859-2407011528,5,2024-07-01 17:45:00,2024-07-01 17:30:00,2024-07-01 17:51:00,2024-07-01 17:51:00
Stuttgart Hbf,ICE 1069,München Hbf,2,2024-07-01 18:59:00,False,ICE,7280991471195430281-2407011805,3,2024-07-01 18:51:00,2024-07-01 18:47:00,2024-07-01 18:57:00,2024-07-01 18:59:00
Stuttgart Hbf,ICE 912,Dortmund Hbf,1,2024-07-01 18:39:00,False,ICE,-977669644680017628-2407011628,5,2024-07-01 18:32:00,2024-07-01 18:32:00,2024-07-01 18:38:00,2024-07-01 18:39:00
Stuttgart Hbf,ICE 592,Hamburg-Altona,2,2024-07-01 18:53:00,False,ICE,5089820149948252230-2407011646,5,2024-07-01 18:43:00,2024-07-01 18:44:00,2024-07-01 18:51:00,2024-07-01 18:53:00
Stuttgart Hbf,ICE 611,München Hbf,4,2024-07-01 18:18:00,False,ICE,5653087570567167872-2407011129,15,2024-07-01 18:08:00,2024-07-01 18:13:00,2024-07-01 18:14:00,2024-07-01 18:18:00
Stuttgart Hbf,ICE 1099,München Hbf,6,2024-07-01 20:04:00,False,ICE,-8959018065734509300-2407011819,6,2024-07-01 19:52:00,2024-07-01 19:59:00,2024-07-01 19:58:00,2024-07-01 20:04:00
Stuttgart Hbf,ICE 266,Basel SBB,2,2024-07-01 19:14:00,False,ICE,-2795453744905001153-2407011658,6,2024-07-01 19:02:00,2024-07-01 19:03:00,2024-07-01 19:12:00,2024-07-01 19:14:00
Stuttgart Hbf,ICE 1211,Innsbruck Hbf,26,2024-07-01 19:41:00,False,ICE,8560770616564367826-2407011316,11,2024-07-01 19:08:00,2024-07-01 19:36:00,2024-07-01 19:15:00,2024-07-01 19:41:00
Stuttgart Hbf,ICE 512,Münster(Westf)Hbf,3,2024-07-01 19:54:00,False,ICE,7537395545451740415-2407011728,5,2024-07-01 19:45:00,2024-07-01 19:46:00,2024-07-01 19:51:00,2024-07-01 19:54:00
Stuttgart Hbf,ICE 1013,München Hbf,28,2024-07-01 19:56:00,False,ICE,2333246513660073790-2407011550,10,2024-07-01 19:22:00,2024-07-01 19:30:00,2024-07-01 19:28:00,2024-07-01 19:56:00
Stuttgart Hbf,ICE 590,Frankfurt(Main)Hbf,5,2024-07-01 20:56:00,False,ICE,-7610672940066525446-2407011846,5,2024-07-01 20:43:00,2024-07-01 20:51:00,2024-07-01 20:51:00,2024-07-01 20:56:00
Stuttgart Hbf,ICE 910,Düsseldorf Hbf,1,2024-07-01 20:39:00,False,ICE,6195485783263057734-2407011828,5,2024-07-01 20:32:00,2024-07-01 20:35:00,2024-07-01 20:38:00,2024-07-01 20:39:00
Stuttgart Hbf,ICE 613,München Hbf,2,2024-07-01 20:16:00,False,ICE,5295243416856313869-2407011237,15,2024-07-01 20:08:00,2024-07-01 20:09:00,2024-07-01 20:14:00,2024-07-01 20:16:00
Stuttgart Hbf,ICE 560,Karlsruhe Hbf,5,2024-07-01 21:16:00,False,ICE,-1895474681646249837-2407011901,6,2024-07-01 21:03:00,2024-07-01 21:11:00,2024-07-01 21:11:00,2024-07-01 21:16:00
Stuttgart Hbf,ICE 510,Hamburg-Altona,1,2024-07-01 21:52:00,False,ICE,8322424274180843926-2407011928,5,2024-07-01 21:45:00,2024-07-01 21:45:00,2024-07-01 21:51:00,2024-07-01 21:52:00
Stuttgart Hbf,ICE 1015,München Hbf,3,2024-07-01 21:31:00,False,ICE,-6727683722954373951-2407011750,10,2024-07-01 21:22:00,2024-07-01 21:25:00,2024-07-01 21:28:00,2024-07-01 21:31:00
Stuttgart Hbf,ICE 693,München Hbf,3,2024-07-01 21:18:00,False,ICE,-1412524464226526551-2407011526,10,2024-07-01 21:08:00,2024-07-01 21:13:00,2024-07-01 21:15:00,2024-07-01 21:18:00
Stuttgart Hbf,ICE 615,München Hbf,2,2024-07-01 22:16:00,False,ICE,-5425302918995479956-2407011529,15,2024-07-01 22:08:00,2024-07-01 22:09:00,2024-07-01 22:14:00,2024-07-01 22:16:00
Stuttgart Hbf,ICE 990,Hamburg-Altona,2,2024-07-01 22:53:00,False,ICE,-2320340282101811304-2407012043,6,2024-07-01 22:43:00,2024-07-01 22:44:00,2024-07-01 22:51:00,2024-07-01 22:53:00
Stuttgart Hbf,ICE 617,München Hbf,16,2024-07-02 00:34:00,False,ICE,6194893901306646476-2407011729,17,2024-07-02 00:08:00,2024-07-02 00:19:00,2024-07-02 00:18:00,2024-07-02 00:34:00
Stuttgart Hbf,ICE 698,Berlin Hbf,0,2024-07-02 00:11:00,False,ICE,7108274583246193747-2407012151,5,2024-07-02 00:01:00,2024-07-02 00:00:00,2024-07-02 00:11:00,2024-07-02 00:11:00
Stuttgart Hbf,ICE 215,München Hbf,37,2024-07-02 02:47:00,False,ICE,-3639105195943060538-2407020017,3,2024-07-02 02:04:00,2024-07-02 02:39:00,2024-07-02 02:10:00,2024-07-02 02:47:00
Stuttgart Hbf,ICE 618,Kiel Hbf,0,2024-07-02 02:22:00,False,ICE,2686007473625185344-2407020001,5,2024-07-02 02:16:00,2024-07-02 02:13:00,2024-07-02 02:22:00,2024-07-02 02:22:00
Stuttgart Hbf,ICE 619,München Hbf,22,2024-07-02 04:01:00,False,ICE,7474414276230536927-2407011838,20,2024-07-02 03:33:00,2024-07-02 03:40:00,2024-07-02 03:39:00,2024-07-02 04:01:00
Stuttgart Hbf,ICE 699,München Hbf,0,2024-07-02 05:12:00,False,ICE,-7138074359361066746-2407011919,16,2024-07-02 04:52:00,2024-07-02 04:48:00,2024-07-02 05:12:00,2024-07-02 05:12:00
Stuttgart Hbf,ICE 616,Hamburg-Altona,1,2024-07-02 05:52:00,False,ICE,-8624992757107064587-2407020322,5,2024-07-02 05:45:00,2024-07-02 05:45:00,2024-07-02 05:51:00,2024-07-02 05:52:00
Stuttgart Hbf,ICE 1061,München Hbf,0,2024-07-02 05:52:00,False,ICE,5427594935199921006-2407020453,5,2024-07-02 05:45:00,2024-07-02 05:43:00,2024-07-02 05:52:00,2024-07-02 05:52:00
Stuttgart Hbf,ICE 561,München Hbf,1,2024-07-02 06:51:00,False,ICE,-605877143281749034-2407020600,3,2024-07-02 06:44:00,2024-07-02 06:44:00,2024-07-02 06:50:00,2024-07-02 06:51:00
Stuttgart Hbf,ICE 991,München Hbf,5,2024-07-02 07:20:00,False,ICE,4178793572863103484-2407020526,5,2024-07-02 07:07:00,2024-07-02 07:15:00,2024-07-02 07:15:00,2024-07-02 07:20:00
Stuttgart Hbf,ICE 614,Hamburg-Altona,1,2024-07-02 07:52:00,False,ICE,67517114520381301-2407020532,5,2024-07-02 07:45:00,2024-07-02 07:45:00,2024-07-02 07:51:00,2024-07-02 07:52:00
Stuttgart Hbf,ICE 1068,Karlsruhe Hbf,0,2024-07-02 07:10:00,False,ICE,1847313071699172804-2407020500,5,2024-07-02 07:04:00,2024-07-02 07:00:00,2024-07-02 07:10:00,2024-07-02 07:10:00
Stuttgart Hbf,ICE 911,München Hbf,1,2024-07-02 07:29:00,False,ICE,-5135229961965226618-2407020603,2,2024-07-02 07:20:00,2024-07-02 07:24:00,2024-07-02 07:28:00,2024-07-02 07:29:00
Stuttgart Hbf,ICE 1098,Frankfurt(Main)Hbf,0,2024-07-02 08:05:00,True,ICE,1402637927240724353-2407020544,6,2024-07-02 07:59:00,2024-07-02 07:59:00,2024-07-02 08:05:00,2024-07-02 08:05:00
Stuttgart Hbf,ICE 1012,Dortmund Hbf,0,2024-07-02 08:39:00,False,ICE,-6324333303227400345-2407020626,5,2024-07-02 08:31:00,2024-07-02 08:34:00,2024-07-02 08:39:00,2024-07-02 08:39:00
Stuttgart Hbf,ICE 511,München Hbf,0,2024-07-02 08:14:00,False,ICE,7137833056273713088-2407020045,17,2024-07-02 08:08:00,2024-07-02 08:07:00,2024-07-02 08:14:00,2024-07-02 08:14:00
Stuttgart Hbf,ICE 267,München Hbf,11,2024-07-02 09:02:00,False,ICE,9036257144873715932-2407020550,11,2024-07-02 08:45:00,2024-07-02 08:50:00,2024-07-02 08:51:00,2024-07-02 09:02:00
Stuttgart Hbf,ICE 692,Berlin Hbf,1,2024-07-02 08:52:00,False,ICE,-690776802853422910-2407020641,5,2024-07-02 08:44:00,2024-07-02 08:44:00,2024-07-02 08:51:00,2024-07-02 08:52:00
Stuttgart Hbf,ICE 591,München Hbf,1,2024-07-02 09:16:00,False,ICE,-9076044575966614071-2407020302,15,2024-07-02 09:08:00,2024-07-02 09:11:00,2024-07-02 09:15:00,2024-07-02 09:16:00
Stuttgart Hbf,ICE 612,Kiel Hbf,3,2024-07-02 09:54:00,False,ICE,-7184453857839759572-2407020728,5,2024-07-02 09:45:00,2024-07-02 09:47:00,2024-07-02 09:51:00,2024-07-02 09:54:00
Stuttgart Hbf,ICE 913,München Hbf,3,2024-07-02 09:31:00,False,ICE,-6165068286223376269-2407020547,10,2024-07-02 09:22:00,2024-07-02 09:26:00,2024-07-02 09:28:00,2024-07-02 09:31:00
Stuttgart Hbf,ICE 563,München Hbf,9,2024-07-02 11:00:00,False,ICE,7515891464844108057-2407020827,6,2024-07-02 10:45:00,2024-07-02 10:45:00,2024-07-02 10:51:00,2024-07-02 11:00:00
Stuttgart Hbf,ICE 1010,Dortmund Hbf,4,2024-07-02 10:41:00,False,ICE,-1202781486977583710-2407020828,5,2024-07-02 10:31:00,2024-07-02 10:36:00,2024-07-02 10:37:00,2024-07-02 10:41:00
Stuttgart Hbf,ICE 513,München Hbf,4,2024-07-02 10:18:00,False,ICE,-1316725331766652964-2407020602,10,2024-07-02 10:08:00,2024-07-02 10:13:00,2024-07-02 10:14:00,2024-07-02 10:18:00
Stuttgart Hbf,ICE 690,Berlin Gesundbrunnen,2,2024-07-02 10:53:00,False,ICE,-2543008509222161707-2407020846,5,2024-07-02 10:43:00,2024-07-02 10:48:00,2024-07-02 10:51:00,2024-07-02 10:53:00
Stuttgart Hbf,ICE 115,Klagenfurt Hbf,4,2024-07-02 12:02:00,False,ICE,-1244506323428825924-2407020631,18,2024-07-02 11:53:00,2024-07-02 11:57:00,2024-07-02 11:58:00,2024-07-02 12:02:00
Stuttgart Hbf,ICE 1290,Frankfurt(Main)Hbf,2,2024-07-02 12:07:00,False,ICE,-9206844568518319678-2407020800,11,2024-07-02 11:59:00,2024-07-02 12:00:00,2024-07-02 12:05:00,2024-07-02 12:07:00
Stuttgart Hbf,ICE 568,Karlsruhe Hbf,1,2024-07-02 11:13:00,False,ICE,-5628776902806503379-2407020903,5,2024-07-02 11:02:00,2024-07-02 11:03:00,2024-07-02 11:12:00,2024-07-02 11:13:00
Stuttgart Hbf,ICE 593,München Hbf,51,2024-07-02 12:06:00,False,ICE,2269193621654513451-2407020516,11,2024-07-02 11:08:00,2024-07-02 12:01:00,2024-07-02 11:15:00,2024-07-02 12:06:00
Stuttgart Hbf,ICE 915,München Hbf,23,2024-07-02 11:51:00,False,ICE,400157404087783375-2407020751,10,2024-07-02 11:22:00,2024-07-02 11:42:00,2024-07-02 11:28:00,2024-07-02 11:51:00
Stuttgart Hbf,ICE 610,Hamburg-Altona,2,2024-07-02 11:53:00,False,ICE,9011011619156863439-2407020927,5,2024-07-02 11:45:00,2024-07-02 11:46:00,2024-07-02 11:51:00,2024-07-02 11:53:00
Stuttgart Hbf,ICE 918,Dortmund Hbf,1,2024-07-02 12:39:00,False,ICE,7844358081895785158-2407021030,4,2024-07-02 12:32:00,2024-07-02 12:32:00,2024-07-02 12:38:00,2024-07-02 12:39:00
Stuttgart Hbf,ICE 515,München Hbf,10,2024-07-02 12:24:00,False,ICE,6512354943507599026-2407020529,15,2024-07-02 12:08:00,2024-07-02 12:19:00,2024-07-02 12:14:00,2024-07-02 12:24:00
Stuttgart Hbf,ICE 565,München Hbf,0,2024-07-02 12:51:00,False,ICE,3705893801311502416-2407021205,3,2024-07-02 12:45:00,2024-07-02 12:46:00,2024-07-02 12:51:00,2024-07-02 12:51:00
Stuttgart Hbf,ICE 119,Innsbruck Hbf,40,2024-07-02 13:37:00,False,ICE,-5651847012247675964-2407020753,14,2024-07-02 12:48:00,2024-07-02 13:29:00,2024-07-02 12:57:00,2024-07-02 13:37:00
Stuttgart Hbf,ICE 1218,Berlin Gesundbrunnen,0,2024-07-02 12:51:00,False,ICE,8983673647294408675-2407020840,11,2024-07-02 12:43:00,2024-07-02 12:46:00,2024-07-02 12:51:00,2024-07-02 12:51:00
Stuttgart Hbf,ICE 917,München Hbf,4,2024-07-02 13:32:00,False,ICE,-1038875971032103661-2407021045,6,2024-07-02 13:20:00,2024-07-02 13:24:00,2024-07-02 13:28:00,2024-07-02 13:32:00
Stuttgart Hbf,ICE 595,München Hbf,83,2024-07-02 14:38:00,False,ICE,-2221597426497896240-2407020726,10,2024-07-02 13:08:00,2024-07-02 14:33:00,2024-07-02 13:15:00,2024-07-02 14:38:00
Stuttgart Hbf,ICE 518,Hamburg-Altona,1,2024-07-02 13:52:00,False,ICE,-6452407069337976676-2407021128,5,2024-07-02 13:45:00,2024-07-02 13:47:00,2024-07-02 13:51:00,2024-07-02 13:52:00
Stuttgart Hbf,ICE 566,Karlsruhe Hbf,16,2024-07-02 13:25:00,True,ICE,-4243685153474784824-2407021103,5,2024-07-02 13:02:00,2024-07-02 13:20:00,2024-07-02 13:09:00,2024-07-02 13:25:00
Stuttgart Hbf,ICE 118,Münster(Westf)Hbf,10,2024-07-02 15:22:00,False,ICE,-2026324236731915142-2407020854,20,2024-07-02 14:59:00,2024-07-02 15:07:00,2024-07-02 15:12:00,2024-07-02 15:22:00
Stuttgart Hbf,ICE 517,München Hbf,19,2024-07-02 14:33:00,False,ICE,-4602427783665327588-2407020728,14,2024-07-02 14:08:00,2024-07-02 14:28:00,2024-07-02 14:14:00,2024-07-02 14:33:00
Stuttgart Hbf,ICE 567,München Hbf,1,2024-07-02 14:52:00,False,ICE,3762301582140299933-2407021405,3,2024-07-02 14:45:00,2024-07-02 14:45:00,2024-07-02 14:51:00,2024-07-02 14:52:00
Stuttgart Hbf,ICE 596,Berlin Gesundbrunnen,1,2024-07-02 14:52:00,False,ICE,4083739950560377043-2407021246,5,2024-07-02 14:43:00,2024-07-02 14:43:00,2024-07-02 14:51:00,2024-07-02 14:52:00
Stuttgart Hbf,ICE 114,Dortmund Hbf,2,2024-07-02 16:09:00,False,ICE,-940035628142522529-2407020842,23,2024-07-02 15:59:00,2024-07-02 16:01:00,2024-07-02 16:07:00,2024-07-02 16:09:00
Stuttgart Hbf,ICE 597,München Hbf,22,2024-07-02 15:37:00,False,ICE,5254114651454294172-2407020915,11,2024-07-02 15:08:00,2024-07-02 15:28:00,2024-07-02 15:15:00,2024-07-02 15:37:00
Stuttgart Hbf,ICE 117,Klagenfurt Hbf,3,2024-07-02 16:02:00,False,ICE,9042395260942796037-2407021420,6,2024-07-02 15:53:00,2024-07-02 15:57:00,2024-07-02 15:59:00,2024-07-02 16:02:00
Stuttgart Hbf,ICE 564,Karlsruhe Hbf,10,2024-07-02 15:19:00,False,ICE,-1073960129091467682-2407021303,5,2024-07-02 15:02:00,2024-07-02 15:09:00,2024-07-02 15:09:00,2024-07-02 15:19:00
Stuttgart Hbf,ICE 516,Hamburg-Altona,1,2024-07-02 15:52:00,False,ICE,6954924236955692259-2407021328,5,2024-07-02 15:45:00,2024-07-02 15:45:00,2024-07-02 15:51:00,2024-07-02 15:52:00
Stuttgart Hbf,ICE 569,München Hbf,10,2024-07-02 17:01:00,False,ICE,-7759827436146803415-2407021605,3,2024-07-02 16:45:00,2024-07-02 16:53:00,2024-07-02 16:51:00,2024-07-02 17:01:00
Stuttgart Hbf,ICE 914,Dortmund Hbf,10,2024-07-02 16:47:00,False,ICE,-1253548023198098278-2407021428,5,2024-07-02 16:31:00,2024-07-02 16:38:00,2024-07-02 16:37:00,2024-07-02 16:47:00
Stuttgart Hbf,ICE 594,Berlin Gesundbrunnen,2,2024-07-02 16:53:00,False,ICE,1140779865956290650-2407021446,5,2024-07-02 16:43:00,2024-07-02 16:48:00,2024-07-02 16:51:00,2024-07-02 16:53:00
Stuttgart Hbf,ICE 519,München Hbf,21,2024-07-02 16:35:00,False,ICE,-8471873024121272354-2407020929,16,2024-07-02 16:08:00,2024-07-02 16:30:00,2024-07-02 16:14:00,2024-07-02 16:35:00
Stuttgart Hbf,ICE 514,Hamburg-Altona,6,2024-07-02 17:57:00,False,ICE,-5040855886902453859-2407021528,5,2024-07-02 17:45:00,2024-07-02 17:52:00,2024-07-02 17:51:00,2024-07-02 17:57:00
Stuttgart Hbf,ICE 1011,München Hbf,4,2024-07-02 17:32:00,False,ICE,8564432605510706771-2407021349,10,2024-07-02 17:21:00,2024-07-02 17:27:00,2024-07-02 17:28:00,2024-07-02 17:32:00
Stuttgart Hbf,ICE 562,Saarbrücken Hbf,1,2024-07-02 17:09:00,False,ICE,-6869650552962585885-2407021502,5,2024-07-02 17:02:00,2024-07-02 17:02:00,2024-07-02 17:08:00,2024-07-02 17:09:00
Stuttgart Hbf,ICE 599,München Hbf,9,2024-07-02 17:23:00,False,ICE,8059314318384301883-2407021126,10,2024-07-02 17:08:00,2024-07-02 17:18:00,2024-07-02 17:14:00,2024-07-02 17:23:00
Stuttgart Hbf,ICE 611,München Hbf,13,2024-07-02 18:27:00,False,ICE,5653087570567167872-2407021129,15,2024-07-02 18:08:00,2024-07-02 18:22:00,2024-07-02 18:14:00,2024-07-02 18:27:00
Stuttgart Hbf,ICE 1069,München Hbf,1,2024-07-02 18:58:00,False,ICE,7280991471195430281-2407021805,3,2024-07-02 18:51:00,2024-07-02 18:51:00,2024-07-02 18:57:00,2024-07-02 18:58:00
Stuttgart Hbf,ICE 912,Dortmund Hbf,11,2024-07-02 18:49:00,False,ICE,-977669644680017628-2407021628,5,2024-07-02 18:32:00,2024-07-02 18:44:00,2024-07-02 18:38:00,2024-07-02 18:49:00
Stuttgart Hbf,ICE 592,Hamburg-Altona,31,2024-07-02 19:22:00,False,ICE,5089820149948252230-2407021646,5,2024-07-02 18:43:00,2024-07-02 19:17:00,2024-07-02 18:51:00,2024-07-02 19:22:00
Stuttgart Hbf,ICE 512,Münster(Westf)Hbf,3,2024-07-02 19:54:00,False,ICE,7537395545451740415-2407021728,5,2024-07-02 19:45:00,2024-07-02 19:49:00,2024-07-02 19:51:00,2024-07-02 19:54:00
Stuttgart Hbf,ICE 1211,Innsbruck Hbf,23,2024-07-02 19:38:00,False,ICE,8560770616564367826-2407021316,11,2024-07-02 19:08:00,2024-07-02 19:33:00,2024-07-02 19:15:00,2024-07-02 19:38:00
Stuttgart Hbf,ICE 266,Basel SBB,21,2024-07-02 19:33:00,False,ICE,-2795453744905001153-2407021658,6,2024-07-02 19:02:00,2024-07-02 19:20:00,2024-07-02 19:12:00,2024-07-02 19:33:00
Stuttgart Hbf,ICE 1099,München Hbf,0,2024-07-02 19:58:00,True,ICE,-8959018065734509300-2407021819,6,2024-07-02 19:52:00,2024-07-02 19:52:00,2024-07-02 19:58:00,2024-07-02 19:58:00
Stuttgart Hbf,ICE 1013,München Hbf,15,2024-07-02 19:43:00,False,ICE,2333246513660073790-2407021550,10,2024-07-02 19:22:00,2024-07-02 19:38:00,2024-07-02 19:28:00,2024-07-02 19:43:00
Stuttgart Hbf,ICE 613,München Hbf,17,2024-07-02 20:31:00,False,ICE,5295243416856313869-2407021237,15,2024-07-02 20:08:00,2024-07-02 20:25:00,2024-07-02 20:14:00,2024-07-02 20:31:00
Stuttgart Hbf,ICE 910,Düsseldorf Hbf,3,2024-07-02 20:41:00,False,ICE,6195485783263057734-2407021828,5,2024-07-02 20:32:00,2024-07-02 20:36:00,2024-07-02 20:38:00,2024-07-02 20:41:00
Stuttgart Hbf,ICE 590,Frankfurt(Main)Hbf,7,2024-07-02 20:58:00,False,ICE,-7610672940066525446-2407021846,5,2024-07-02 20:43:00,2024-07-02 20:51:00,2024-07-02 20:51:00,2024-07-02 20:58:00
Stuttgart Hbf,ICE 693,München Hbf,7,2024-07-02 21:22:00,False,ICE,-1412524464226526551-2407021526,10,2024-07-02 21:08:00,2024-07-02 21:17:00,2024-07-02 21:15:00,2024-07-02 21:22:00
Stuttgart Hbf,ICE 1015,München Hbf,12,2024-07-02 21:40:00,False,ICE,-6727683722954373951-2407021750,10,2024-07-02 21:22:00,2024-07-02 21:34:00,2024-07-02 21:28:00,2024-07-02 21:40:00
Stuttgart Hbf,ICE 510,Hamburg-Altona,6,2024-07-02 21:57:00,False,ICE,8322424274180843926-2407021928,5,2024-07-02 21:45:00,2024-07-02 21:54:00,2024-07-02 21:51:00,2024-07-02 21:57:00
Stuttgart Hbf,ICE 560,Karlsruhe Hbf,16,2024-07-02 21:27:00,False,ICE,-1895474681646249837-2407021901,6,2024-07-02 21:03:00,2024-07-02 21:18:00,2024-07-02 21:11:00,2024-07-02 21:27:00
Stuttgart Hbf,ICE 615,München Hbf,18,2024-07-02 22:32:00,False,ICE,-5425302918995479956-2407021529,15,2024-07-02 22:08:00,2024-07-02 22:27:00,2024-07-02 22:14:00,2024-07-02 22:32:00
Stuttgart Hbf,ICE 990,Hamburg-Altona,2,2024-07-02 22:53:00,False,ICE,-2320340282101811304-2407022043,6,2024-07-02 22:43:00,2024-07-02 22:48:00,2024-07-02 22:51:00,2024-07-02 22:53:00
Stuttgart Hbf,ICE 617,München Hbf,29,2024-07-03 00:47:00,False,ICE,6194893901306646476-2407021729,17,2024-07-03 00:08:00,2024-07-03 00:42:00,2024-07-03 00:18:00,2024-07-03 00:47:00
Stuttgart Hbf,ICE 698,Berlin Hbf,4,2024-07-03 00:15:00,False,ICE,7108274583246193747-2407022151,5,2024-07-03 00:01:00,2024-07-03 00:11:00,2024-07-03 00:11:00,2024-07-03 00:15:00
Stuttgart Hbf,ICE 215,München Hbf,3,2024-07-03 02:13:00,False,ICE,-3639105195943060538-2407030017,3,2024-07-03 02:04:00,2024-07-03 02:06:00,2024-07-03 02:10:00,2024-07-03 02:13:00
Stuttgart Hbf,ICE 618,Kiel Hbf,3,2024-07-03 02:25:00,False,ICE,2686007473625185344-2407030001,6,2024-07-03 02:16:00,2024-07-03 02:20:00,2024-07-03 02:22:00,2024-07-03 02:25:00
Stuttgart Hbf,ICE 619,München Hbf,0,2024-07-03 03:39:00,False,ICE,7474414276230536927-2407021838,20,2024-07-03 03:33:00,2024-07-03 03:08:00,2024-07-03 03:39:00,2024-07-03 03:39:00
Stuttgart Hbf,ICE 699,München Hbf,-1,2024-07-03 05:11:00,False,ICE,-7138074359361066746-2407021919,16,2024-07-03 04:52:00,2024-07-03 04:46:00,2024-07-03 05:12:00,2024-07-03 05:11:00
Stuttgart Hbf,ICE 1061,München Hbf,1,2024-07-03 05:53:00,False,ICE,5427594935199921006-2407030453,5,2024-07-03 05:45:00,2024-07-03 05:45:00,2024-07-03 05:52:00,2024-07-03 05:53:00
Stuttgart Hbf,ICE 616,Hamburg-Altona,0,2024-07-03 05:51:00,False,ICE,-8624992757107064587-2407030332,5,2024-07-03 05:45:00,2024-07-03 05:44:00,2024-07-03 05:51:00,2024-07-03 05:51:00
Stuttgart Hbf,ICE 561,München Hbf,5,2024-07-03 06:55:00,False,ICE,-605877143281749034-2407030600,3,2024-07-03 06:44:00,2024-07-03 06:50:00,2024-07-03 06:50:00,2024-07-03 06:55:00
Stuttgart Hbf,ICE 911,München Hbf,5,2024-07-03 07:33:00,False,ICE,-5135229961965226618-2407030603,2,2024-07-03 07:20:00,2024-07-03 07:21:00,2024-07-03 07:28:00,2024-07-03 07:33:00
Stuttgart Hbf,ICE 1098,Frankfurt(Main)Hbf,2,2024-07-03 08:07:00,False,ICE,1402637927240724353-2407030544,6,2024-07-03 07:59:00,2024-07-03 08:02:00,2024-07-03 08:05:00,2024-07-03 08:07:00
Stuttgart Hbf,ICE 614,Hamburg-Altona,4,2024-07-03 07:55:00,False,ICE,67517114520381301-2407030532,5,2024-07-03 07:45:00,2024-07-03 07:50:00,2024-07-03 07:51:00,2024-07-03 07:55:00
Stuttgart Hbf,ICE 1068,Karlsruhe Hbf,2,2024-07-03 07:12:00,False,ICE,1847313071699172804-2407030500,5,2024-07-03 07:04:00,2024-07-03 07:07:00,2024-07-03 07:10:00,2024-07-03 07:12:00
Stuttgart Hbf,ICE 991,München Hbf,23,2024-07-03 07:38:00,False,ICE,4178793572863103484-2407030526,5,2024-07-03 07:07:00,2024-07-03 07:33:00,2024-07-03 07:15:00,2024-07-03 07:38:00
Stuttgart Hbf,ICE 692,Berlin Hbf,2,2024-07-03 08:53:00,False,ICE,-690776802853422910-2407030641,5,2024-07-03 08:44:00,2024-07-03 08:46:00,2024-07-03 08:51:00,2024-07-03 08:53:00
Stuttgart Hbf,ICE 1012,Dortmund Hbf,1,2024-07-03 08:40:00,False,ICE,-6324333303227400345-2407030626,5,2024-07-03 08:31:00,2024-07-03 08:35:00,2024-07-03 08:39:00,2024-07-03 08:40:00
Stuttgart Hbf,ICE 511,München Hbf,30,2024-07-03 08:44:00,False,ICE,7137833056273713088-2407030045,17,2024-07-03 08:08:00,2024-07-03 08:39:00,2024-07-03 08:14:00,2024-07-03 08:44:00
Stuttgart Hbf,ICE 267,München Hbf,10,2024-07-03 09:01:00,False,ICE,9036257144873715932-2407030550,11,2024-07-03 08:45:00,2024-07-03 08:53:00,2024-07-03 08:51:00,2024-07-03 09:01:00
Stuttgart Hbf,ICE 913,München Hbf,12,2024-07-03 09:40:00,False,ICE,-6165068286223376269-2407030547,10,2024-07-03 09:22:00,2024-07-03 09:35:00,2024-07-03 09:28:00,2024-07-03 09:40:00
Stuttgart Hbf,ICE 612,Kiel Hbf,0,2024-07-03 09:51:00,False,ICE,-7184453857839759572-2407030728,5,2024-07-03 09:45:00,2024-07-03 09:47:00,2024-07-03 09:51:00,2024-07-03 09:51:00
Stuttgart Hbf,ICE 591,München Hbf,18,2024-07-03 09:33:00,False,ICE,-9076044575966614071-2407030302,15,2024-07-03 09:08:00,2024-07-03 09:28:00,2024-07-03 09:15:00,2024-07-03 09:33:00
Stuttgart Hbf,ICE 513,München Hbf,7,2024-07-03 10:21:00,False,ICE,-1316725331766652964-2407030602,10,2024-07-03 10:08:00,2024-07-03 10:16:00,2024-07-03 10:14:00,2024-07-03 10:21:00
Stuttgart Hbf,ICE 563,München Hbf,4,2024-07-03 10:55:00,False,ICE,7515891464844108057-2407030827,6,2024-07-03 10:45:00,2024-07-03 10:50:00,2024-07-03 10:51:00,2024-07-03 10:55:00
Stuttgart Hbf,ICE 690,Berlin Gesundbrunnen,5,2024-07-03 10:56:00,False,ICE,-2543008509222161707-2407030846,5,2024-07-03 10:43:00,2024-07-03 10:47:00,2024-07-03 10:51:00,2024-07-03 10:56:00
Stuttgart Hbf,ICE 1010,Dortmund Hbf,12,2024-07-03 10:49:00,False,ICE,-1202781486977583710-2407030828,5,2024-07-03 10:31:00,2024-07-03 10:44:00,2024-07-03 10:37:00,2024-07-03 10:49:00
Stuttgart Hbf,ICE 610,Hamburg-Altona,0,2024-07-03 11:51:00,False,ICE,9011011619156863439-2407030927,5,2024-07-03 11:45:00,2024-07-03 11:43:00,2024-07-03 11:51:00,2024-07-03 11:51:00
Stuttgart Hbf,ICE 915,München Hbf,2,2024-07-03 11:30:00,False,ICE,400157404087783375-2407030751,10,2024-07-03 11:22:00,2024-07-03 11:23:00,2024-07-03 11:28:00,2024-07-03 11:30:00
Stuttgart Hbf,ICE 593,München Hbf,3,2024-07-03 11:18:00,False,ICE,2269193621654513451-2407030516,11,2024-07-03 11:08:00,2024-07-03 11:10:00,2024-07-03 11:15:00,2024-07-03 11:18:00
Stuttgart Hbf,ICE 1290,Frankfurt(Main)Hbf,13,2024-07-03 12:18:00,False,ICE,-9206844568518319678-2407030800,11,2024-07-03 11:59:00,2024-07-03 12:13:00,2024-07-03 12:05:00,2024-07-03 12:18:00
Stuttgart Hbf,ICE 115,Klagenfurt Hbf,31,2024-07-03 12:29:00,False,ICE,-1244506323428825924-2407030631,18,2024-07-03 11:53:00,2024-07-03 12:24:00,2024-07-03 11:58:00,2024-07-03 12:29:00
Stuttgart Hbf,ICE 568,Karlsruhe Hbf,1,2024-07-03 11:13:00,False,ICE,-5628776902806503379-2407030903,5,2024-07-03 11:02:00,2024-07-03 11:04:00,2024-07-03 11:12:00,2024-07-03 11:13:00
Stuttgart Hbf,ICE 1218,Berlin Gesundbrunnen,2,2024-07-03 12:53:00,False,ICE,8983673647294408675-2407030840,11,2024-07-03 12:43:00,2024-07-03 12:48:00,2024-07-03 12:51:00,2024-07-03 12:53:00
Stuttgart Hbf,ICE 918,Dortmund Hbf,0,2024-07-03 12:38:00,False,ICE,7844358081895785158-2407031030,4,2024-07-03 12:32:00,2024-07-03 12:31:00,2024-07-03 12:38:00,2024-07-03 12:38:00
Stuttgart Hbf,ICE 119,Innsbruck Hbf,28,2024-07-03 13:25:00,False,ICE,-5651847012247675964-2407030753,14,2024-07-03 12:48:00,2024-07-03 13:20:00,2024-07-03 12:57:00,2024-07-03 13:25:00
Stuttgart Hbf,ICE 515,München Hbf,109,2024-07-03 14:03:00,True,ICE,6512354943507599026-2407030529,15,2024-07-03 12:08:00,2024-07-03 13:58:00,2024-07-03 12:14:00,2024-07-03 14:03:00
Stuttgart Hbf,ICE 565,München Hbf,3,2024-07-03 12:54:00,False,ICE,3705893801311502416-2407031205,3,2024-07-03 12:45:00,2024-07-03 12:49:00,2024-07-03 12:51:00,2024-07-03 12:54:00
Stuttgart Hbf,ICE 917,München Hbf,29,2024-07-03 13:57:00,False,ICE,-1038875971032103661-2407031045,6,2024-07-03 13:20:00,2024-07-03 13:51:00,2024-07-03 13:28:00,2024-07-03 13:57:00
Stuttgart Hbf,ICE 595,München Hbf,16,2024-07-03 13:31:00,False,ICE,-2221597426497896240-2407030726,10,2024-07-03 13:08:00,2024-07-03 13:26:00,2024-07-03 13:15:00,2024-07-03 13:31:00
Stuttgart Hbf,ICE 566,Karlsruhe Hbf,2,2024-07-03 13:11:00,False,ICE,-4243685153474784824-2407031103,5,2024-07-03 13:02:00,2024-07-03 13:04:00,2024-07-03 13:09:00,2024-07-03 13:11:00
Stuttgart Hbf,ICE 518,Hamburg-Altona,1,2024-07-03 13:52:00,False,ICE,-6452407069337976676-2407031128,5,2024-07-03 13:45:00,2024-07-03 13:45:00,2024-07-03 13:51:00,2024-07-03 13:52:00
Stuttgart Hbf,ICE 517,München Hbf,33,2024-07-03 14:47:00,False,ICE,-4602427783665327588-2407030728,14,2024-07-03 14:08:00,2024-07-03 14:42:00,2024-07-03 14:14:00,2024-07-03 14:47:00
Stuttgart Hbf,ICE 567,München Hbf,5,2024-07-03 14:56:00,False,ICE,3762301582140299933-2407031405,3,2024-07-03 14:45:00,2024-07-03 14:47:00,2024-07-03 14:51:00,2024-07-03 14:56:00
Stuttgart Hbf,ICE 596,Berlin Gesundbrunnen,4,2024-07-03 14:55:00,False,ICE,4083739950560377043-2407031246,5,2024-07-03 14:43:00,2024-07-03 14:50:00,2024-07-03 14:51:00,2024-07-03 14:55:00
Stuttgart Hbf,ICE 118,Münster(Westf)Hbf,0,2024-07-03 15:12:00,False,ICE,-2026324236731915142-2407030854,20,2024-07-03 14:59:00,2024-07-03 15:01:00,2024-07-03 15:12:00,2024-07-03 15:12:00
Stuttgart Hbf,ICE 114,Dortmund Hbf,1,2024-07-03 16:08:00,False,ICE,-940035628142522529-2407030842,23,2024-07-03 15:59:00,2024-07-03 16:03:00,2024-07-03 16:07:00,2024-07-03 16:08:00
Stuttgart Hbf,ICE 117,Klagenfurt Hbf,1,2024-07-03 16:00:00,False,ICE,9042395260942796037-2407031420,6,2024-07-03 15:53:00,2024-07-03 15:55:00,2024-07-03 15:59:00,2024-07-03 16:00:00
Stuttgart Hbf,ICE 516,Hamburg-Altona,2,2024-07-03 15:53:00,False,ICE,6954924236955692259-2407031328,5,2024-07-03 15:45:00,2024-07-03 15:46:00,2024-07-03 15:51:00,2024-07-03 15:53:00
Stuttgart Hbf,ICE 564,Karlsruhe Hbf,2,2024-07-03 15:11:00,False,ICE,-1073960129091467682-2407031303,5,2024-07-03 15:02:00,2024-07-03 15:04:00,2024-07-03 15:09:00,2024-07-03 15:11:00
Stuttgart Hbf,ICE 597,München Hbf,19,2024-07-03 15:34:00,False,ICE,5254114651454294172-2407030915,11,2024-07-03 15:08:00,2024-07-03 15:29:00,2024-07-03 15:15:00,2024-07-03 15:34:00
Stuttgart Hbf,ICE 569,München Hbf,15,2024-07-03 17:06:00,False,ICE,-7759827436146803415-2407031605,3,2024-07-03 16:45:00,2024-07-03 16:50:00,2024-07-03 16:51:00,2024-07-03 17:06:00
Stuttgart Hbf,ICE 914,Dortmund Hbf,0,2024-07-03 16:37:00,False,ICE,-1253548023198098278-2407031428,5,2024-07-03 16:31:00,2024-07-03 16:30:00,2024-07-03 16:37:00,2024-07-03 16:37:00
Stuttgart Hbf,ICE 519,München Hbf,22,2024-07-03 16:36:00,False,ICE,-8471873024121272354-2407030929,16,2024-07-03 16:08:00,2024-07-03 16:25:00,2024-07-03 16:14:00,2024-07-03 16:36:00
Stuttgart Hbf,ICE 594,Berlin Gesundbrunnen,20,2024-07-03 17:11:00,False,ICE,1140779865956290650-2407031446,5,2024-07-03 16:43:00,2024-07-03 16:44:00,2024-07-03 16:51:00,2024-07-03 17:11:00
Stuttgart Hbf,ICE 1011,München Hbf,6,2024-07-03 17:34:00,False,ICE,8564432605510706771-2407031349,10,2024-07-03 17:21:00,2024-07-03 17:29:00,2024-07-03 17:28:00,2024-07-03 17:34:00
Stuttgart Hbf,ICE 562,Saarbrücken Hbf,2,2024-07-03 17:10:00,False,ICE,-6869650552962585885-2407031502,5,2024-07-03 17:02:00,2024-07-03 17:05:00,2024-07-03 17:08:00,2024-07-03 17:10:00
Stuttgart Hbf,ICE 599,München Hbf,4,2024-07-03 17:18:00,False,ICE,8059314318384301883-2407031126,10,2024-07-03 17:08:00,2024-07-03 17:13:00,2024-07-03 17:14:00,2024-07-03 17:18:00
Stuttgart Hbf,ICE 514,Hamburg-Altona,3,2024-07-03 17:54:00,False,ICE,-5040855886902453859-2407031528,5,2024-07-03 17:45:00,2024-07-03 17:48:00,2024-07-03 17:51:00,2024-07-03 17:54:00
Stuttgart Hbf,ICE 1069,München Hbf,2,2024-07-03 18:59:00,False,ICE,7280991471195430281-2407031805,3,2024-07-03 18:51:00,2024-07-03 18:50:00,2024-07-03 18:57:00,2024-07-03 18:59:00
Stuttgart Hbf,ICE 912,Dortmund Hbf,1,2024-07-03 18:39:00,False,ICE,-977669644680017628-2407031628,5,2024-07-03 18:32:00,2024-07-03 18:32:00,2024-07-03 18:38:00,2024-07-03 18:39:00
Stuttgart Hbf,ICE 611,München Hbf,25,2024-07-03 18:39:00,False,ICE,5653087570567167872-2407031129,15,2024-07-03 18:08:00,2024-07-03 18:34:00,2024-07-03 18:14:00,2024-07-03 18:39:00
Stuttgart Hbf,ICE 592,Hamburg-Altona,1,2024-07-03 18:52:00,False,ICE,5089820149948252230-2407031646,5,2024-07-03 18:43:00,2024-07-03 18:43:00,2024-07-03 18:51:00,2024-07-03 18:52:00
Stuttgart Hbf,ICE 1099,München Hbf,6,2024-07-03 20:04:00,False,ICE,-8959018065734509300-2407031819,6,2024-07-03 19:52:00,2024-07-03 19:59:00,2024-07-03 19:58:00,2024-07-03 20:04:00
Stuttgart Hbf,ICE 512,Münster(Westf)Hbf,11,2024-07-03 20:02:00,False,ICE,7537395545451740415-2407031728,5,2024-07-03 19:45:00,2024-07-03 19:46:00,2024-07-03 19:51:00,2024-07-03 20:02:00
Stuttgart Hbf,ICE 1211,Innsbruck Hbf,18,2024-07-03 19:33:00,False,ICE,8560770616564367826-2407031316,11,2024-07-03 19:08:00,2024-07-03 19:27:00,2024-07-03 19:15:00,2024-07-03 19:33:00
Stuttgart Hbf,ICE 266,Basel SBB,2,2024-07-03 19:14:00,False,ICE,-2795453744905001153-2407031658,6,2024-07-03 19:02:00,2024-07-03 19:04:00,2024-07-03 19:12:00,2024-07-03 19:14:00
Stuttgart Hbf,ICE 1013,München Hbf,3,2024-07-03 19:31:00,False,ICE,2333246513660073790-2407031550,10,2024-07-03 19:22:00,2024-07-03 19:24:00,2024-07-03 19:28:00,2024-07-03 19:31:00
Stuttgart Hbf,ICE 613,München Hbf,18,2024-07-03 20:32:00,False,ICE,5295243416856313869-2407031237,15,2024-07-03 20:08:00,2024-07-03 20:27:00,2024-07-03 20:14:00,2024-07-03 20:32:00
Stuttgart Hbf,ICE 910,Düsseldorf Hbf,3,2024-07-03 20:41:00,False,ICE,6195485783263057734-2407031828,5,2024-07-03 20:32:00,2024-07-03 20:35:00,2024-07-03 20:38:00,2024-07-03 20:41:00
Stuttgart Hbf,ICE 590,Frankfurt(Main)Hbf,0,2024-07-03 20:51:00,False,ICE,-7610672940066525446-2407031846,5,2024-07-03 20:43:00,2024-07-03 20:46:00,2024-07-03 20:51:00,2024-07-03 20:51:00
Stuttgart Hbf,ICE 1015,München Hbf,2,2024-07-03 21:30:00,False,ICE,-6727683722954373951-2407031750,10,2024-07-03 21:22:00,2024-07-03 21:22:00,2024-07-03 21:28:00,2024-07-03 21:30:00
Stuttgart Hbf,ICE 510,Hamburg-Altona,4,2024-07-03 21:55:00,False,ICE,8322424274180843926-2407031928,5,2024-07-03 21:45:00,2024-07-03 21:50:00,2024-07-03 21:51:00,2024-07-03 21:55:00
Stuttgart Hbf,ICE 560,Karlsruhe Hbf,1,2024-07-03 21:12:00,False,ICE,-1895474681646249837-2407031901,6,2024-07-03 21:03:00,2024-07-03 21:08:00,2024-07-03 21:11:00,2024-07-03 21:12:00
Stuttgart Hbf,ICE 693,München Hbf,4,2024-07-03 21:19:00,False,ICE,-1412524464226526551-2407031526,10,2024-07-03 21:08:00,2024-07-03 21:15:00,2024-07-03 21:15:00,2024-07-03 21:19:00
Stuttgart Hbf,ICE 615,München Hbf,23,2024-07-03 22:37:00,False,ICE,-5425302918995479956-2407031529,15,2024-07-03 22:08:00,2024-07-03 22:32:00,2024-07-03 22:14:00,2024-07-03 22:37:00
Stuttgart Hbf,ICE 990,Hamburg-Altona,2,2024-07-03 22:53:00,False,ICE,-2320340282101811304-2407032043,6,2024-07-03 22:43:00,2024-07-03 22:48:00,2024-07-03 22:51:00,2024-07-03 22:53:00
Stuttgart Hbf,ICE 698,Berlin Hbf,0,2024-07-04 00:11:00,False,ICE,7108274583246193747-2407032151,5,2024-07-04 00:01:00,2024-07-04 00:01:00,2024-07-04 00:11:00,2024-07-04 00:11:00
Stuttgart Hbf,ICE 617,München Hbf,13,2024-07-04 00:31:00,False,ICE,6194893901306646476-2407031729,17,2024-07-04 00:08:00,2024-07-04 00:26:00,2024-07-04 00:18:00,2024-07-04 00:31:00
Stuttgart Hbf,ICE 618,Kiel Hbf,16,2024-07-04 02:38:00,False,ICE,2686007473625185344-2407040001,5,2024-07-04 02:16:00,2024-07-04 02:33:00,2024-07-04 02:22:00,2024-07-04 02:38:00
Stuttgart Hbf,ICE 215,München Hbf,7,2024-07-04 02:17:00,False,ICE,-3639105195943060538-2407040017,3,2024-07-04 02:04:00,2024-07-04 02:09:00,2024-07-04 02:10:00,2024-07-04 02:17:00
Stuttgart Hbf,ICE 619,München Hbf,10,2024-07-04 03:49:00,False,ICE,7474414276230536927-2407031838,20,2024-07-04 03:33:00,2024-07-04 03:40:00,2024-07-04 03:39:00,2024-07-04 03:49:00
Stuttgart Hbf,ICE 699,München Hbf,0,2024-07-04 05:12:00,False,ICE,-7138074359361066746-2407031919,16,2024-07-04 04:52:00,2024-07-04 04:50:00,2024-07-04 05:12:00,2024-07-04 05:12:00
Stuttgart Hbf,ICE 1061,München Hbf,1,2024-07-04 05:53:00,False,ICE,5427594935199921006-2407040453,5,2024-07-04 05:45:00,2024-07-04 05:44:00,2024-07-04 05:52:00,2024-07-04 05:53:00
Stuttgart Hbf,ICE 616,Hamburg-Altona,1,2024-07-04 05:52:00,False,ICE,-8624992757107064587-2407040322,5,2024-07-04 05:45:00,2024-07-04 05:45:00,2024-07-04 05:51:00,2024-07-04 05:52:00
Stuttgart Hbf,ICE 561,München Hbf,20,2024-07-04 07:10:00,False,ICE,-605877143281749034-2407040600,3,2024-07-04 06:44:00,2024-07-04 07:09:00,2024-07-04 06:50:00,2024-07-04 07:10:00
Stuttgart Hbf,ICE 1098,Frankfurt(Main)Hbf,1,2024-07-04 08:06:00,False,ICE,1402637927240724353-2407040544,6,2024-07-04 07:59:00,2024-07-04 07:59:00,2024-07-04 08:05:00,2024-07-04 08:06:00
Stuttgart Hbf,ICE 911,München Hbf,4,2024-07-04 07:32:00,False,ICE,-5135229961965226618-2407040603,2,2024-07-04 07:20:00,2024-07-04 07:27:00,2024-07-04 07:28:00,2024-07-04 07:32:00
Stuttgart Hbf,ICE 1068,Karlsruhe Hbf,2,2024-07-04 07:12:00,False,ICE,1847313071699172804-2407040500,5,2024-07-04 07:04:00,2024-07-04 07:07:00,2024-07-04 07:10:00,2024-07-04 07:12:00
Stuttgart Hbf,ICE 614,Hamburg-Altona,2,2024-07-04 07:53:00,False,ICE,67517114520381301-2407040532,5,2024-07-04 07:45:00,2024-07-04 07:44:00,2024-07-04 07:51:00,2024-07-04 07:53:00
Stuttgart Hbf,ICE 991,München Hbf,3,2024-07-04 07:18:00,False,ICE,4178793572863103484-2407040526,5,2024-07-04 07:07:00,2024-07-04 07:13:00,2024-07-04 07:15:00,2024-07-04 07:18:00
Stuttgart Hbf,ICE 267,München Hbf,12,2024-07-04 09:03:00,False,ICE,9036257144873715932-2407040550,11,2024-07-04 08:45:00,2024-07-04 08:52:00,2024-07-04 08:51:00,2024-07-04 09:03:00
Stuttgart Hbf,ICE 692,Berlin Hbf,2,2024-07-04 08:53:00,False,ICE,-690776802853422910-2407040641,5,2024-07-04 08:44:00,2024-07-04 08:46:00,2024-07-04 08:51:00,2024-07-04 08:53:00
Stuttgart Hbf,ICE 511,München Hbf,3,2024-07-04 08:17:00,False,ICE,7137833056273713088-2407040045,17,2024-07-04 08:08:00,2024-07-04 08:12:00,2024-07-04 08:14:00,2024-07-04 08:17:00
Stuttgart Hbf,ICE 1012,Dortmund Hbf,1,2024-07-04 08:40:00,False,ICE,-6324333303227400345-2407040626,5,2024-07-04 08:31:00,2024-07-04 08:31:00,2024-07-04 08:39:00,2024-07-04 08:40:00
Stuttgart Hbf,ICE 612,Kiel Hbf,2,2024-07-04 09:53:00,False,ICE,-7184453857839759572-2407040728,5,2024-07-04 09:45:00,2024-07-04 09:48:00,2024-07-04 09:51:00,2024-07-04 09:53:00
Stuttgart Hbf,ICE 913,München Hbf,2,2024-07-04 09:30:00,False,ICE,-6165068286223376269-2407040547,10,2024-07-04 09:22:00,2024-07-04 09:23:00,2024-07-04 09:28:00,2024-07-04 09:30:00
Stuttgart Hbf,ICE 591,München Hbf,74,2024-07-04 10:29:00,False,ICE,-9076044575966614071-2407040302,15,2024-07-04 09:08:00,2024-07-04 09:52:00,2024-07-04 09:15:00,2024-07-04 10:29:00
Stuttgart Hbf,ICE 563,München Hbf,5,2024-07-04 10:56:00,False,ICE,7515891464844108057-2407040827,6,2024-07-04 10:45:00,2024-07-04 10:51:00,2024-07-04 10:51:00,2024-07-04 10:56:00
Stuttgart Hbf,ICE 690,Berlin Gesundbrunnen,1,2024-07-04 10:52:00,False,ICE,-2543008509222161707-2407040846,5,2024-07-04 10:43:00,2024-07-04 10:47:00,2024-07-04 10:51:00,2024-07-04 10:52:00
Stuttgart Hbf,ICE 1010,Dortmund Hbf,6,2024-07-04 10:43:00,False,ICE,-1202781486977583710-2407040828,5,2024-07-04 10:31:00,2024-07-04 10:38:00,2024-07-04 10:37:00,2024-07-04 10:43:00
Stuttgart Hbf,ICE 513,München Hbf,7,2024-07-04 10:21:00,False,ICE,-1316725331766652964-2407040602,10,2024-07-04 10:08:00,2024-07-04 10:16:00,2024-07-04 10:14:00,2024-07-04 10:21:00
Stuttgart Hbf,ICE 915,München Hbf,3,2024-07-04 11:31:00,False,ICE,400157404087783375-2407040751,10,2024-07-04 11:22:00,2024-07-04 11:26:00,2024-07-04 11:28:00,2024-07-04 11:31:00
Stuttgart Hbf,ICE 610,Hamburg-Altona,7,2024-07-04 11:58:00,False,ICE,9011011619156863439-2407040927,5,2024-07-04 11:45:00,2024-07-04 11:53:00,2024-07-04 11:51:00,2024-07-04 11:58:00
Stuttgart Hbf,ICE 568,Karlsruhe Hbf,29,2024-07-04 11:41:00,False,ICE,-5628776902806503379-2407040903,5,2024-07-04 11:02:00,2024-07-04 11:36:00,2024-07-04 11:12:00,2024-07-04 11:41:00
Stuttgart Hbf,ICE 593,München Hbf,28,2024-07-04 11:43:00,False,ICE,2269193621654513451-2407040516,11,2024-07-04 11:08:00,2024-07-04 11:38:00,2024-07-04 11:15:00,2024-07-04 11:43:00
Stuttgart Hbf,ICE 1290,Frankfurt(Main)Hbf,28,2024-07-04 12:33:00,False,ICE,-9206844568518319678-2407040800,11,2024-07-04 11:59:00,2024-07-04 12:28:00,2024-07-04 12:05:00,2024-07-04 12:33:00
Stuttgart Hbf,ICE 115,Klagenfurt Hbf,11,2024-07-04 12:09:00,False,ICE,-1244506323428825924-2407040631,18,2024-07-04 11:53:00,2024-07-04 12:03:00,2024-07-04 11:58:00,2024-07-04 12:09:00
Stuttgart Hbf,ICE 918,Dortmund Hbf,56,2024-07-04 13:34:00,False,ICE,7844358081895785158-2407041030,4,2024-07-04 12:32:00,2024-07-04 13:28:00,2024-07-04 12:38:00,2024-07-04 13:34:00
Stuttgart Hbf,ICE 1218,Berlin Gesundbrunnen,28,2024-07-04 13:19:00,False,ICE,8983673647294408675-2407040840,11,2024-07-04 12:43:00,2024-07-04 13:14:00,2024-07-04 12:51:00,2024-07-04 13:19:00
Stuttgart Hbf,ICE 515,München Hbf,106,2024-07-04 14:00:00,True,ICE,6512354943507599026-2407040529,15,2024-07-04 12:08:00,2024-07-04 13:55:00,2024-07-04 12:14:00,2024-07-04 14:00:00
Stuttgart Hbf,ICE 565,München Hbf,2,2024-07-04 12:53:00,False,ICE,3705893801311502416-2407041205,3,2024-07-04 12:45:00,2024-07-04 12:46:00,2024-07-04 12:51:00,2024-07-04 12:53:00
Stuttgart Hbf,ICE 119,Innsbruck Hbf,2,2024-07-04 12:59:00,False,ICE,-5651847012247675964-2407040753,14,2024-07-04 12:48:00,2024-07-04 12:54:00,2024-07-04 12:57:00,2024-07-04 12:59:00
Stuttgart Hbf,ICE 566,Karlsruhe Hbf,38,2024-07-04 13:47:00,False,ICE,-4243685153474784824-2407041103,5,2024-07-04 13:02:00,2024-07-04 13:41:00,2024-07-04 13:09:00,2024-07-04 13:47:00
Stuttgart Hbf,ICE 917,München Hbf,19,2024-07-04 13:47:00,False,ICE,-1038875971032103661-2407041045,6,2024-07-04 13:20:00,2024-07-04 13:42:00,2024-07-04 13:28:00,2024-07-04 13:47:00
Stuttgart Hbf,ICE 595,München Hbf,8,2024-07-04 13:23:00,False,ICE,-2221597426497896240-2407040726,10,2024-07-04 13:08:00,2024-07-04 13:18:00,2024-07-04 13:15:00,2024-07-04 13:23:00
Stuttgart Hbf,ICE 518,Hamburg-Altona,12,2024-07-04 14:03:00,False,ICE,-6452407069337976676-2407041128,5,2024-07-04 13:45:00,2024-07-04 13:59:00,2024-07-04 13:51:00,2024-07-04 14:03:00
Stuttgart Hbf,ICE 567,München Hbf,1,2024-07-04 14:52:00,False,ICE,3762301582140299933-2407041405,3,2024-07-04 14:45:00,2024-07-04 14:45:00,2024-07-04 14:51:00,2024-07-04 14:52:00
Stuttgart Hbf,ICE 596,Berlin Gesundbrunnen,32,2024-07-04 15:23:00,False,ICE,4083739950560377043-2407041246,5,2024-07-04 14:43:00,2024-07-04 15:12:00,2024-07-04 14:51:00,2024-07-04 15:23:00
Stuttgart Hbf,ICE 517,München Hbf,23,2024-07-04 14:37:00,False,ICE,-4602427783665327588-2407040728,14,2024-07-04 14:08:00,2024-07-04 14:32:00,2024-07-04 14:14:00,2024-07-04 14:37:00
Stuttgart Hbf,ICE 118,Münster(Westf)Hbf,0,2024-07-04 15:12:00,False,ICE,-2026324236731915142-2407040854,20,2024-07-04 14:59:00,2024-07-04 15:03:00,2024-07-04 15:12:00,2024-07-04 15:12:00
Stuttgart Hbf,ICE 564,Karlsruhe Hbf,18,2024-07-04 15:27:00,False,ICE,-1073960129091467682-2407041303,5,2024-07-04 15:02:00,2024-07-04 15:14:00,2024-07-04 15:09:00,2024-07-04 15:27:00
Stuttgart Hbf,ICE 117,Klagenfurt Hbf,9,2024-07-04 16:08:00,False,ICE,9042395260942796037-2407041420,6,2024-07-04 15:53:00,2024-07-04 15:59:00,2024-07-04 15:59:00,2024-07-04 16:08:00
Stuttgart Hbf,ICE 114,Dortmund Hbf,33,2024-07-04 16:40:00,False,ICE,-940035628142522529-2407040842,23,2024-07-04 15:59:00,2024-07-04 16:36:00,2024-07-04 16:07:00,2024-07-04 16:40:00
Stuttgart Hbf,ICE 597,München Hbf,19,2024-07-04 15:34:00,False,ICE,5254114651454294172-2407040915,11,2024-07-04 15:08:00,2024-07-04 15:29:00,2024-07-04 15:15:00,2024-07-04 15:34:00
Stuttgart Hbf,ICE 516,Hamburg-Altona,42,2024-07-04 16:33:00,False,ICE,6954924236955692259-2407041328,5,2024-07-04 15:45:00,2024-07-04 16:28:00,2024-07-04 15:51:00,2024-07-04 16:33:00
Stuttgart Hbf,ICE 569,München Hbf,2,2024-07-04 16:53:00,False,ICE,-7759827436146803415-2407041605,3,2024-07-04 16:45:00,2024-07-04 16:46:00,2024-07-04 16:51:00,2024-07-04 16:53:00
Stuttgart Hbf,ICE 594,Berlin Gesundbrunnen,19,2024-07-04 17:10:00,False,ICE,1140779865956290650-2407041446,5,2024-07-04 16:43:00,2024-07-04 17:05:00,2024-07-04 16:51:00,2024-07-04 17:10:00
Stuttgart Hbf,ICE 519,München Hbf,74,2024-07-04 17:28:00,True,ICE,-8471873024121272354-2407040929,16,2024-07-04 16:08:00,2024-07-04 17:23:00,2024-07-04 16:14:00,2024-07-04 17:28:00
Stuttgart Hbf,ICE 914,Dortmund Hbf,37,2024-07-04 17:14:00,False,ICE,-1253548023198098278-2407041428,5,2024-07-04 16:31:00,2024-07-04 17:09:00,2024-07-04 16:37:00,2024-07-04 17:14:00
Stuttgart Hbf,ICE 1011,München Hbf,12,2024-07-04 17:40:00,False,ICE,8564432605510706771-2407041349,10,2024-07-04 17:21:00,2024-07-04 17:32:00,2024-07-04 17:28:00,2024-07-04 17:40:00
Stuttgart Hbf,ICE 562,Saarbrücken Hbf,19,2024-07-04 17:27:00,False,ICE,-6869650552962585885-2407041502,5,2024-07-04 17:02:00,2024-07-04 17:17:00,2024-07-04 17:08:00,2024-07-04 17:27:00
Stuttgart Hbf,ICE 599,München Hbf,0,2024-07-04 17:14:00,True,ICE,8059314318384301883-2407041126,10,2024-07-04 17:08:00,2024-07-04 17:37:00,2024-07-04 17:14:00,2024-07-04 17:14:00
Stuttgart Hbf,ICE 514,Hamburg-Altona,17,2024-07-04 18:08:00,True,ICE,-5040855886902453859-2407041528,5,2024-07-04 17:45:00,2024-07-04 17:45:00,2024-07-04 17:51:00,2024-07-04 18:08:00
Stuttgart Hbf,ICE 1069,München Hbf,2,2024-07-04 18:59:00,False,ICE,7280991471195430281-2407041805,3,2024-07-04 18:51:00,2024-07-04 18:52:00,2024-07-04 18:57:00,2024-07-04 18:59:00
Stuttgart Hbf,ICE 611,München Hbf,21,2024-07-04 18:35:00,False,ICE,5653087570567167872-2407041129,15,2024-07-04 18:08:00,2024-07-04 18:30:00,2024-07-04 18:14:00,2024-07-04 18:35:00
Stuttgart Hbf,ICE 912,Dortmund Hbf,1,2024-07-04 18:39:00,False,ICE,-977669644680017628-2407041628,5,2024-07-04 18:32:00,2024-07-04 18:32:00,2024-07-04 18:38:00,2024-07-04 18:39:00
Stuttgart Hbf,ICE 592,Hamburg-Altona,6,2024-07-04 18:57:00,False,ICE,5089820149948252230-2407041646,5,2024-07-04 18:43:00,2024-07-04 18:52:00,2024-07-04 18:51:00,2024-07-04 18:57:00
Stuttgart Hbf,ICE 512,Münster(Westf)Hbf,0,2024-07-04 19:51:00,False,ICE,7537395545451740415-2407041728,5,2024-07-04 19:45:00,2024-07-04 19:37:00,2024-07-04 19:51:00,2024-07-04 19:51:00
Stuttgart Hbf,ICE 1099,München Hbf,3,2024-07-04 20:01:00,False,ICE,-8959018065734509300-2407041819,6,2024-07-04 19:52:00,2024-07-04 19:54:00,2024-07-04 19:58:00,2024-07-04 20:01:00
Stuttgart Hbf,ICE 1013,München Hbf,10,2024-07-04 19:38:00,False,ICE,2333246513660073790-2407041550,10,2024-07-04 19:22:00,2024-07-04 19:33:00,2024-07-04 19:28:00,2024-07-04 19:38:00
Stuttgart Hbf,ICE 1211,Innsbruck Hbf,13,2024-07-04 19:28:00,False,ICE,8560770616564367826-2407041316,11,2024-07-04 19:08:00,2024-07-04 19:23:00,2024-07-04 19:15:00,2024-07-04 19:28:00
Stuttgart Hbf,ICE 266,Basel SBB,9,2024-07-04 19:21:00,False,ICE,-2795453744905001153-2407041658,6,2024-07-04 19:02:00,2024-07-04 19:16:00,2024-07-04 19:12:00,2024-07-04 19:21:00
Stuttgart Hbf,ICE 910,Düsseldorf Hbf,6,2024-07-04 20:44:00,False,ICE,6195485783263057734-2407041828,5,2024-07-04 20:32:00,2024-07-04 20:39:00,2024-07-04 20:38:00,2024-07-04 20:44:00
Stuttgart Hbf,ICE 590,Frankfurt(Main)Hbf,10,2024-07-04 21:01:00,False,ICE,-7610672940066525446-2407041846,5,2024-07-04 20:43:00,2024-07-04 20:56:00,2024-07-04 20:51:00,2024-07-04 21:01:00
Stuttgart Hbf,ICE 613,München Hbf,5,2024-07-04 20:19:00,False,ICE,5295243416856313869-2407041237,15,2024-07-04 20:08:00,2024-07-04 20:14:00,2024-07-04 20:14:00,2024-07-04 20:19:00
Stuttgart Hbf,ICE 560,Karlsruhe Hbf,17,2024-07-04 21:28:00,False,ICE,-1895474681646249837-2407041901,6,2024-07-04 21:03:00,2024-07-04 21:23:00,2024-07-04 21:11:00,2024-07-04 21:28:00
Stuttgart Hbf,ICE 693,München Hbf,52,2024-07-04 22:07:00,False,ICE,-1412524464226526551-2407041526,10,2024-07-04 21:08:00,2024-07-04 22:02:00,2024-07-04 21:15:00,2024-07-04 22:07:00
Stuttgart Hbf,ICE 510,Hamburg-Altona,15,2024-07-04 22:06:00,True,ICE,8322424274180843926-2407041928,5,2024-07-04 21:45:00,2024-07-04 21:45:00,2024-07-04 21:51:00,2024-07-04 22:06:00
Stuttgart Hbf,ICE 1015,München Hbf,34,2024-07-04 22:02:00,False,ICE,-6727683722954373951-2407041750,10,2024-07-04 21:22:00,2024-07-04 21:57:00,2024-07-04 21:28:00,2024-07-04 22:02:00
Stuttgart Hbf,ICE 615,München Hbf,21,2024-07-04 22:35:00,False,ICE,-5425302918995479956-2407041529,15,2024-07-04 22:08:00,2024-07-04 22:30:00,2024-07-04 22:14:00,2024-07-04 22:35:00
Stuttgart Hbf,ICE 990,Frankfurt(Main)Hbf,2,2024-07-04 22:53:00,False,ICE,-2320340282101811304-2407042043,6,2024-07-04 22:43:00,2024-07-04 22:44:00,2024-07-04 22:51:00,2024-07-04 22:53:00
Stuttgart Hbf,ICE 617,München Hbf,4,2024-07-05 00:22:00,False,ICE,6194893901306646476-2407041729,17,2024-07-05 00:08:00,2024-07-05 00:17:00,2024-07-05 00:18:00,2024-07-05 00:22:00
Stuttgart Hbf,ICE 698,Berlin Hbf,2,2024-07-05 00:13:00,False,ICE,7108274583246193747-2407042151,5,2024-07-05 00:01:00,2024-07-05 00:03:00,2024-07-05 00:11:00,2024-07-05 00:13:00
Stuttgart Hbf,ICE 215,München Hbf,2,2024-07-05 02:12:00,False,ICE,-3639105195943060538-2407050017,3,2024-07-05 02:04:00,2024-07-05 02:05:00,2024-07-05 02:10:00,2024-07-05 02:12:00
Stuttgart Hbf,ICE 618,Kiel Hbf,49,2024-07-05 03:11:00,False,ICE,2686007473625185344-2407050001,5,2024-07-05 02:16:00,2024-07-05 03:06:00,2024-07-05 02:22:00,2024-07-05 03:11:00
Stuttgart Hbf,ICE 619,München Hbf,0,2024-07-05 03:39:00,False,ICE,7474414276230536927-2407041838,20,2024-07-05 03:33:00,2024-07-05 03:30:00,2024-07-05 03:39:00,2024-07-05 03:39:00
Stuttgart Hbf,ICE 699,München Hbf,0,2024-07-05 05:12:00,False,ICE,-7138074359361066746-2407041919,16,2024-07-05 04:52:00,2024-07-05 04:53:00,2024-07-05 05:12:00,2024-07-05 05:12:00
Stuttgart Hbf,ICE 616,Hamburg-Altona,0,2024-07-05 05:51:00,False,ICE,-8624992757107064587-2407050322,5,2024-07-05 05:45:00,2024-07-05 05:35:00,2024-07-05 05:51:00,2024-07-05 05:51:00
Stuttgart Hbf,ICE 1061,München Hbf,0,2024-07-05 05:52:00,False,ICE,5427594935199921006-2407050453,5,2024-07-05 05:45:00,2024-07-05 05:41:00,2024-07-05 05:52:00,2024-07-05 05:52:00
Stuttgart Hbf,ICE 561,München Hbf,2,2024-07-05 06:52:00,False,ICE,-605877143281749034-2407050600,3,2024-07-05 06:44:00,2024-07-05 06:46:00,2024-07-05 06:50:00,2024-07-05 06:52:00
Stuttgart Hbf,ICE 614,Hamburg-Altona,3,2024-07-05 07:54:00,False,ICE,67517114520381301-2407050532,5,2024-07-05 07:45:00,2024-07-05 07:47:00,2024-07-05 07:51:00,2024-07-05 07:54:00
Stuttgart Hbf,ICE 911,München Hbf,10,2024-07-05 07:38:00,False,ICE,-5135229961965226618-2407050603,2,2024-07-05 07:20:00,2024-07-05 07:33:00,2024-07-05 07:28:00,2024-07-05 07:38:00
Stuttgart Hbf,ICE 1068,Karlsruhe Hbf,3,2024-07-05 07:13:00,False,ICE,1847313071699172804-2407050500,5,2024-07-05 07:04:00,2024-07-05 07:06:00,2024-07-05 07:10:00,2024-07-05 07:13:00
Stuttgart Hbf,ICE 991,München Hbf,1,2024-07-05 07:16:00,False,ICE,4178793572863103484-2407050526,5,2024-07-05 07:07:00,2024-07-05 07:11:00,2024-07-05 07:15:00,2024-07-05 07:16:00
Stuttgart Hbf,ICE 1098,Frankfurt(Main)Hbf,2,2024-07-05 08:07:00,True,ICE,1402637927240724353-2407050544,6,2024-07-05 07:59:00,2024-07-05 07:59:00,2024-07-05 08:05:00,2024-07-05 08:07:00
Stuttgart Hbf,ICE 511,München Hbf,2,2024-07-05 08:16:00,False,ICE,7137833056273713088-2407050045,17,2024-07-05 08:08:00,2024-07-05 08:09:00,2024-07-05 08:14:00,2024-07-05 08:16:00
Stuttgart Hbf,ICE 1012,Düsseldorf Hbf,12,2024-07-05 08:51:00,False,ICE,-6324333303227400345-2407050626,5,2024-07-05 08:31:00,2024-07-05 08:42:00,2024-07-05 08:39:00,2024-07-05 08:51:00
Stuttgart Hbf,ICE 267,München Hbf,13,2024-07-05 09:04:00,False,ICE,9036257144873715932-2407050550,11,2024-07-05 08:45:00,2024-07-05 08:59:00,2024-07-05 08:51:00,2024-07-05 09:04:00
Stuttgart Hbf,ICE 692,Berlin Hbf,11,2024-07-05 09:02:00,False,ICE,-690776802853422910-2407050641,5,2024-07-05 08:44:00,2024-07-05 08:57:00,2024-07-05 08:51:00,2024-07-05 09:02:00
Stuttgart Hbf,ICE 612,Kiel Hbf,5,2024-07-05 09:56:00,False,ICE,-7184453857839759572-2407050728,5,2024-07-05 09:45:00,2024-07-05 09:51:00,2024-07-05 09:51:00,2024-07-05 09:56:00
Stuttgart Hbf,ICE 913,München Hbf,4,2024-07-05 09:32:00,False,ICE,-6165068286223376269-2407050547,10,2024-07-05 09:22:00,2024-07-05 09:27:00,2024-07-05 09:28:00,2024-07-05 09:32:00
Stuttgart Hbf,ICE 591,München Hbf,12,2024-07-05 09:27:00,False,ICE,-9076044575966614071-2407050302,15,2024-07-05 09:08:00,2024-07-05 09:22:00,2024-07-05 09:15:00,2024-07-05 09:27:00
Stuttgart Hbf,ICE 563,München Hbf,3,2024-07-05 10:54:00,False,ICE,7515891464844108057-2407050827,6,2024-07-05 10:45:00,2024-07-05 10:48:00,2024-07-05 10:51:00,2024-07-05 10:54:00
Stuttgart Hbf,ICE 1010,Dortmund Hbf,7,2024-07-05 10:44:00,False,ICE,-1202781486977583710-2407050828,5,2024-07-05 10:31:00,2024-07-05 10:39:00,2024-07-05 10:37:00,2024-07-05 10:44:00
Stuttgart Hbf,ICE 513,München Hbf,7,2024-07-05 10:21:00,False,ICE,-1316725331766652964-2407050602,10,2024-07-05 10:08:00,2024-07-05 10:13:00,2024-07-05 10:14:00,2024-07-05 10:21:00
Stuttgart Hbf,ICE 690,Berlin Gesundbrunnen,15,2024-07-05 11:06:00,False,ICE,-2543008509222161707-2407050846,5,2024-07-05 10:43:00,2024-07-05 11:01:00,2024-07-05 10:51:00,2024-07-05 11:06:00
Stuttgart Hbf,ICE 1290,Frankfurt(Main)Hbf,32,2024-07-05 12:37:00,False,ICE,-9206844568518319678-2407050800,11,2024-07-05 11:59:00,2024-07-05 12:28:00,2024-07-05 12:05:00,2024-07-05 12:37:00
Stuttgart Hbf,ICE 915,München Hbf,2,2024-07-05 11:30:00,False,ICE,400157404087783375-2407050751,10,2024-07-05 11:22:00,2024-07-05 11:25:00,2024-07-05 11:28:00,2024-07-05 11:30:00
Stuttgart Hbf,ICE 610,Hamburg-Altona,21,2024-07-05 12:12:00,False,ICE,9011011619156863439-2407050927,5,2024-07-05 11:45:00,2024-07-05 12:07:00,2024-07-05 11:51:00,2024-07-05 12:12:00
Stuttgart Hbf,ICE 568,Karlsruhe Hbf,17,2024-07-05 11:29:00,False,ICE,-5628776902806503379-2407050903,5,2024-07-05 11:02:00,2024-07-05 11:19:00,2024-07-05 11:12:00,2024-07-05 11:29:00
Stuttgart Hbf,ICE 593,München Hbf,9,2024-07-05 11:24:00,False,ICE,2269193621654513451-2407050516,11,2024-07-05 11:08:00,2024-07-05 11:19:00,2024-07-05 11:15:00,2024-07-05 11:24:00
Stuttgart Hbf,ICE 115,Klagenfurt Hbf,15,2024-07-05 12:13:00,False,ICE,-1244506323428825924-2407050631,18,2024-07-05 11:53:00,2024-07-05 12:10:00,2024-07-05 11:58:00,2024-07-05 12:13:00
Stuttgart Hbf,ICE 1218,Berlin Gesundbrunnen,2,2024-07-05 12:53:00,False,ICE,8983673647294408675-2407050840,11,2024-07-05 12:43:00,2024-07-05 12:48:00,2024-07-05 12:51:00,2024-07-05 12:53:00
Stuttgart Hbf,ICE 918,Dortmund Hbf,5,2024-07-05 12:43:00,False,ICE,7844358081895785158-2407051030,4,2024-07-05 12:32:00,2024-07-05 12:30:00,2024-07-05 12:38:00,2024-07-05 12:43:00
Stuttgart Hbf,ICE 515,München Hbf,10,2024-07-05 12:24:00,False,ICE,6512354943507599026-2407050529,15,2024-07-05 12:08:00,2024-07-05 12:16:00,2024-07-05 12:14:00,2024-07-05 12:24:00
Stuttgart Hbf,ICE 565,München Hbf,8,2024-07-05 12:59:00,False,ICE,3705893801311502416-2407051205,3,2024-07-05 12:45:00,2024-07-05 12:51:00,2024-07-05 12:51:00,2024-07-05 12:59:00
Stuttgart Hbf,ICE 119,Innsbruck Hbf,2,2024-07-05 12:59:00,False,ICE,-5651847012247675964-2407050753,14,2024-07-05 12:48:00,2024-07-05 12:54:00,2024-07-05 12:57:00,2024-07-05 12:59:00
Stuttgart Hbf,ICE 566,Karlsruhe Hbf,3,2024-07-05 13:12:00,False,ICE,-4243685153474784824-2407051103,5,2024-07-05 13:02:00,2024-07-05 13:04:00,2024-07-05 13:09:00,2024-07-05 13:12:00
Stuttgart Hbf,ICE 518,Hamburg-Altona,4,2024-07-05 13:55:00,False,ICE,-6452407069337976676-2407051128,5,2024-07-05 13:45:00,2024-07-05 13:50:00,2024-07-05 13:51:00,2024-07-05 13:55:00
Stuttgart Hbf,ICE 917,München Hbf,5,2024-07-05 13:33:00,False,ICE,-1038875971032103661-2407051045,6,2024-07-05 13:20:00,2024-07-05 13:28:00,2024-07-05 13:28:00,2024-07-05 13:33:00
Stuttgart Hbf,ICE 595,München Hbf,13,2024-07-05 13:28:00,False,ICE,-2221597426497896240-2407050726,10,2024-07-05 13:08:00,2024-07-05 13:23:00,2024-07-05 13:15:00,2024-07-05 13:28:00
Stuttgart Hbf,ICE 517,München Hbf,6,2024-07-05 14:20:00,False,ICE,-4602427783665327588-2407050728,14,2024-07-05 14:08:00,2024-07-05 14:15:00,2024-07-05 14:14:00,2024-07-05 14:20:00
Stuttgart Hbf,ICE 118,Münster(Westf)Hbf,4,2024-07-05 15:16:00,False,ICE,-2026324236731915142-2407050854,20,2024-07-05 14:59:00,2024-07-05 15:05:00,2024-07-05 15:12:00,2024-07-05 15:16:00
Stuttgart Hbf,ICE 596,Berlin Gesundbrunnen,0,2024-07-05 14:51:00,False,ICE,4083739950560377043-2407051246,5,2024-07-05 14:43:00,2024-07-05 14:46:00,2024-07-05 14:51:00,2024-07-05 14:51:00
Stuttgart Hbf,ICE 567,München Hbf,8,2024-07-05 14:59:00,False,ICE,3762301582140299933-2407051405,3,2024-07-05 14:45:00,2024-07-05 14:54:00,2024-07-05 14:51:00,2024-07-05 14:59:00
Stuttgart Hbf,ICE 114,Dortmund Hbf,3,2024-07-05 16:10:00,False,ICE,-940035628142522529-2407050842,23,2024-07-05 15:59:00,2024-07-05 16:05:00,2024-07-05 16:07:00,2024-07-05 16:10:00
Stuttgart Hbf,ICE 597,München Hbf,8,2024-07-05 15:23:00,False,ICE,5254114651454294172-2407050915,11,2024-07-05 15:08:00,2024-07-05 15:17:00,2024-07-05 15:15:00,2024-07-05 15:23:00
Stuttgart Hbf,ICE 117,Klagenfurt Hbf,3,2024-07-05 16:02:00,False,ICE,9042395260942796037-2407051420,6,2024-07-05 15:53:00,2024-07-05 15:55:00,2024-07-05 15:59:00,2024-07-05 16:02:00
Stuttgart Hbf,ICE 564,Karlsruhe Hbf,7,2024-07-05 15:16:00,False,ICE,-1073960129091467682-2407051303,5,2024-07-05 15:02:00,2024-07-05 15:11:00,2024-07-05 15:09:00,2024-07-05 15:16:00
Stuttgart Hbf,ICE 516,Hamburg-Altona,12,2024-07-05 16:03:00,False,ICE,6954924236955692259-2407051328,5,2024-07-05 15:45:00,2024-07-05 15:46:00,2024-07-05 15:51:00,2024-07-05 16:03:00
Stuttgart Hbf,ICE 914,Dortmund Hbf,15,2024-07-05 16:52:00,False,ICE,-1253548023198098278-2407051428,5,2024-07-05 16:31:00,2024-07-05 16:41:00,2024-07-05 16:37:00,2024-07-05 16:52:00
Stuttgart Hbf,ICE 594,Berlin Hbf,11,2024-07-05 17:02:00,False,ICE,1140779865956290650-2407051446,5,2024-07-05 16:43:00,2024-07-05 16:57:00,2024-07-05 16:51:00,2024-07-05 17:02:00
Stuttgart Hbf,ICE 519,München Hbf,25,2024-07-05 16:39:00,False,ICE,-8471873024121272354-2407050929,16,2024-07-05 16:08:00,2024-07-05 16:28:00,2024-07-05 16:14:00,2024-07-05 16:39:00
Stuttgart Hbf,ICE 569,München Hbf,54,2024-07-05 17:45:00,False,ICE,-7759827436146803415-2407051605,3,2024-07-05 16:45:00,2024-07-05 16:49:00,2024-07-05 16:51:00,2024-07-05 17:45:00
Stuttgart Hbf,ICE 1944,Karlsruhe Hbf,31,2024-07-05 17:11:00,False,ICE,4820257442951435191-2407050510,28,2024-07-05 16:22:00,2024-07-05 17:00:00,2024-07-05 16:40:00,2024-07-05 17:11:00
Stuttgart Hbf,ICE 1011,München Hbf,17,2024-07-05 17:45:00,False,ICE,-2603312626651473862-2407051445,6,2024-07-05 17:21:00,2024-07-05 17:31:00,2024-07-05 17:28:00,2024-07-05 17:45:00
Stuttgart Hbf,ICE 514,Hamburg-Altona,17,2024-07-05 18:08:00,False,ICE,-5040855886902453859-2407051528,5,2024-07-05 17:45:00,2024-07-05 17:59:00,2024-07-05 17:51:00,2024-07-05 18:08:00
Stuttgart Hbf,ICE 599,München Hbf,21,2024-07-05 17:35:00,False,ICE,8059314318384301883-2407051126,10,2024-07-05 17:08:00,2024-07-05 17:48:00,2024-07-05 17:14:00,2024-07-05 17:35:00
Stuttgart Hbf,ICE 562,Saarbrücken Hbf,18,2024-07-05 17:26:00,False,ICE,-6869650552962585885-2407051502,5,2024-07-05 17:02:00,2024-07-05 17:21:00,2024-07-05 17:08:00,2024-07-05 17:26:00
Stuttgart Hbf,ICE 592,Hamburg-Altona,16,2024-07-05 19:07:00,False,ICE,5089820149948252230-2407051646,5,2024-07-05 18:43:00,2024-07-05 19:02:00,2024-07-05 18:51:00,2024-07-05 19:07:00
Stuttgart Hbf,ICE 912,Dortmund Hbf,13,2024-07-05 18:51:00,False,ICE,-977669644680017628-2407051628,5,2024-07-05 18:32:00,2024-07-05 18:46:00,2024-07-05 18:38:00,2024-07-05 18:51:00
Stuttgart Hbf,ICE 1069,München Hbf,26,2024-07-05 19:23:00,False,ICE,7280991471195430281-2407051805,3,2024-07-05 18:51:00,2024-07-05 19:18:00,2024-07-05 18:57:00,2024-07-05 19:23:00
Stuttgart Hbf,ICE 611,München Hbf,34,2024-07-05 18:48:00,False,ICE,5653087570567167872-2407051129,15,2024-07-05 18:08:00,2024-07-05 18:40:00,2024-07-05 18:14:00,2024-07-05 18:48:00
Stuttgart Hbf,ICE 1013,München Hbf,17,2024-07-05 19:45:00,False,ICE,2333246513660073790-2407051550,10,2024-07-05 19:22:00,2024-07-05 19:40:00,2024-07-05 19:28:00,2024-07-05 19:45:00
Stuttgart Hbf,ICE 512,Münster(Westf)Hbf,0,2024-07-05 19:51:00,False,ICE,7537395545451740415-2407051728,5,2024-07-05 19:45:00,2024-07-05 19:44:00,2024-07-05 19:51:00,2024-07-05 19:51:00
Stuttgart Hbf,ICE 266,Basel SBB,0,2024-07-05 19:12:00,False,ICE,-2795453744905001153-2407051658,6,2024-07-05 19:02:00,2024-07-05 19:05:00,2024-07-05 19:12:00,2024-07-05 19:12:00
Stuttgart Hbf,ICE 1099,München Hbf,1,2024-07-05 19:59:00,False,ICE,-8959018065734509300-2407051819,6,2024-07-05 19:52:00,2024-07-05 19:55:00,2024-07-05 19:58:00,2024-07-05 19:59:00
Stuttgart Hbf,ICE 1211,Innsbruck Hbf,15,2024-07-05 19:30:00,False,ICE,8560770616564367826-2407051316,11,2024-07-05 19:08:00,2024-07-05 19:25:00,2024-07-05 19:15:00,2024-07-05 19:30:00
Stuttgart Hbf,ICE 613,München Hbf,28,2024-07-05 20:42:00,False,ICE,5295243416856313869-2407051237,15,2024-07-05 20:08:00,2024-07-05 20:37:00,2024-07-05 20:14:00,2024-07-05 20:42:00
Stuttgart Hbf,ICE 910,Düsseldorf Hbf,5,2024-07-05 20:43:00,False,ICE,6195485783263057734-2407051828,5,2024-07-05 20:32:00,2024-07-05 20:38:00,2024-07-05 20:38:00,2024-07-05 20:43:00
Stuttgart Hbf,ICE 590,Frankfurt(Main)Hbf,5,2024-07-05 20:56:00,False,ICE,-7610672940066525446-2407051846,5,2024-07-05 20:43:00,2024-07-05 20:52:00,2024-07-05 20:51:00,2024-07-05 20:56:00
Stuttgart Hbf,ICE 1015,München Hbf,11,2024-07-05 21:39:00,False,ICE,-6727683722954373951-2407051750,10,2024-07-05 21:22:00,2024-07-05 21:34:00,2024-07-05 21:28:00,2024-07-05 21:39:00
Stuttgart Hbf,ICE 693,München Hbf,28,2024-07-05 21:43:00,True,ICE,-1412524464226526551-2407051526,10,2024-07-05 21:08:00,2024-07-05 21:38:00,2024-07-05 21:15:00,2024-07-05 21:43:00
Stuttgart Hbf,ICE 510,Hamburg-Altona,17,2024-07-05 22:08:00,False,ICE,8322424274180843926-2407051928,5,2024-07-05 21:45:00,2024-07-05 21:48:00,2024-07-05 21:51:00,2024-07-05 22:08:00
Stuttgart Hbf,ICE 560,Karlsruhe Hbf,2,2024-07-05 21:13:00,False,ICE,-1895474681646249837-2407051901,6,2024-07-05 21:03:00,2024-07-05 21:04:00,2024-07-05 21:11:00,2024-07-05 21:13:00
Stuttgart Hbf,ICE 990,Hamburg-Altona,10,2024-07-05 23:01:00,False,ICE,-2320340282101811304-2407052043,6,2024-07-05 22:43:00,2024-07-05 22:53:00,2024-07-05 22:51:00,2024-07-05 23:01:00
Stuttgart Hbf,ICE 615,München Hbf,3,2024-07-05 22:17:00,False,ICE,-5425302918995479956-2407051529,15,2024-07-05 22:08:00,2024-07-05 22:12:00,2024-07-05 22:14:00,2024-07-05 22:17:00
Stuttgart Hbf,ICE 695,München Hbf,3,2024-07-05 23:18:00,False,ICE,6202916625163174173-2407051726,10,2024-07-05 23:08:00,2024-07-05 23:13:00,2024-07-05 23:15:00,2024-07-05 23:18:00
Stuttgart Hbf,ICE 617,München Hbf,34,2024-07-06 00:52:00,False,ICE,6194893901306646476-2407051729,17,2024-07-06 00:08:00,2024-07-06 00:47:00,2024-07-06 00:18:00,2024-07-06 00:52:00
Stuttgart Hbf,ICE 698,Berlin Hbf,0,2024-07-06 00:11:00,False,ICE,7108274583246193747-2407052151,5,2024-07-06 00:01:00,2024-07-06 00:01:00,2024-07-06 00:11:00,2024-07-06 00:11:00
Stuttgart Hbf,ICE 215,München Hbf,3,2024-07-06 02:13:00,False,ICE,-3639105195943060538-2407060017,3,2024-07-06 02:04:00,2024-07-06 02:06:00,2024-07-06 02:10:00,2024-07-06 02:13:00
Stuttgart Hbf,ICE 618,Kiel Hbf,0,2024-07-06 02:22:00,False,ICE,2686007473625185344-2407060001,5,2024-07-06 02:16:00,2024-07-06 02:14:00,2024-07-06 02:22:00,2024-07-06 02:22:00
Stuttgart Hbf,ICE 1017,München Hbf,2,2024-07-06 03:20:00,False,ICE,-8865138777081149183-2407052352,6,2024-07-06 03:12:00,2024-07-06 03:13:00,2024-07-06 03:18:00,2024-07-06 03:20:00
Stuttgart Hbf,ICE 619,München Hbf,2,2024-07-06 03:41:00,False,ICE,7474414276230536927-2407051838,20,2024-07-06 03:33:00,2024-07-06 03:34:00,2024-07-06 03:39:00,2024-07-06 03:41:00
Stuttgart Hbf,ICE 699,München Hbf,0,2024-07-06 05:12:00,False,ICE,-7138074359361066746-2407051919,16,2024-07-06 04:52:00,2024-07-06 04:46:00,2024-07-06 05:12:00,2024-07-06 05:12:00
Stuttgart Hbf,ICE 616,Hamburg-Altona,4,2024-07-06 05:55:00,False,ICE,-8624992757107064587-2407060322,5,2024-07-06 05:45:00,2024-07-06 05:40:00,2024-07-06 05:51:00,2024-07-06 05:55:00
Stuttgart Hbf,ICE 1098,Frankfurt(Main)Hbf,1,2024-07-06 08:06:00,False,ICE,1402637927240724353-2407060544,6,2024-07-06 07:59:00,2024-07-06 07:59:00,2024-07-06 08:05:00,2024-07-06 08:06:00
Stuttgart Hbf,ICE 911,München Hbf,13,2024-07-06 07:41:00,False,ICE,-5135229961965226618-2407060603,2,2024-07-06 07:20:00,2024-07-06 07:28:00,2024-07-06 07:28:00,2024-07-06 07:41:00
Stuttgart Hbf,ICE 1068,Karlsruhe Hbf,0,2024-07-06 07:10:00,False,ICE,1847313071699172804-2407060500,5,2024-07-06 07:04:00,2024-07-06 07:06:00,2024-07-06 07:10:00,2024-07-06 07:10:00
Stuttgart Hbf,ICE 614,Hamburg-Altona,2,2024-07-06 07:53:00,False,ICE,67517114520381301-2407060532,5,2024-07-06 07:45:00,2024-07-06 07:42:00,2024-07-06 07:51:00,2024-07-06 07:53:00
Stuttgart Hbf,ICE 991,München Hbf,2,2024-07-06 07:17:00,False,ICE,4178793572863103484-2407060526,5,2024-07-06 07:07:00,2024-07-06 07:08:00,2024-07-06 07:15:00,2024-07-06 07:17:00
Stuttgart Hbf,ICE 692,Berlin Hbf,5,2024-07-06 08:56:00,False,ICE,-690776802853422910-2407060641,5,2024-07-06 08:44:00,2024-07-06 08:51:00,2024-07-06 08:51:00,2024-07-06 08:56:00
Stuttgart Hbf,ICE 267,München Hbf,10,2024-07-06 09:01:00,False,ICE,9036257144873715932-2407060550,11,2024-07-06 08:45:00,2024-07-06 08:56:00,2024-07-06 08:51:00,2024-07-06 09:01:00
Stuttgart Hbf,ICE 1012,Dortmund Hbf,8,2024-07-06 08:47:00,False,ICE,-6324333303227400345-2407060626,5,2024-07-06 08:31:00,2024-07-06 08:35:00,2024-07-06 08:39:00,2024-07-06 08:47:00
Stuttgart Hbf,ICE 511,München Hbf,90,2024-07-06 09:44:00,True,ICE,7137833056273713088-2407060045,17,2024-07-06 08:08:00,2024-07-06 09:36:00,2024-07-06 08:14:00,2024-07-06 09:44:00
Stuttgart Hbf,ICE 612,Kiel Hbf,4,2024-07-06 09:55:00,False,ICE,-7184453857839759572-2407060728,5,2024-07-06 09:45:00,2024-07-06 09:50:00,2024-07-06 09:51:00,2024-07-06 09:55:00
Stuttgart Hbf,ICE 913,München Hbf,2,2024-07-06 09:30:00,False,ICE,-6165068286223376269-2407060547,10,2024-07-06 09:22:00,2024-07-06 09:23:00,2024-07-06 09:28:00,2024-07-06 09:30:00
Stuttgart Hbf,ICE 591,München Hbf,2,2024-07-06 09:17:00,False,ICE,-9076044575966614071-2407060302,15,2024-07-06 09:08:00,2024-07-06 09:12:00,2024-07-06 09:15:00,2024-07-06 09:17:00
Stuttgart Hbf,ICE 690,Berlin Gesundbrunnen,31,2024-07-06 11:22:00,False,ICE,-2543008509222161707-2407060846,5,2024-07-06 10:43:00,2024-07-06 11:17:00,2024-07-06 10:51:00,2024-07-06 11:22:00
Stuttgart Hbf,ICE 513,München Hbf,12,2024-07-06 10:26:00,False,ICE,-1316725331766652964-2407060602,10,2024-07-06 10:08:00,2024-07-06 10:21:00,2024-07-06 10:14:00,2024-07-06 10:26:00
Stuttgart Hbf,ICE 1010,Dortmund Hbf,3,2024-07-06 10:40:00,False,ICE,-1202781486977583710-2407060828,5,2024-07-06 10:31:00,2024-07-06 10:35:00,2024-07-06 10:37:00,2024-07-06 10:40:00
Stuttgart Hbf,ICE 563,München Hbf,2,2024-07-06 10:53:00,False,ICE,7515891464844108057-2407060827,6,2024-07-06 10:45:00,2024-07-06 10:47:00,2024-07-06 10:51:00,2024-07-06 10:53:00
Stuttgart Hbf,ICE 915,München Hbf,15,2024-07-06 11:43:00,False,ICE,400157404087783375-2407060751,10,2024-07-06 11:22:00,2024-07-06 11:38:00,2024-07-06 11:28:00,2024-07-06 11:43:00
Stuttgart Hbf,ICE 593,München Hbf,16,2024-07-06 11:31:00,False,ICE,2269193621654513451-2407060516,11,2024-07-06 11:08:00,2024-07-06 11:26:00,2024-07-06 11:15:00,2024-07-06 11:31:00
Stuttgart Hbf,ICE 568,Karlsruhe Hbf,2,2024-07-06 11:14:00,False,ICE,-5628776902806503379-2407060903,5,2024-07-06 11:02:00,2024-07-06 11:06:00,2024-07-06 11:12:00,2024-07-06 11:14:00
Stuttgart Hbf,ICE 610,Hamburg-Altona,1,2024-07-06 11:52:00,False,ICE,9011011619156863439-2407060927,5,2024-07-06 11:45:00,2024-07-06 11:45:00,2024-07-06 11:51:00,2024-07-06 11:52:00
Stuttgart Hbf,ICE 115,Klagenfurt Hbf,68,2024-07-06 13:06:00,False,ICE,-1244506323428825924-2407060631,18,2024-07-06 11:53:00,2024-07-06 13:01:00,2024-07-06 11:58:00,2024-07-06 13:06:00
Stuttgart Hbf,ICE 1290,Frankfurt(Main)Hbf,2,2024-07-06 12:07:00,False,ICE,-9206844568518319678-2407060800,11,2024-07-06 11:59:00,2024-07-06 12:00:00,2024-07-06 12:05:00,2024-07-06 12:07:00
Stuttgart Hbf,ICE 1218,Berlin Gesundbrunnen,1,2024-07-06 12:52:00,False,ICE,8983673647294408675-2407060840,11,2024-07-06 12:43:00,2024-07-06 12:47:00,2024-07-06 12:51:00,2024-07-06 12:52:00
Stuttgart Hbf,ICE 918,Dortmund Hbf,4,2024-07-06 12:42:00,False,ICE,7844358081895785158-2407061030,4,2024-07-06 12:32:00,2024-07-06 12:37:00,2024-07-06 12:38:00,2024-07-06 12:42:00
Stuttgart Hbf,ICE 119,Innsbruck Hbf,65,2024-07-06 14:02:00,False,ICE,-5651847012247675964-2407060753,14,2024-07-06 12:48:00,2024-07-06 13:57:00,2024-07-06 12:57:00,2024-07-06 14:02:00
Stuttgart Hbf,ICE 515,München Hbf,11,2024-07-06 12:25:00,False,ICE,6512354943507599026-2407060529,15,2024-07-06 12:08:00,2024-07-06 12:22:00,2024-07-06 12:14:00,2024-07-06 12:25:00
Stuttgart Hbf,ICE 565,München Hbf,2,2024-07-06 12:53:00,False,ICE,3705893801311502416-2407061205,3,2024-07-06 12:45:00,2024-07-06 12:46:00,2024-07-06 12:51:00,2024-07-06 12:53:00
Stuttgart Hbf,ICE 595,München Hbf,2,2024-07-06 13:17:00,False,ICE,-2221597426497896240-2407060726,10,2024-07-06 13:08:00,2024-07-06 13:12:00,2024-07-06 13:15:00,2024-07-06 13:17:00
Stuttgart Hbf,ICE 917,München Hbf,9,2024-07-06 13:37:00,False,ICE,-1038875971032103661-2407061045,6,2024-07-06 13:20:00,2024-07-06 13:32:00,2024-07-06 13:28:00,2024-07-06 13:37:00
Stuttgart Hbf,ICE 566,Karlsruhe Hbf,1,2024-07-06 13:10:00,False,ICE,-4243685153474784824-2407061103,5,2024-07-06 13:02:00,2024-07-06 13:05:00,2024-07-06 13:09:00,2024-07-06 13:10:00
Stuttgart Hbf,ICE 518,Hamburg-Altona,0,2024-07-06 13:51:00,False,ICE,-6452407069337976676-2407061128,5,2024-07-06 13:45:00,2024-07-06 13:44:00,2024-07-06 13:51:00,2024-07-06 13:51:00
Stuttgart Hbf,ICE 517,München Hbf,10,2024-07-06 14:24:00,False,ICE,-4602427783665327588-2407060728,14,2024-07-06 14:08:00,2024-07-06 14:19:00,2024-07-06 14:14:00,2024-07-06 14:24:00
Stuttgart Hbf,ICE 118,Münster(Westf)Hbf,0,2024-07-06 15:12:00,False,ICE,-2026324236731915142-2407060854,20,2024-07-06 14:59:00,2024-07-06 14:58:00,2024-07-06 15:12:00,2024-07-06 15:12:00
Stuttgart Hbf,ICE 567,München Hbf,0,2024-07-06 14:51:00,True,ICE,3762301582140299933-2407061405,3,2024-07-06 14:45:00,2024-07-06 14:45:00,2024-07-06 14:51:00,2024-07-06 14:51:00
Stuttgart Hbf,ICE 596,Berlin Gesundbrunnen,2,2024-07-06 14:53:00,False,ICE,4083739950560377043-2407061246,5,2024-07-06 14:43:00,2024-07-06 14:42:00,2024-07-06 14:51:00,2024-07-06 14:53:00
Stuttgart Hbf,ICE 117,Klagenfurt Hbf,4,2024-07-06 16:03:00,False,ICE,9042395260942796037-2407061420,6,2024-07-06 15:53:00,2024-07-06 15:58:00,2024-07-06 15:59:00,2024-07-06 16:03:00
Stuttgart Hbf,ICE 564,Karlsruhe Hbf,0,2024-07-06 15:09:00,False,ICE,-1073960129091467682-2407061303,5,2024-07-06 15:02:00,2024-07-06 15:01:00,2024-07-06 15:09:00,2024-07-06 15:09:00
Stuttgart Hbf,ICE 516,Hamburg-Altona,25,2024-07-06 16:16:00,False,ICE,6954924236955692259-2407061328,5,2024-07-06 15:45:00,2024-07-06 15:47:00,2024-07-06 15:51:00,2024-07-06 16:16:00
Stuttgart Hbf,ICE 597,München Hbf,11,2024-07-06 15:26:00,False,ICE,5254114651454294172-2407060915,11,2024-07-06 15:08:00,2024-07-06 15:21:00,2024-07-06 15:15:00,2024-07-06 15:26:00
Stuttgart Hbf,ICE 114,Dortmund Hbf,13,2024-07-06 16:20:00,False,ICE,-940035628142522529-2407060842,23,2024-07-06 15:59:00,2024-07-06 16:15:00,2024-07-06 16:07:00,2024-07-06 16:20:00
Stuttgart Hbf,ICE 569,München Hbf,2,2024-07-06 16:53:00,False,ICE,-7759827436146803415-2407061605,3,2024-07-06 16:45:00,2024-07-06 16:46:00,2024-07-06 16:51:00,2024-07-06 16:53:00
Stuttgart Hbf,ICE 914,Dortmund Hbf,14,2024-07-06 16:51:00,False,ICE,-1253548023198098278-2407061428,5,2024-07-06 16:31:00,2024-07-06 16:38:00,2024-07-06 16:37:00,2024-07-06 16:51:00
Stuttgart Hbf,ICE 519,München Hbf,11,2024-07-06 16:25:00,False,ICE,-8471873024121272354-2407060929,16,2024-07-06 16:08:00,2024-07-06 16:20:00,2024-07-06 16:14:00,2024-07-06 16:25:00
Stuttgart Hbf,ICE 594,Berlin Gesundbrunnen,3,2024-07-06 16:54:00,False,ICE,1140779865956290650-2407061446,5,2024-07-06 16:43:00,2024-07-06 16:44:00,2024-07-06 16:51:00,2024-07-06 16:54:00
Stuttgart Hbf,ICE 1011,München Hbf,3,2024-07-06 17:31:00,False,ICE,8564432605510706771-2407061349,10,2024-07-06 17:21:00,2024-07-06 17:26:00,2024-07-06 17:28:00,2024-07-06 17:31:00
Stuttgart Hbf,ICE 514,Hamburg-Altona,1,2024-07-06 17:52:00,False,ICE,-5040855886902453859-2407061528,5,2024-07-06 17:45:00,2024-07-06 17:46:00,2024-07-06 17:51:00,2024-07-06 17:52:00
Stuttgart Hbf,ICE 562,Saarbrücken Hbf,1,2024-07-06 17:09:00,False,ICE,-6869650552962585885-2407061502,5,2024-07-06 17:02:00,2024-07-06 17:02:00,2024-07-06 17:08:00,2024-07-06 17:09:00
Stuttgart Hbf,ICE 599,München Hbf,42,2024-07-06 17:56:00,False,ICE,8059314318384301883-2407061126,10,2024-07-06 17:08:00,2024-07-06 17:51:00,2024-07-06 17:14:00,2024-07-06 17:56:00
Stuttgart Hbf,ICE 611,München Hbf,2,2024-07-06 18:16:00,False,ICE,5653087570567167872-2407061129,15,2024-07-06 18:08:00,2024-07-06 18:11:00,2024-07-06 18:14:00,2024-07-06 18:16:00
Stuttgart Hbf,ICE 912,Dortmund Hbf,10,2024-07-06 18:48:00,False,ICE,-977669644680017628-2407061628,5,2024-07-06 18:32:00,2024-07-06 18:38:00,2024-07-06 18:38:00,2024-07-06 18:48:00
Stuttgart Hbf,ICE 1069,München Hbf,0,2024-07-06 18:57:00,False,ICE,7280991471195430281-2407061805,3,2024-07-06 18:51:00,2024-07-06 18:48:00,2024-07-06 18:57:00,2024-07-06 18:57:00
Stuttgart Hbf,ICE 592,Hamburg-Altona,6,2024-07-06 18:57:00,False,ICE,5089820149948252230-2407061646,5,2024-07-06 18:43:00,2024-07-06 18:52:00,2024-07-06 18:51:00,2024-07-06 18:57:00
Stuttgart Hbf,ICE 512,Münster(Westf)Hbf,0,2024-07-06 19:51:00,False,ICE,7537395545451740415-2407061728,5,2024-07-06 19:45:00,2024-07-06 19:36:00,2024-07-06 19:51:00,2024-07-06 19:51:00
Stuttgart Hbf,ICE 1013,München Hbf,16,2024-07-06 19:44:00,False,ICE,2333246513660073790-2407061550,10,2024-07-06 19:22:00,2024-07-06 19:37:00,2024-07-06 19:28:00,2024-07-06 19:44:00
Stuttgart Hbf,ICE 266,Karlsruhe Hbf,0,2024-07-06 19:12:00,False,ICE,-2795453744905001153-2407061658,6,2024-07-06 19:02:00,2024-07-06 19:01:00,2024-07-06 19:12:00,2024-07-06 19:12:00
Stuttgart Hbf,ICE 1211,Innsbruck Hbf,4,2024-07-06 19:19:00,False,ICE,8560770616564367826-2407061316,11,2024-07-06 19:08:00,2024-07-06 19:14:00,2024-07-06 19:15:00,2024-07-06 19:19:00
Stuttgart Hbf,ICE 613,München Hbf,19,2024-07-06 20:33:00,False,ICE,5295243416856313869-2407061237,15,2024-07-06 20:08:00,2024-07-06 20:28:00,2024-07-06 20:14:00,2024-07-06 20:33:00
Stuttgart Hbf,ICE 910,Düsseldorf Hbf,6,2024-07-06 20:44:00,False,ICE,6195485783263057734-2407061828,5,2024-07-06 20:32:00,2024-07-06 20:38:00,2024-07-06 20:38:00,2024-07-06 20:44:00
Stuttgart Hbf,ICE 590,Frankfurt(Main)Hbf,1,2024-07-06 20:52:00,False,ICE,-7610672940066525446-2407061846,5,2024-07-06 20:43:00,2024-07-06 20:47:00,2024-07-06 20:51:00,2024-07-06 20:52:00
Stuttgart Hbf,ICE 510,Hamburg-Altona,1,2024-07-06 21:52:00,False,ICE,8322424274180843926-2407061928,5,2024-07-06 21:45:00,2024-07-06 21:45:00,2024-07-06 21:51:00,2024-07-06 21:52:00
Stuttgart Hbf,ICE 615,München Hbf,14,2024-07-06 22:28:00,False,ICE,-5425302918995479956-2407061529,15,2024-07-06 22:08:00,2024-07-06 22:23:00,2024-07-06 22:14:00,2024-07-06 22:28:00
Stuttgart Hbf,ICE 990,Hamburg-Altona,1,2024-07-06 22:52:00,False,ICE,-2320340282101811304-2407062043,6,2024-07-06 22:43:00,2024-07-06 22:43:00,2024-07-06 22:51:00,2024-07-06 22:52:00
Stuttgart Hbf,ICE 695,München Hbf,28,2024-07-06 23:43:00,False,ICE,6202916625163174173-2407061726,10,2024-07-06 23:08:00,2024-07-06 23:38:00,2024-07-06 23:15:00,2024-07-06 23:43:00
Stuttgart Hbf,ICE 617,München Hbf,1,2024-07-07 00:19:00,False,ICE,6194893901306646476-2407061729,17,2024-07-07 00:08:00,2024-07-07 00:10:00,2024-07-07 00:18:00,2024-07-07 00:19:00
Stuttgart Hbf,ICE 698,Berlin Hbf,0,2024-07-07 00:11:00,False,ICE,7108274583246193747-2407062151,5,2024-07-07 00:01:00,2024-07-07 00:02:00,2024-07-07 00:11:00,2024-07-07 00:11:00
Stuttgart Hbf,ICE 215,München Hbf,2,2024-07-07 02:12:00,False,ICE,-3639105195943060538-2407070017,3,2024-07-07 02:04:00,2024-07-07 02:04:00,2024-07-07 02:10:00,2024-07-07 02:12:00
Stuttgart Hbf,ICE 618,Kiel Hbf,0,2024-07-07 02:22:00,False,ICE,2686007473625185344-2407070001,6,2024-07-07 02:16:00,2024-07-07 02:14:00,2024-07-07 02:22:00,2024-07-07 02:22:00
Stuttgart Hbf,ICE 1017,München Hbf,9,2024-07-07 03:27:00,False,ICE,-8865138777081149183-2407062352,6,2024-07-07 03:12:00,2024-07-07 03:23:00,2024-07-07 03:18:00,2024-07-07 03:27:00
Stuttgart Hbf,ICE 619,München Hbf,2,2024-07-07 03:41:00,False,ICE,7474414276230536927-2407061838,20,2024-07-07 03:33:00,2024-07-07 03:34:00,2024-07-07 03:39:00,2024-07-07 03:41:00
Stuttgart Hbf,ICE 699,München Hbf,0,2024-07-07 05:12:00,False,ICE,-7138074359361066746-2407061919,16,2024-07-07 04:52:00,2024-07-07 04:51:00,2024-07-07 05:12:00,2024-07-07 05:12:00
Stuttgart Hbf,ICE 616,Hamburg-Altona,0,2024-07-07 05:51:00,False,ICE,-8624992757107064587-2407070332,5,2024-07-07 05:45:00,2024-07-07 05:32:00,2024-07-07 05:51:00,2024-07-07 05:51:00
Stuttgart Hbf,ICE 991,München Hbf,1,2024-07-07 07:16:00,False,ICE,4178793572863103484-2407070526,5,2024-07-07 07:07:00,2024-07-07 07:11:00,2024-07-07 07:15:00,2024-07-07 07:16:00
Stuttgart Hbf,ICE 614,Hamburg-Altona,3,2024-07-07 07:54:00,False,ICE,67517114520381301-2407070532,5,2024-07-07 07:45:00,2024-07-07 07:49:00,2024-07-07 07:51:00,2024-07-07 07:54:00
Stuttgart Hbf,ICE 692,Berlin Hbf,0,2024-07-07 08:51:00,False,ICE,-690776802853422910-2407070641,5,2024-07-07 08:44:00,2024-07-07 08:43:00,2024-07-07 08:51:00,2024-07-07 08:51:00
Stuttgart Hbf,ICE 267,München Hbf,1,2024-07-07 08:52:00,False,ICE,2699105162572162604-2407070805,3,2024-07-07 08:45:00,2024-07-07 08:45:00,2024-07-07 08:51:00,2024-07-07 08:52:00
Stuttgart Hbf,ICE 511,München Hbf,24,2024-07-07 08:38:00,False,ICE,7137833056273713088-2407070045,17,2024-07-07 08:08:00,2024-07-07 08:35:00,2024-07-07 08:14:00,2024-07-07 08:38:00
Stuttgart Hbf,ICE 591,München Hbf,1,2024-07-07 09:16:00,False,ICE,7394330786495536556-2407070750,3,2024-07-07 09:08:00,2024-07-07 09:08:00,2024-07-07 09:15:00,2024-07-07 09:16:00
Stuttgart Hbf,ICE 612,Kiel Hbf,6,2024-07-07 09:57:00,False,ICE,-7184453857839759572-2407070728,5,2024-07-07 09:45:00,2024-07-07 09:46:00,2024-07-07 09:51:00,2024-07-07 09:57:00
Stuttgart Hbf,ICE 1010,Dortmund Hbf,3,2024-07-07 10:40:00,False,ICE,-1202781486977583710-2407070828,5,2024-07-07 10:31:00,2024-07-07 10:33:00,2024-07-07 10:37:00,2024-07-07 10:40:00
Stuttgart Hbf,ICE 690,Berlin Gesundbrunnen,2,2024-07-07 10:53:00,False,ICE,-2543008509222161707-2407070846,5,2024-07-07 10:43:00,2024-07-07 10:44:00,2024-07-07 10:51:00,2024-07-07 10:53:00
Stuttgart Hbf,ICE 563,München Hbf,3,2024-07-07 10:54:00,False,ICE,7515891464844108057-2407070827,6,2024-07-07 10:45:00,2024-07-07 10:49:00,2024-07-07 10:51:00,2024-07-07 10:54:00
Stuttgart Hbf,ICE 513,München Hbf,8,2024-07-07 10:22:00,False,ICE,-1316725331766652964-2407070602,10,2024-07-07 10:08:00,2024-07-07 10:17:00,2024-07-07 10:14:00,2024-07-07 10:22:00
Stuttgart Hbf,ICE 610,Hamburg-Altona,1,2024-07-07 11:52:00,False,ICE,9011011619156863439-2407070927,5,2024-07-07 11:45:00,2024-07-07 11:45:00,2024-07-07 11:51:00,2024-07-07 11:52:00
Stuttgart Hbf,ICE 593,München Hbf,3,2024-07-07 11:18:00,False,ICE,2269193621654513451-2407070516,11,2024-07-07 11:08:00,2024-07-07 11:10:00,2024-07-07 11:15:00,2024-07-07 11:18:00
Stuttgart Hbf,ICE 915,München Hbf,3,2024-07-07 11:31:00,False,ICE,400157404087783375-2407070751,10,2024-07-07 11:22:00,2024-07-07 11:24:00,2024-07-07 11:28:00,2024-07-07 11:31:00
Stuttgart Hbf,ICE 568,Karlsruhe Hbf,1,2024-07-07 11:13:00,False,ICE,-5628776902806503379-2407070903,5,2024-07-07 11:02:00,2024-07-07 11:02:00,2024-07-07 11:12:00,2024-07-07 11:13:00
Stuttgart Hbf,ICE 115,Klagenfurt Hbf,3,2024-07-07 12:01:00,False,ICE,-1244506323428825924-2407070631,18,2024-07-07 11:53:00,2024-07-07 11:55:00,2024-07-07 11:58:00,2024-07-07 12:01:00
Stuttgart Hbf,ICE 1290,Frankfurt(Main)Hbf,2,2024-07-07 12:07:00,False,ICE,-9206844568518319678-2407070800,11,2024-07-07 11:59:00,2024-07-07 12:00:00,2024-07-07 12:05:00,2024-07-07 12:07:00
Stuttgart Hbf,ICE 119,Innsbruck Hbf,0,2024-07-07 12:57:00,False,ICE,-5651847012247675964-2407070753,14,2024-07-07 12:48:00,2024-07-07 12:52:00,2024-07-07 12:57:00,2024-07-07 12:57:00
Stuttgart Hbf,ICE 918,Dortmund Hbf,0,2024-07-07 12:38:00,False,ICE,7844358081895785158-2407071030,4,2024-07-07 12:32:00,2024-07-07 12:30:00,2024-07-07 12:38:00,2024-07-07 12:38:00
Stuttgart Hbf,ICE 1218,Berlin Gesundbrunnen,1,2024-07-07 12:52:00,False,ICE,8983673647294408675-2407070840,11,2024-07-07 12:43:00,2024-07-07 12:43:00,2024-07-07 12:51:00,2024-07-07 12:52:00
Stuttgart Hbf,ICE 565,München Hbf,3,2024-07-07 12:54:00,False,ICE,3705893801311502416-2407071205,3,2024-07-07 12:45:00,2024-07-07 12:47:00,2024-07-07 12:51:00,2024-07-07 12:54:00
Stuttgart Hbf,ICE 515,München Hbf,5,2024-07-07 12:19:00,False,ICE,6512354943507599026-2407070529,15,2024-07-07 12:08:00,2024-07-07 12:14:00,2024-07-07 12:14:00,2024-07-07 12:19:00
Stuttgart Hbf,ICE 595,München Hbf,23,2024-07-07 13:38:00,False,ICE,-2221597426497896240-2407070726,10,2024-07-07 13:08:00,2024-07-07 13:33:00,2024-07-07 13:15:00,2024-07-07 13:38:00
Stuttgart Hbf,ICE 917,München Hbf,2,2024-07-07 13:30:00,False,ICE,4297291152480547135-2407070951,9,2024-07-07 13:20:00,2024-07-07 13:25:00,2024-07-07 13:28:00,2024-07-07 13:30:00
Stuttgart Hbf,ICE 518,Hamburg-Altona,2,2024-07-07 13:53:00,False,ICE,-6452407069337976676-2407071128,5,2024-07-07 13:45:00,2024-07-07 13:49:00,2024-07-07 13:51:00,2024-07-07 13:53:00
Stuttgart Hbf,ICE 566,Karlsruhe Hbf,0,2024-07-07 13:09:00,False,ICE,-4243685153474784824-2407071103,5,2024-07-07 13:02:00,2024-07-07 12:58:00,2024-07-07 13:09:00,2024-07-07 13:09:00
Stuttgart Hbf,ICE 517,München Hbf,57,2024-07-07 15:11:00,False,ICE,-4602427783665327588-2407070728,14,2024-07-07 14:08:00,2024-07-07 15:06:00,2024-07-07 14:14:00,2024-07-07 15:11:00
Stuttgart Hbf,ICE 118,Münster(Westf)Hbf,0,2024-07-07 15:12:00,False,ICE,-2026324236731915142-2407070854,20,2024-07-07 14:59:00,2024-07-07 15:00:00,2024-07-07 15:12:00,2024-07-07 15:12:00
Stuttgart Hbf,ICE 596,Berlin Gesundbrunnen,1,2024-07-07 14:52:00,False,ICE,4083739950560377043-2407071246,5,2024-07-07 14:43:00,2024-07-07 14:42:00,2024-07-07 14:51:00,2024-07-07 14:52:00
Stuttgart Hbf,ICE 567,München Hbf,3,2024-07-07 14:54:00,False,ICE,3762301582140299933-2407071405,3,2024-07-07 14:45:00,2024-07-07 14:47:00,2024-07-07 14:51:00,2024-07-07 14:54:00
Stuttgart Hbf,ICE 117,Klagenfurt Hbf,9,2024-07-07 16:08:00,False,ICE,9042395260942796037-2407071420,6,2024-07-07 15:53:00,2024-07-07 16:03:00,2024-07-07 15:59:00,2024-07-07 16:08:00
Stuttgart Hbf,ICE 114,Dortmund Hbf,10,2024-07-07 16:17:00,False,ICE,-940035628142522529-2407070842,23,2024-07-07 15:59:00,2024-07-07 16:07:00,2024-07-07 16:07:00,2024-07-07 16:17:00
Stuttgart Hbf,ICE 597,München Hbf,25,2024-07-07 15:40:00,False,ICE,12818502356575353-2407070926,10,2024-07-07 15:08:00,2024-07-07 15:28:00,2024-07-07 15:15:00,2024-07-07 15:40:00
Stuttgart Hbf,ICE 564,Karlsruhe Hbf,2,2024-07-07 15:11:00,False,ICE,-1073960129091467682-2407071303,5,2024-07-07 15:02:00,2024-07-07 15:03:00,2024-07-07 15:09:00,2024-07-07 15:11:00
Stuttgart Hbf,ICE 516,Hamburg-Altona,17,2024-07-07 16:08:00,False,ICE,6954924236955692259-2407071328,5,2024-07-07 15:45:00,2024-07-07 16:03:00,2024-07-07 15:51:00,2024-07-07 16:08:00
Stuttgart Hbf,ICE 914,Dortmund Hbf,2,2024-07-07 16:39:00,False,ICE,-1253548023198098278-2407071428,5,2024-07-07 16:31:00,2024-07-07 16:34:00,2024-07-07 16:37:00,2024-07-07 16:39:00
Stuttgart Hbf,ICE 569,München Hbf,1,2024-07-07 16:52:00,False,ICE,-7759827436146803415-2407071605,3,2024-07-07 16:45:00,2024-07-07 16:45:00,2024-07-07 16:51:00,2024-07-07 16:52:00
Stuttgart Hbf,ICE 594,Berlin Gesundbrunnen,2,2024-07-07 16:53:00,False,ICE,1140779865956290650-2407071446,5,2024-07-07 16:43:00,2024-07-07 16:43:00,2024-07-07 16:51:00,2024-07-07 16:53:00
Stuttgart Hbf,ICE 519,München Hbf,19,2024-07-07 16:33:00,False,ICE,-8471873024121272354-2407070929,16,2024-07-07 16:08:00,2024-07-07 16:28:00,2024-07-07 16:14:00,2024-07-07 16:33:00
Stuttgart Hbf,ICE 1011,München Hbf,35,2024-07-07 18:03:00,False,ICE,8564432605510706771-2407071349,10,2024-07-07 17:21:00,2024-07-07 17:58:00,2024-07-07 17:28:00,2024-07-07 18:03:00
Stuttgart Hbf,ICE 514,Hamburg-Altona,1,2024-07-07 17:52:00,False,ICE,-5040855886902453859-2407071528,5,2024-07-07 17:45:00,2024-07-07 17:45:00,2024-07-07 17:51:00,2024-07-07 17:52:00
Stuttgart Hbf,ICE 599,München Hbf,15,2024-07-07 17:29:00,False,ICE,8059314318384301883-2407071126,10,2024-07-07 17:08:00,2024-07-07 17:21:00,2024-07-07 17:14:00,2024-07-07 17:29:00
Stuttgart Hbf,ICE 562,Saarbrücken Hbf,1,2024-07-07 17:09:00,False,ICE,-6869650552962585885-2407071502,5,2024-07-07 17:02:00,2024-07-07 17:02:00,2024-07-07 17:08:00,2024-07-07 17:09:00
Stuttgart Hbf,ICE 1069,München Hbf,6,2024-07-07 19:03:00,False,ICE,7280991471195430281-2407071805,3,2024-07-07 18:51:00,2024-07-07 18:55:00,2024-07-07 18:57:00,2024-07-07 19:03:00
Stuttgart Hbf,ICE 592,Hamburg-Altona,3,2024-07-07 18:54:00,False,ICE,5089820149948252230-2407071646,5,2024-07-07 18:43:00,2024-07-07 18:45:00,2024-07-07 18:51:00,2024-07-07 18:54:00
Stuttgart Hbf,ICE 611,München Hbf,21,2024-07-07 18:35:00,False,ICE,5653087570567167872-2407071129,15,2024-07-07 18:08:00,2024-07-07 18:30:00,2024-07-07 18:14:00,2024-07-07 18:35:00
Stuttgart Hbf,ICE 912,Dortmund Hbf,2,2024-07-07 18:40:00,False,ICE,-977669644680017628-2407071628,5,2024-07-07 18:32:00,2024-07-07 18:33:00,2024-07-07 18:38:00,2024-07-07 18:40:00
Stuttgart Hbf,ICE 512,Münster(Westf)Hbf,4,2024-07-07 19:55:00,False,ICE,7537395545451740415-2407071728,5,2024-07-07 19:45:00,2024-07-07 19:51:00,2024-07-07 19:51:00,2024-07-07 19:55:00
Stuttgart Hbf,ICE 1099,München Hbf,6,2024-07-07 20:04:00,False,ICE,-8959018065734509300-2407071819,6,2024-07-07 19:52:00,2024-07-07 19:59:00,2024-07-07 19:58:00,2024-07-07 20:04:00
Stuttgart Hbf,ICE 1013,München Hbf,16,2024-07-07 19:44:00,False,ICE,2333246513660073790-2407071550,10,2024-07-07 19:22:00,2024-07-07 19:39:00,2024-07-07 19:28:00,2024-07-07 19:44:00
Stuttgart Hbf,ICE 266,Basel SBB,2,2024-07-07 19:14:00,False,ICE,-2795453744905001153-2407071658,6,2024-07-07 19:02:00,2024-07-07 19:03:00,2024-07-07 19:12:00,2024-07-07 19:14:00
Stuttgart Hbf,ICE 1211,Innsbruck Hbf,45,2024-07-07 20:00:00,False,ICE,8560770616564367826-2407071316,11,2024-07-07 19:08:00,2024-07-07 19:55:00,2024-07-07 19:15:00,2024-07-07 20:00:00
Stuttgart Hbf,ICE 910,Düsseldorf Hbf,62,2024-07-07 21:40:00,False,ICE,6195485783263057734-2407071828,5,2024-07-07 20:32:00,2024-07-07 21:35:00,2024-07-07 20:38:00,2024-07-07 21:40:00
Stuttgart Hbf,ICE 613,München Hbf,12,2024-07-07 20:26:00,False,ICE,5295243416856313869-2407071237,15,2024-07-07 20:08:00,2024-07-07 20:21:00,2024-07-07 20:14:00,2024-07-07 20:26:00
Stuttgart Hbf,ICE 590,Frankfurt(Main)Hbf,0,2024-07-07 20:51:00,False,ICE,-7610672940066525446-2407071846,5,2024-07-07 20:43:00,2024-07-07 20:46:00,2024-07-07 20:51:00,2024-07-07 20:51:00
Stuttgart Hbf,ICE 1015,München Hbf,22,2024-07-07 21:50:00,False,ICE,-6727683722954373951-2407071750,10,2024-07-07 21:22:00,2024-07-07 21:26:00,2024-07-07 21:28:00,2024-07-07 21:50:00
Stuttgart Hbf,ICE 693,München Hbf,20,2024-07-07 21:35:00,False,ICE,-1412524464226526551-2407071526,10,2024-07-07 21:08:00,2024-07-07 21:30:00,2024-07-07 21:15:00,2024-07-07 21:35:00
Stuttgart Hbf,ICE 560,Karlsruhe Hbf,1,2024-07-07 21:12:00,False,ICE,-1895474681646249837-2407071901,6,2024-07-07 21:03:00,2024-07-07 21:03:00,2024-07-07 21:11:00,2024-07-07 21:12:00
Stuttgart Hbf,ICE 510,Hamburg-Altona,1,2024-07-07 21:52:00,False,ICE,8322424274180843926-2407071928,5,2024-07-07 21:45:00,2024-07-07 21:45:00,2024-07-07 21:51:00,2024-07-07 21:52:00
Stuttgart Hbf,ICE 990,Hamburg Hbf,1,2024-07-07 22:52:00,False,ICE,-2320340282101811304-2407072043,6,2024-07-07 22:43:00,2024-07-07 22:44:00,2024-07-07 22:51:00,2024-07-07 22:52:00
Stuttgart Hbf,ICE 615,München Hbf,16,2024-07-07 22:30:00,False,ICE,-5425302918995479956-2407071529,15,2024-07-07 22:08:00,2024-07-07 22:25:00,2024-07-07 22:14:00,2024-07-07 22:30:00
Stuttgart Hbf,ICE 695,München Hbf,34,2024-07-07 23:49:00,False,ICE,6202916625163174173-2407071726,10,2024-07-07 23:08:00,2024-07-07 23:44:00,2024-07-07 23:15:00,2024-07-07 23:49:00
Stuttgart Hbf,ICE 698,Berlin Hbf,0,2024-07-08 00:11:00,False,ICE,7108274583246193747-2407072151,5,2024-07-08 00:01:00,2024-07-07 23:58:00,2024-07-08 00:11:00,2024-07-08 00:11:00
Stuttgart Hbf,ICE 617,München Hbf,32,2024-07-08 00:50:00,False,ICE,6194893901306646476-2407071729,17,2024-07-08 00:08:00,2024-07-08 00:45:00,2024-07-08 00:18:00,2024-07-08 00:50:00
Stuttgart Hbf,ICE 618,Kiel Hbf,1,2024-07-08 02:23:00,False,ICE,2686007473625185344-2407080001,6,2024-07-08 02:16:00,2024-07-08 02:16:00,2024-07-08 02:22:00,2024-07-08 02:23:00
Stuttgart Hbf,ICE 215,München Hbf,9,2024-07-08 02:19:00,False,ICE,-3639105195943060538-2407080017,3,2024-07-08 02:04:00,2024-07-08 02:14:00,2024-07-08 02:10:00,2024-07-08 02:19:00
Stuttgart Hbf,ICE 619,München Hbf,17,2024-07-08 03:56:00,False,ICE,7474414276230536927-2407071838,20,2024-07-08 03:33:00,2024-07-08 03:51:00,2024-07-08 03:39:00,2024-07-08 03:56:00
Stuttgart Hbf,ICE 699,München Hbf,-1,2024-07-08 05:11:00,False,ICE,-7138074359361066746-2407071919,16,2024-07-08 04:52:00,2024-07-08 04:58:00,2024-07-08 05:12:00,2024-07-08 05:11:00
Stuttgart Hbf,ICE 1061,München Hbf,2,2024-07-08 05:54:00,False,ICE,5427594935199921006-2407080453,5,2024-07-08 05:45:00,2024-07-08 05:47:00,2024-07-08 05:52:00,2024-07-08 05:54:00
Stuttgart Hbf,ICE 616,Hamburg-Altona,2,2024-07-08 05:53:00,False,ICE,-8624992757107064587-2407080332,5,2024-07-08 05:45:00,2024-07-08 05:25:00,2024-07-08 05:51:00,2024-07-08 05:53:00
Stuttgart Hbf,ICE 561,München Hbf,2,2024-07-08 06:52:00,False,ICE,-605877143281749034-2407080600,3,2024-07-08 06:44:00,2024-07-08 06:45:00,2024-07-08 06:50:00,2024-07-08 06:52:00
Stuttgart Hbf,ICE 1098,Frankfurt(Main)Hbf,3,2024-07-08 08:08:00,False,ICE,1402637927240724353-2407080544,6,2024-07-08 07:59:00,2024-07-08 08:01:00,2024-07-08 08:05:00,2024-07-08 08:08:00
Stuttgart Hbf,ICE 911,München Hbf,14,2024-07-08 07:42:00,False,ICE,-5135229961965226618-2407080603,2,2024-07-08 07:20:00,2024-07-08 07:24:00,2024-07-08 07:28:00,2024-07-08 07:42:00
Stuttgart Hbf,ICE 991,München Hbf,0,2024-07-08 07:15:00,False,ICE,4178793572863103484-2407080526,5,2024-07-08 07:07:00,2024-07-08 07:06:00,2024-07-08 07:15:00,2024-07-08 07:15:00
Stuttgart Hbf,ICE 1068,Karlsruhe Hbf,2,2024-07-08 07:12:00,False,ICE,1847313071699172804-2407080500,5,2024-07-08 07:04:00,2024-07-08 07:05:00,2024-07-08 07:10:00,2024-07-08 07:12:00
Stuttgart Hbf,ICE 614,Hamburg-Altona,3,2024-07-08 07:54:00,False,ICE,67517114520381301-2407080532,5,2024-07-08 07:45:00,2024-07-08 07:48:00,2024-07-08 07:51:00,2024-07-08 07:54:00
Stuttgart Hbf,ICE 267,München Hbf,6,2024-07-08 08:57:00,False,ICE,9036257144873715932-2407080550,11,2024-07-08 08:45:00,2024-07-08 08:49:00,2024-07-08 08:51:00,2024-07-08 08:57:00
Stuttgart Hbf,ICE 511,München Hbf,29,2024-07-08 08:43:00,False,ICE,7137833056273713088-2407080045,16,2024-07-08 08:08:00,2024-07-08 08:38:00,2024-07-08 08:14:00,2024-07-08 08:43:00
Stuttgart Hbf,ICE 1012,Dortmund Hbf,7,2024-07-08 08:46:00,False,ICE,-6324333303227400345-2407080626,5,2024-07-08 08:31:00,2024-07-08 08:41:00,2024-07-08 08:39:00,2024-07-08 08:46:00
Stuttgart Hbf,ICE 692,Berlin Hbf,5,2024-07-08 08:56:00,False,ICE,-690776802853422910-2407080641,5,2024-07-08 08:44:00,2024-07-08 08:47:00,2024-07-08 08:51:00,2024-07-08 08:56:00
Stuttgart Hbf,ICE 612,Kiel Hbf,2,2024-07-08 09:53:00,False,ICE,-7184453857839759572-2407080728,5,2024-07-08 09:45:00,2024-07-08 09:49:00,2024-07-08 09:51:00,2024-07-08 09:53:00
Stuttgart Hbf,ICE 913,München Hbf,26,2024-07-08 09:54:00,False,ICE,-6165068286223376269-2407080547,10,2024-07-08 09:22:00,2024-07-08 09:44:00,2024-07-08 09:28:00,2024-07-08 09:54:00
Stuttgart Hbf,ICE 591,München Hbf,12,2024-07-08 09:27:00,False,ICE,-9076044575966614071-2407080302,15,2024-07-08 09:08:00,2024-07-08 09:22:00,2024-07-08 09:15:00,2024-07-08 09:27:00
Stuttgart Hbf,ICE 690,Berlin Gesundbrunnen,8,2024-07-08 10:59:00,False,ICE,-2543008509222161707-2407080846,5,2024-07-08 10:43:00,2024-07-08 10:51:00,2024-07-08 10:51:00,2024-07-08 10:59:00
Stuttgart Hbf,ICE 563,München Hbf,3,2024-07-08 10:54:00,False,ICE,7515891464844108057-2407080827,6,2024-07-08 10:45:00,2024-07-08 10:49:00,2024-07-08 10:51:00,2024-07-08 10:54:00
Stuttgart Hbf,ICE 1010,Dortmund Hbf,23,2024-07-08 11:00:00,False,ICE,-1202781486977583710-2407080828,5,2024-07-08 10:31:00,2024-07-08 10:36:00,2024-07-08 10:37:00,2024-07-08 11:00:00
Stuttgart Hbf,ICE 513,München Hbf,14,2024-07-08 10:28:00,False,ICE,-1316725331766652964-2407080602,10,2024-07-08 10:08:00,2024-07-08 10:23:00,2024-07-08 10:14:00,2024-07-08 10:28:00
Stuttgart Hbf,ICE 915,München Hbf,3,2024-07-08 11:31:00,False,ICE,400157404087783375-2407080751,10,2024-07-08 11:22:00,2024-07-08 11:24:00,2024-07-08 11:28:00,2024-07-08 11:31:00
Stuttgart Hbf,ICE 610,Hamburg-Altona,5,2024-07-08 11:56:00,False,ICE,9011011619156863439-2407080927,5,2024-07-08 11:45:00,2024-07-08 11:52:00,2024-07-08 11:51:00,2024-07-08 11:56:00
Stuttgart Hbf,ICE 568,Karlsruhe Hbf,3,2024-07-08 11:15:00,False,ICE,-5628776902806503379-2407080903,5,2024-07-08 11:02:00,2024-07-08 11:06:00,2024-07-08 11:12:00,2024-07-08 11:15:00
Stuttgart Hbf,ICE 593,München Hbf,1,2024-07-08 11:16:00,False,ICE,2269193621654513451-2407080516,11,2024-07-08 11:08:00,2024-07-08 11:08:00,2024-07-08 11:15:00,2024-07-08 11:16:00
Stuttgart Hbf,ICE 115,Klagenfurt Hbf,7,2024-07-08 12:05:00,False,ICE,-1244506323428825924-2407080631,18,2024-07-08 11:53:00,2024-07-08 12:00:00,2024-07-08 11:58:00,2024-07-08 12:05:00
Stuttgart Hbf,ICE 1290,Frankfurt(Main)Hbf,6,2024-07-08 12:11:00,False,ICE,-9206844568518319678-2407080800,11,2024-07-08 11:59:00,2024-07-08 12:06:00,2024-07-08 12:05:00,2024-07-08 12:11:00
Stuttgart Hbf,ICE 918,Dortmund Hbf,8,2024-07-08 12:46:00,False,ICE,7844358081895785158-2407081030,4,2024-07-08 12:32:00,2024-07-08 12:41:00,2024-07-08 12:38:00,2024-07-08 12:46:00
Stuttgart Hbf,ICE 1218,Berlin Gesundbrunnen,5,2024-07-08 12:56:00,False,ICE,8983673647294408675-2407080840,11,2024-07-08 12:43:00,2024-07-08 12:51:00,2024-07-08 12:51:00,2024-07-08 12:56:00
Stuttgart Hbf,ICE 515,München Hbf,35,2024-07-08 12:49:00,False,ICE,6512354943507599026-2407080529,15,2024-07-08 12:08:00,2024-07-08 12:44:00,2024-07-08 12:14:00,2024-07-08 12:49:00
Stuttgart Hbf,ICE 119,Innsbruck Hbf,0,2024-07-08 12:57:00,False,ICE,-5651847012247675964-2407080753,14,2024-07-08 12:48:00,2024-07-08 12:52:00,2024-07-08 12:57:00,2024-07-08 12:57:00
Stuttgart Hbf,ICE 565,München Hbf,3,2024-07-08 12:54:00,False,ICE,3705893801311502416-2407081205,3,2024-07-08 12:45:00,2024-07-08 12:48:00,2024-07-08 12:51:00,2024-07-08 12:54:00
Stuttgart Hbf,ICE 595,München Hbf,16,2024-07-08 13:31:00,False,ICE,-2221597426497896240-2407080726,10,2024-07-08 13:08:00,2024-07-08 13:26:00,2024-07-08 13:15:00,2024-07-08 13:31:00
Stuttgart Hbf,ICE 917,München Hbf,21,2024-07-08 13:49:00,False,ICE,-1038875971032103661-2407081045,6,2024-07-08 13:20:00,2024-07-08 13:44:00,2024-07-08 13:28:00,2024-07-08 13:49:00
Stuttgart Hbf,ICE 566,Karlsruhe Hbf,3,2024-07-08 13:12:00,False,ICE,-4243685153474784824-2407081103,5,2024-07-08 13:02:00,2024-07-08 13:07:00,2024-07-08 13:09:00,2024-07-08 13:12:00
Stuttgart Hbf,ICE 518,Hamburg-Altona,2,2024-07-08 13:53:00,False,ICE,-6452407069337976676-2407081128,5,2024-07-08 13:45:00,2024-07-08 13:47:00,2024-07-08 13:51:00,2024-07-08 13:53:00
Stuttgart Hbf,ICE 596,Berlin Gesundbrunnen,3,2024-07-08 14:54:00,False,ICE,4083739950560377043-2407081246,5,2024-07-08 14:43:00,2024-07-08 14:49:00,2024-07-08 14:51:00,2024-07-08 14:54:00
Stuttgart Hbf,ICE 517,München Hbf,7,2024-07-08 14:21:00,False,ICE,-4602427783665327588-2407080728,14,2024-07-08 14:08:00,2024-07-08 14:16:00,2024-07-08 14:14:00,2024-07-08 14:21:00
Stuttgart Hbf,ICE 567,München Hbf,10,2024-07-08 15:01:00,False,ICE,3762301582140299933-2407081405,3,2024-07-08 14:45:00,2024-07-08 14:51:00,2024-07-08 14:51:00,2024-07-08 15:01:00
Stuttgart Hbf,ICE 118,Münster(Westf)Hbf,2,2024-07-08 15:14:00,False,ICE,-2026324236731915142-2407080854,20,2024-07-08 14:59:00,2024-07-08 15:00:00,2024-07-08 15:12:00,2024-07-08 15:14:00
Stuttgart Hbf,ICE 516,Hamburg-Altona,5,2024-07-08 15:56:00,False,ICE,6954924236955692259-2407081328,5,2024-07-08 15:45:00,2024-07-08 15:51:00,2024-07-08 15:51:00,2024-07-08 15:56:00
Stuttgart Hbf,ICE 117,Klagenfurt Hbf,2,2024-07-08 16:01:00,False,ICE,9042395260942796037-2407081420,6,2024-07-08 15:53:00,2024-07-08 15:56:00,2024-07-08 15:59:00,2024-07-08 16:01:00
Stuttgart Hbf,ICE 564,Karlsruhe Hbf,3,2024-07-08 15:12:00,False,ICE,-1073960129091467682-2407081303,5,2024-07-08 15:02:00,2024-07-08 15:03:00,2024-07-08 15:09:00,2024-07-08 15:12:00
Stuttgart Hbf,ICE 114,Dortmund Hbf,2,2024-07-08 16:09:00,False,ICE,-940035628142522529-2407080842,23,2024-07-08 15:59:00,2024-07-08 16:01:00,2024-07-08 16:07:00,2024-07-08 16:09:00
Stuttgart Hbf,ICE 597,München Hbf,15,2024-07-08 15:30:00,False,ICE,5254114651454294172-2407080915,11,2024-07-08 15:08:00,2024-07-08 15:24:00,2024-07-08 15:15:00,2024-07-08 15:30:00
Stuttgart Hbf,ICE 594,Berlin Gesundbrunnen,2,2024-07-08 16:53:00,False,ICE,1140779865956290650-2407081446,5,2024-07-08 16:43:00,2024-07-08 16:44:00,2024-07-08 16:51:00,2024-07-08 16:53:00
Stuttgart Hbf,ICE 569,München Hbf,2,2024-07-08 16:53:00,False,ICE,-7759827436146803415-2407081605,3,2024-07-08 16:45:00,2024-07-08 16:46:00,2024-07-08 16:51:00,2024-07-08 16:53:00
Stuttgart Hbf,ICE 914,Dortmund Hbf,2,2024-07-08 16:39:00,False,ICE,-1253548023198098278-2407081428,5,2024-07-08 16:31:00,2024-07-08 16:34:00,2024-07-08 16:37:00,2024-07-08 16:39:00
Stuttgart Hbf,ICE 519,München Hbf,52,2024-07-08 17:06:00,False,ICE,-8471873024121272354-2407080929,16,2024-07-08 16:08:00,2024-07-08 17:01:00,2024-07-08 16:14:00,2024-07-08 17:06:00
Stuttgart Hbf,ICE 514,Hamburg-Altona,15,2024-07-08 18:06:00,False,ICE,-5040855886902453859-2407081528,5,2024-07-08 17:45:00,2024-07-08 17:47:00,2024-07-08 17:51:00,2024-07-08 18:06:00
Stuttgart Hbf,ICE 1011,München Hbf,7,2024-07-08 17:35:00,False,ICE,8564432605510706771-2407081349,10,2024-07-08 17:21:00,2024-07-08 17:30:00,2024-07-08 17:28:00,2024-07-08 17:35:00
Stuttgart Hbf,ICE 599,München Hbf,11,2024-07-08 17:25:00,False,ICE,8059314318384301883-2407081126,10,2024-07-08 17:08:00,2024-07-08 17:20:00,2024-07-08 17:14:00,2024-07-08 17:25:00
Stuttgart Hbf,ICE 562,Saarbrücken Hbf,3,2024-07-08 17:11:00,False,ICE,-6869650552962585885-2407081502,5,2024-07-08 17:02:00,2024-07-08 17:05:00,2024-07-08 17:08:00,2024-07-08 17:11:00
Stuttgart Hbf,ICE 592,Hamburg-Altona,14,2024-07-08 19:05:00,False,ICE,5089820149948252230-2407081646,5,2024-07-08 18:43:00,2024-07-08 19:00:00,2024-07-08 18:51:00,2024-07-08 19:05:00
Stuttgart Hbf,ICE 912,Dortmund Hbf,3,2024-07-08 18:41:00,False,ICE,-977669644680017628-2407081628,5,2024-07-08 18:32:00,2024-07-08 18:34:00,2024-07-08 18:38:00,2024-07-08 18:41:00
Stuttgart Hbf,ICE 1069,München Hbf,2,2024-07-08 18:59:00,False,ICE,7280991471195430281-2407081805,3,2024-07-08 18:51:00,2024-07-08 18:47:00,2024-07-08 18:57:00,2024-07-08 18:59:00
Stuttgart Hbf,ICE 611,München Hbf,128,2024-07-08 20:22:00,False,ICE,5653087570567167872-2407081129,15,2024-07-08 18:08:00,2024-07-08 20:17:00,2024-07-08 18:14:00,2024-07-08 20:22:00
Stuttgart Hbf,ICE 266,Basel SBB,14,2024-07-08 19:26:00,True,ICE,-2795453744905001153-2407081658,6,2024-07-08 19:02:00,2024-07-08 19:21:00,2024-07-08 19:12:00,2024-07-08 19:26:00
Stuttgart Hbf,ICE 1211,Innsbruck Hbf,11,2024-07-08 19:26:00,False,ICE,8560770616564367826-2407081316,11,2024-07-08 19:08:00,2024-07-08 19:21:00,2024-07-08 19:15:00,2024-07-08 19:26:00
Stuttgart Hbf,ICE 1099,München Hbf,20,2024-07-08 20:18:00,False,ICE,-8959018065734509300-2407081819,6,2024-07-08 19:52:00,2024-07-08 20:13:00,2024-07-08 19:58:00,2024-07-08 20:18:00
Stuttgart Hbf,ICE 1013,München Hbf,7,2024-07-08 19:35:00,False,ICE,2333246513660073790-2407081550,10,2024-07-08 19:22:00,2024-07-08 19:30:00,2024-07-08 19:28:00,2024-07-08 19:35:00
Stuttgart Hbf,ICE 512,Münster(Westf)Hbf,3,2024-07-08 19:54:00,False,ICE,7537395545451740415-2407081728,5,2024-07-08 19:45:00,2024-07-08 19:51:00,2024-07-08 19:51:00,2024-07-08 19:54:00
Stuttgart Hbf,ICE 590,Frankfurt(Main)Hbf,3,2024-07-08 20:54:00,False,ICE,-7610672940066525446-2407081846,5,2024-07-08 20:43:00,2024-07-08 20:45:00,2024-07-08 20:51:00,2024-07-08 20:54:00
Stuttgart Hbf,ICE 613,München Hbf,29,2024-07-08 20:43:00,False,ICE,5295243416856313869-2407081237,15,2024-07-08 20:08:00,2024-07-08 20:38:00,2024-07-08 20:14:00,2024-07-08 20:43:00
Stuttgart Hbf,ICE 910,Düsseldorf Hbf,2,2024-07-08 20:40:00,False,ICE,6195485783263057734-2407081828,5,2024-07-08 20:32:00,2024-07-08 20:36:00,2024-07-08 20:38:00,2024-07-08 20:40:00
Stuttgart Hbf,ICE 1015,München Hbf,5,2024-07-08 21:33:00,False,ICE,-6727683722954373951-2407081750,10,2024-07-08 21:22:00,2024-07-08 21:27:00,2024-07-08 21:28:00,2024-07-08 21:33:00
Stuttgart Hbf,ICE 510,Hamburg-Altona,0,2024-07-08 21:51:00,False,ICE,8322424274180843926-2407081928,5,2024-07-08 21:45:00,2024-07-08 21:43:00,2024-07-08 21:51:00,2024-07-08 21:51:00
Stuttgart Hbf,ICE 693,München Hbf,2,2024-07-08 21:17:00,False,ICE,-1412524464226526551-2407081526,10,2024-07-08 21:08:00,2024-07-08 21:12:00,2024-07-08 21:15:00,2024-07-08 21:17:00
Stuttgart Hbf,ICE 560,Karlsruhe Hbf,-1,2024-07-08 21:10:00,False,ICE,-1895474681646249837-2407081901,6,2024-07-08 21:03:00,2024-07-08 21:01:00,2024-07-08 21:11:00,2024-07-08 21:10:00
Stuttgart Hbf,ICE 990,Hamburg-Altona,2,2024-07-08 22:53:00,False,ICE,-2320340282101811304-2407082043,6,2024-07-08 22:43:00,2024-07-08 22:48:00,2024-07-08 22:51:00,2024-07-08 22:53:00
Stuttgart Hbf,ICE 615,München Hbf,27,2024-07-08 22:41:00,False,ICE,-5425302918995479956-2407081529,15,2024-07-08 22:08:00,2024-07-08 22:09:00,2024-07-08 22:14:00,2024-07-08 22:41:00
Stuttgart Hbf,ICE 698,Berlin Hbf,1,2024-07-09 00:12:00,False,ICE,7108274583246193747-2407082151,5,2024-07-09 00:01:00,2024-07-09 00:02:00,2024-07-09 00:11:00,2024-07-09 00:12:00
Stuttgart Hbf,ICE 617,München Hbf,26,2024-07-09 00:44:00,False,ICE,6194893901306646476-2407081729,17,2024-07-09 00:08:00,2024-07-09 00:39:00,2024-07-09 00:18:00,2024-07-09 00:44:00
Stuttgart Hbf,ICE 618,Kiel Hbf,4,2024-07-09 02:26:00,False,ICE,2686007473625185344-2407090001,5,2024-07-09 02:16:00,2024-07-09 02:21:00,2024-07-09 02:22:00,2024-07-09 02:26:00
Stuttgart Hbf,ICE 215,München Hbf,2,2024-07-09 02:12:00,False,ICE,-3639105195943060538-2407090017,3,2024-07-09 02:04:00,2024-07-09 02:05:00,2024-07-09 02:10:00,2024-07-09 02:12:00
Stuttgart Hbf,ICE 619,München Hbf,0,2024-07-09 03:39:00,False,ICE,7474414276230536927-2407081838,20,2024-07-09 03:33:00,2024-07-09 03:31:00,2024-07-09 03:39:00,2024-07-09 03:39:00
Stuttgart Hbf,ICE 699,München Hbf,0,2024-07-09 05:12:00,False,ICE,-7138074359361066746-2407081919,16,2024-07-09 04:52:00,2024-07-09 04:32:00,2024-07-09 05:12:00,2024-07-09 05:12:00
Stuttgart Hbf,ICE 1061,München Hbf,1,2024-07-09 05:53:00,False,ICE,5427594935199921006-2407090453,5,2024-07-09 05:45:00,2024-07-09 05:45:00,2024-07-09 05:52:00,2024-07-09 05:53:00
Stuttgart Hbf,ICE 616,Hamburg-Altona,2,2024-07-09 05:53:00,False,ICE,-8624992757107064587-2407090322,5,2024-07-09 05:45:00,2024-07-09 05:46:00,2024-07-09 05:51:00,2024-07-09 05:53:00
Stuttgart Hbf,ICE 561,München Hbf,1,2024-07-09 06:51:00,False,ICE,-605877143281749034-2407090600,3,2024-07-09 06:44:00,2024-07-09 06:44:00,2024-07-09 06:50:00,2024-07-09 06:51:00
Stuttgart Hbf,ICE 991,München Hbf,3,2024-07-09 07:18:00,False,ICE,4178793572863103484-2407090526,5,2024-07-09 07:07:00,2024-07-09 07:10:00,2024-07-09 07:15:00,2024-07-09 07:18:00
Stuttgart Hbf,ICE 911,München Hbf,8,2024-07-09 07:36:00,False,ICE,-5135229961965226618-2407090603,2,2024-07-09 07:20:00,2024-07-09 07:28:00,2024-07-09 07:28:00,2024-07-09 07:36:00
Stuttgart Hbf,ICE 614,Hamburg-Altona,4,2024-07-09 07:55:00,False,ICE,67517114520381301-2407090532,5,2024-07-09 07:45:00,2024-07-09 07:50:00,2024-07-09 07:51:00,2024-07-09 07:55:00
Stuttgart Hbf,ICE 1098,Frankfurt(Main)Hbf,3,2024-07-09 08:08:00,False,ICE,1402637927240724353-2407090544,6,2024-07-09 07:59:00,2024-07-09 08:02:00,2024-07-09 08:05:00,2024-07-09 08:08:00
Stuttgart Hbf,ICE 1068,Karlsruhe Hbf,0,2024-07-09 07:10:00,False,ICE,1847313071699172804-2407090500,5,2024-07-09 07:04:00,2024-07-09 07:03:00,2024-07-09 07:10:00,2024-07-09 07:10:00
Stuttgart Hbf,ICE 692,Berlin Hbf,2,2024-07-09 08:53:00,False,ICE,-690776802853422910-2407090641,5,2024-07-09 08:44:00,2024-07-09 08:43:00,2024-07-09 08:51:00,2024-07-09 08:53:00
Stuttgart Hbf,ICE 267,München Hbf,6,2024-07-09 08:57:00,False,ICE,9036257144873715932-2407090550,11,2024-07-09 08:45:00,2024-07-09 08:52:00,2024-07-09 08:51:00,2024-07-09 08:57:00
Stuttgart Hbf,ICE 1012,Dortmund Hbf,2,2024-07-09 08:41:00,False,ICE,-6324333303227400345-2407090626,5,2024-07-09 08:31:00,2024-07-09 08:36:00,2024-07-09 08:39:00,2024-07-09 08:41:00
Stuttgart Hbf,ICE 511,München Hbf,2,2024-07-09 08:16:00,False,ICE,7137833056273713088-2407090045,17,2024-07-09 08:08:00,2024-07-09 08:09:00,2024-07-09 08:14:00,2024-07-09 08:16:00
Stuttgart Hbf,ICE 591,München Hbf,1,2024-07-09 09:16:00,False,ICE,-9076044575966614071-2407090302,15,2024-07-09 09:08:00,2024-07-09 09:11:00,2024-07-09 09:15:00,2024-07-09 09:16:00
Stuttgart Hbf,ICE 913,München Hbf,6,2024-07-09 09:34:00,False,ICE,-6165068286223376269-2407090547,10,2024-07-09 09:22:00,2024-07-09 09:29:00,2024-07-09 09:28:00,2024-07-09 09:34:00
Stuttgart Hbf,ICE 612,Kiel Hbf,7,2024-07-09 09:58:00,False,ICE,-7184453857839759572-2407090728,5,2024-07-09 09:45:00,2024-07-09 09:53:00,2024-07-09 09:51:00,2024-07-09 09:58:00
Stuttgart Hbf,ICE 690,Berlin Gesundbrunnen,10,2024-07-09 11:01:00,False,ICE,-2543008509222161707-2407090846,5,2024-07-09 10:43:00,2024-07-09 10:50:00,2024-07-09 10:51:00,2024-07-09 11:01:00
Stuttgart Hbf,ICE 513,München Hbf,6,2024-07-09 10:20:00,False,ICE,-1316725331766652964-2407090602,10,2024-07-09 10:08:00,2024-07-09 10:11:00,2024-07-09 10:14:00,2024-07-09 10:20:00
Stuttgart Hbf,ICE 1010,Dortmund Hbf,9,2024-07-09 10:46:00,False,ICE,-1202781486977583710-2407090828,5,2024-07-09 10:31:00,2024-07-09 10:41:00,2024-07-09 10:37:00,2024-07-09 10:46:00
Stuttgart Hbf,ICE 563,München Hbf,1,2024-07-09 10:52:00,False,ICE,7515891464844108057-2407090827,6,2024-07-09 10:45:00,2024-07-09 10:45:00,2024-07-09 10:51:00,2024-07-09 10:52:00
Stuttgart Hbf,ICE 115,Klagenfurt Hbf,2,2024-07-09 12:00:00,False,ICE,-1244506323428825924-2407090631,18,2024-07-09 11:53:00,2024-07-09 11:55:00,2024-07-09 11:58:00,2024-07-09 12:00:00
Stuttgart Hbf,ICE 593,München Hbf,0,2024-07-09 11:15:00,True,ICE,2269193621654513451-2407090516,11,2024-07-09 11:08:00,2024-07-09 11:08:00,2024-07-09 11:15:00,2024-07-09 11:15:00
Stuttgart Hbf,ICE 568,Karlsruhe Hbf,2,2024-07-09 11:14:00,True,ICE,-5628776902806503379-2407090903,5,2024-07-09 11:02:00,2024-07-09 11:05:00,2024-07-09 11:12:00,2024-07-09 11:14:00
Stuttgart Hbf,ICE 915,München Hbf,12,2024-07-09 11:40:00,False,ICE,400157404087783375-2407090751,10,2024-07-09 11:22:00,2024-07-09 11:31:00,2024-07-09 11:28:00,2024-07-09 11:40:00
Stuttgart Hbf,ICE 610,Hamburg-Altona,1,2024-07-09 11:52:00,False,ICE,9011011619156863439-2407090927,5,2024-07-09 11:45:00,2024-07-09 11:46:00,2024-07-09 11:51:00,2024-07-09 11:52:00
Stuttgart Hbf,ICE 1290,Frankfurt(Main)Hbf,11,2024-07-09 12:16:00,False,ICE,-9206844568518319678-2407090800,11,2024-07-09 11:59:00,2024-07-09 12:11:00,2024-07-09 12:05:00,2024-07-09 12:16:00
Stuttgart Hbf,ICE 119,Innsbruck Hbf,14,2024-07-09 13:11:00,False,ICE,-5651847012247675964-2407090753,14,2024-07-09 12:48:00,2024-07-09 13:00:00,2024-07-09 12:57:00,2024-07-09 13:11:00
Stuttgart Hbf,ICE 515,München Hbf,21,2024-07-09 12:35:00,False,ICE,6512354943507599026-2407090529,15,2024-07-09 12:08:00,2024-07-09 12:29:00,2024-07-09 12:14:00,2024-07-09 12:35:00
Stuttgart Hbf,ICE 565,München Hbf,2,2024-07-09 12:53:00,False,ICE,3705893801311502416-2407091205,3,2024-07-09 12:45:00,2024-07-09 12:46:00,2024-07-09 12:51:00,2024-07-09 12:53:00
Stuttgart Hbf,ICE 918,Dortmund Hbf,2,2024-07-09 12:40:00,False,ICE,7844358081895785158-2407091030,4,2024-07-09 12:32:00,2024-07-09 12:35:00,2024-07-09 12:38:00,2024-07-09 12:40:00
Stuttgart Hbf,ICE 1218,Berlin Gesundbrunnen,9,2024-07-09 13:00:00,False,ICE,8983673647294408675-2407090840,11,2024-07-09 12:43:00,2024-07-09 12:55:00,2024-07-09 12:51:00,2024-07-09 13:00:00
Stuttgart Hbf,ICE 595,München Hbf,66,2024-07-09 14:21:00,False,ICE,-2221597426497896240-2407090726,10,2024-07-09 13:08:00,2024-07-09 14:16:00,2024-07-09 13:15:00,2024-07-09 14:21:00
Stuttgart Hbf,ICE 518,Hamburg-Altona,4,2024-07-09 13:55:00,False,ICE,-6452407069337976676-2407091128,5,2024-07-09 13:45:00,2024-07-09 13:42:00,2024-07-09 13:51:00,2024-07-09 13:55:00
Stuttgart Hbf,ICE 917,München Hbf,6,2024-07-09 13:34:00,False,ICE,-1038875971032103661-2407091045,6,2024-07-09 13:20:00,2024-07-09 13:22:00,2024-07-09 13:28:00,2024-07-09 13:34:00
Stuttgart Hbf,ICE 566,Karlsruhe Hbf,8,2024-07-09 13:17:00,False,ICE,-4243685153474784824-2407091103,5,2024-07-09 13:02:00,2024-07-09 13:06:00,2024-07-09 13:09:00,2024-07-09 13:17:00
Stuttgart Hbf,ICE 118,Münster(Westf)Hbf,0,2024-07-09 15:12:00,False,ICE,-2026324236731915142-2407090854,20,2024-07-09 14:59:00,2024-07-09 15:04:00,2024-07-09 15:12:00,2024-07-09 15:12:00
Stuttgart Hbf,ICE 596,Berlin Gesundbrunnen,1,2024-07-09 14:52:00,False,ICE,4083739950560377043-2407091246,5,2024-07-09 14:43:00,2024-07-09 14:43:00,2024-07-09 14:51:00,2024-07-09 14:52:00
Stuttgart Hbf,ICE 517,München Hbf,2,2024-07-09 14:16:00,False,ICE,-4602427783665327588-2407090728,14,2024-07-09 14:08:00,2024-07-09 14:09:00,2024-07-09 14:14:00,2024-07-09 14:16:00
Stuttgart Hbf,ICE 567,München Hbf,2,2024-07-09 14:53:00,True,ICE,3762301582140299933-2407091405,3,2024-07-09 14:45:00,2024-07-09 14:45:00,2024-07-09 14:51:00,2024-07-09 14:53:00
Stuttgart Hbf,ICE 597,München Hbf,122,2024-07-09 17:17:00,False,ICE,5254114651454294172-2407090915,11,2024-07-09 15:08:00,2024-07-09 17:09:00,2024-07-09 15:15:00,2024-07-09 17:17:00
Stuttgart Hbf,ICE 117,Klagenfurt Hbf,17,2024-07-09 16:16:00,False,ICE,9042395260942796037-2407091420,6,2024-07-09 15:53:00,2024-07-09 16:11:00,2024-07-09 15:59:00,2024-07-09 16:16:00
Stuttgart Hbf,ICE 516,Hamburg-Altona,2,2024-07-09 15:53:00,False,ICE,6954924236955692259-2407091328,5,2024-07-09 15:45:00,2024-07-09 15:46:00,2024-07-09 15:51:00,2024-07-09 15:53:00
Stuttgart Hbf,ICE 114,Dortmund Hbf,7,2024-07-09 16:14:00,False,ICE,-940035628142522529-2407090842,23,2024-07-09 15:59:00,2024-07-09 15:57:00,2024-07-09 16:07:00,2024-07-09 16:14:00
Stuttgart Hbf,ICE 564,Karlsruhe Hbf,2,2024-07-09 15:11:00,False,ICE,-1073960129091467682-2407091303,5,2024-07-09 15:02:00,2024-07-09 15:06:00,2024-07-09 15:09:00,2024-07-09 15:11:00
Stuttgart Hbf,ICE 594,Berlin Gesundbrunnen,0,2024-07-09 16:51:00,True,ICE,1140779865956290650-2407091446,5,2024-07-09 16:43:00,2024-07-09 16:43:00,2024-07-09 16:51:00,2024-07-09 16:51:00
Stuttgart Hbf,ICE 914,Dortmund Hbf,11,2024-07-09 16:48:00,False,ICE,-1253548023198098278-2407091428,5,2024-07-09 16:31:00,2024-07-09 16:43:00,2024-07-09 16:37:00,2024-07-09 16:48:00
Stuttgart Hbf,ICE 569,München Hbf,23,2024-07-09 17:14:00,False,ICE,-7759827436146803415-2407091605,3,2024-07-09 16:45:00,2024-07-09 16:54:00,2024-07-09 16:51:00,2024-07-09 17:14:00
Stuttgart Hbf,ICE 519,München Hbf,48,2024-07-09 17:02:00,False,ICE,-8471873024121272354-2407090929,16,2024-07-09 16:08:00,2024-07-09 16:57:00,2024-07-09 16:14:00,2024-07-09 17:02:00
Stuttgart Hbf,ICE 514,Hamburg-Altona,17,2024-07-09 18:08:00,False,ICE,-5040855886902453859-2407091528,5,2024-07-09 17:45:00,2024-07-09 17:49:00,2024-07-09 17:51:00,2024-07-09 18:08:00
Stuttgart Hbf,ICE 599,München Hbf,100,2024-07-09 18:54:00,True,ICE,8059314318384301883-2407091126,10,2024-07-09 17:08:00,2024-07-09 18:49:00,2024-07-09 17:14:00,2024-07-09 18:54:00
Stuttgart Hbf,ICE 562,Saarbrücken Hbf,4,2024-07-09 17:12:00,False,ICE,-6869650552962585885-2407091502,5,2024-07-09 17:02:00,2024-07-09 17:07:00,2024-07-09 17:08:00,2024-07-09 17:12:00
Stuttgart Hbf,ICE 1011,München Hbf,24,2024-07-09 17:52:00,False,ICE,8564432605510706771-2407091349,10,2024-07-09 17:21:00,2024-07-09 17:36:00,2024-07-09 17:28:00,2024-07-09 17:52:00
Stuttgart Hbf,ICE 611,München Hbf,70,2024-07-09 19:24:00,False,ICE,5653087570567167872-2407091129,15,2024-07-09 18:08:00,2024-07-09 19:20:00,2024-07-09 18:14:00,2024-07-09 19:24:00
Stuttgart Hbf,ICE 592,Hamburg-Altona,0,2024-07-09 18:51:00,False,ICE,5089820149948252230-2407091646,5,2024-07-09 18:43:00,2024-07-09 18:46:00,2024-07-09 18:51:00,2024-07-09 18:51:00
Stuttgart Hbf,ICE 912,Dortmund Hbf,4,2024-07-09 18:42:00,False,ICE,-977669644680017628-2407091628,5,2024-07-09 18:32:00,2024-07-09 18:33:00,2024-07-09 18:38:00,2024-07-09 18:42:00
Stuttgart Hbf,ICE 1069,München Hbf,0,2024-07-09 18:57:00,True,ICE,7280991471195430281-2407091805,3,2024-07-09 18:51:00,2024-07-09 18:51:00,2024-07-09 18:57:00,2024-07-09 18:57:00
Stuttgart Hbf,ICE 512,Münster(Westf)Hbf,3,2024-07-09 19:54:00,False,ICE,7537395545451740415-2407091728,5,2024-07-09 19:45:00,2024-07-09 19:48:00,2024-07-09 19:51:00,2024-07-09 19:54:00
Stuttgart Hbf,ICE 1013,München Hbf,38,2024-07-09 20:06:00,False,ICE,2333246513660073790-2407091550,10,2024-07-09 19:22:00,2024-07-09 20:01:00,2024-07-09 19:28:00,2024-07-09 20:06:00
Stuttgart Hbf,ICE 1211,Innsbruck Hbf,84,2024-07-09 20:39:00,False,ICE,8560770616564367826-2407091316,11,2024-07-09 19:08:00,2024-07-09 20:34:00,2024-07-09 19:15:00,2024-07-09 20:39:00
Stuttgart Hbf,ICE 266,Basel SBB,0,2024-07-09 19:12:00,False,ICE,-2795453744905001153-2407091658,6,2024-07-09 19:02:00,2024-07-09 19:00:00,2024-07-09 19:12:00,2024-07-09 19:12:00
Stuttgart Hbf,ICE 1099,München Hbf,3,2024-07-09 20:01:00,False,ICE,-8959018065734509300-2407091819,6,2024-07-09 19:52:00,2024-07-09 19:55:00,2024-07-09 19:58:00,2024-07-09 20:01:00
Stuttgart Hbf,ICE 613,München Hbf,46,2024-07-09 21:00:00,False,ICE,5295243416856313869-2407091237,15,2024-07-09 20:08:00,2024-07-09 20:55:00,2024-07-09 20:14:00,2024-07-09 21:00:00
Stuttgart Hbf,ICE 910,Düsseldorf Hbf,12,2024-07-09 20:50:00,False,ICE,6195485783263057734-2407091828,5,2024-07-09 20:32:00,2024-07-09 20:32:00,2024-07-09 20:38:00,2024-07-09 20:50:00
Stuttgart Hbf,ICE 590,Frankfurt(Main)Hbf,9,2024-07-09 21:00:00,False,ICE,-7610672940066525446-2407091846,5,2024-07-09 20:43:00,2024-07-09 20:55:00,2024-07-09 20:51:00,2024-07-09 21:00:00
Stuttgart Hbf,ICE 693,München Hbf,91,2024-07-09 22:46:00,False,ICE,-1412524464226526551-2407091526,10,2024-07-09 21:08:00,2024-07-09 22:41:00,2024-07-09 21:15:00,2024-07-09 22:46:00
Stuttgart Hbf,ICE 1015,München Hbf,6,2024-07-09 21:34:00,False,ICE,-6727683722954373951-2407091750,10,2024-07-09 21:22:00,2024-07-09 21:29:00,2024-07-09 21:28:00,2024-07-09 21:34:00
Stuttgart Hbf,ICE 510,Hamburg-Altona,3,2024-07-09 21:54:00,False,ICE,8322424274180843926-2407091928,5,2024-07-09 21:45:00,2024-07-09 21:49:00,2024-07-09 21:51:00,2024-07-09 21:54:00
Stuttgart Hbf,ICE 560,Karlsruhe Hbf,26,2024-07-09 21:37:00,False,ICE,-1895474681646249837-2407091901,6,2024-07-09 21:03:00,2024-07-09 21:32:00,2024-07-09 21:11:00,2024-07-09 21:37:00
Stuttgart Hbf,ICE 990,Hamburg-Altona,0,2024-07-09 22:51:00,False,ICE,-2320340282101811304-2407092043,6,2024-07-09 22:43:00,2024-07-09 22:42:00,2024-07-09 22:51:00,2024-07-09 22:51:00
Stuttgart Hbf,ICE 615,München Hbf,2,2024-07-09 22:16:00,False,ICE,-5425302918995479956-2407091529,15,2024-07-09 22:08:00,2024-07-09 22:11:00,2024-07-09 22:14:00,2024-07-09 22:16:00
Stuttgart Hbf,ICE 698,Berlin Hbf,30,2024-07-10 00:41:00,False,ICE,7108274583246193747-2407092151,5,2024-07-10 00:01:00,2024-07-10 00:06:00,2024-07-10 00:11:00,2024-07-10 00:41:00
Stuttgart Hbf,ICE 617,München Hbf,6,2024-07-10 00:24:00,False,ICE,6194893901306646476-2407091729,17,2024-07-10 00:08:00,2024-07-10 00:16:00,2024-07-10 00:18:00,2024-07-10 00:24:00
Stuttgart Hbf,ICE 215,München Hbf,0,2024-07-10 02:36:00,False,ICE,-3639105195943060538-2407100017,3,2024-07-10 02:30:00,2024-07-10 02:29:00,2024-07-10 02:36:00,2024-07-10 02:36:00
Stuttgart Hbf,ICE 618,Kiel Hbf,1,2024-07-10 02:23:00,False,ICE,2686007473625185344-2407100001,6,2024-07-10 02:16:00,2024-07-10 02:16:00,2024-07-10 02:22:00,2024-07-10 02:23:00
Stuttgart Hbf,ICE 619,München Hbf,16,2024-07-10 03:55:00,False,ICE,7474414276230536927-2407091838,20,2024-07-10 03:33:00,2024-07-10 03:44:00,2024-07-10 03:39:00,2024-07-10 03:55:00
Stuttgart Hbf,ICE 699,München Hbf,-1,2024-07-10 05:11:00,False,ICE,-7138074359361066746-2407091919,16,2024-07-10 04:52:00,2024-07-10 04:36:00,2024-07-10 05:12:00,2024-07-10 05:11:00
Stuttgart Hbf,ICE 1061,München Hbf,0,2024-07-10 05:52:00,False,ICE,5427594935199921006-2407100453,5,2024-07-10 05:45:00,2024-07-10 05:44:00,2024-07-10 05:52:00,2024-07-10 05:52:00
Stuttgart Hbf,ICE 616,Hamburg-Altona,3,2024-07-10 05:54:00,False,ICE,-8624992757107064587-2407100332,5,2024-07-10 05:45:00,2024-07-10 05:47:00,2024-07-10 05:51:00,2024-07-10 05:54:00
Stuttgart Hbf,ICE 561,München Hbf,3,2024-07-10 06:53:00,False,ICE,-605877143281749034-2407100600,3,2024-07-10 06:44:00,2024-07-10 06:46:00,2024-07-10 06:50:00,2024-07-10 06:53:00
Stuttgart Hbf,ICE 911,München Hbf,2,2024-07-10 07:30:00,False,ICE,-5135229961965226618-2407100603,2,2024-07-10 07:20:00,2024-07-10 07:22:00,2024-07-10 07:28:00,2024-07-10 07:30:00
Stuttgart Hbf,ICE 1098,Frankfurt(Main)Hbf,7,2024-07-10 08:12:00,False,ICE,1402637927240724353-2407100544,6,2024-07-10 07:59:00,2024-07-10 08:07:00,2024-07-10 08:05:00,2024-07-10 08:12:00
Stuttgart Hbf,ICE 614,Hamburg-Altona,3,2024-07-10 07:54:00,False,ICE,67517114520381301-2407100532,5,2024-07-10 07:45:00,2024-07-10 07:49:00,2024-07-10 07:51:00,2024-07-10 07:54:00
Stuttgart Hbf,ICE 991,München Hbf,1,2024-07-10 07:16:00,False,ICE,4178793572863103484-2407100526,5,2024-07-10 07:07:00,2024-07-10 07:08:00,2024-07-10 07:15:00,2024-07-10 07:16:00
Stuttgart Hbf,ICE 1068,Karlsruhe Hbf,10,2024-07-10 07:20:00,False,ICE,1847313071699172804-2407100500,5,2024-07-10 07:04:00,2024-07-10 07:10:00,2024-07-10 07:10:00,2024-07-10 07:20:00
Stuttgart Hbf,ICE 692,Berlin Hbf,2,2024-07-10 08:53:00,False,ICE,-690776802853422910-2407100641,5,2024-07-10 08:44:00,2024-07-10 08:46:00,2024-07-10 08:51:00,2024-07-10 08:53:00
Stuttgart Hbf,ICE 1012,Dortmund Hbf,4,2024-07-10 08:43:00,False,ICE,-6324333303227400345-2407100626,5,2024-07-10 08:31:00,2024-07-10 08:38:00,2024-07-10 08:39:00,2024-07-10 08:43:00
Stuttgart Hbf,ICE 267,München Hbf,6,2024-07-10 08:57:00,False,ICE,9036257144873715932-2407100550,11,2024-07-10 08:45:00,2024-07-10 08:52:00,2024-07-10 08:51:00,2024-07-10 08:57:00
Stuttgart Hbf,ICE 511,München Hbf,3,2024-07-10 08:17:00,False,ICE,7137833056273713088-2407100045,17,2024-07-10 08:08:00,2024-07-10 08:11:00,2024-07-10 08:14:00,2024-07-10 08:17:00
Stuttgart Hbf,ICE 913,München Hbf,8,2024-07-10 09:36:00,False,ICE,-6165068286223376269-2407100547,10,2024-07-10 09:22:00,2024-07-10 09:31:00,2024-07-10 09:28:00,2024-07-10 09:36:00
Stuttgart Hbf,ICE 591,München Hbf,38,2024-07-10 09:53:00,False,ICE,-9076044575966614071-2407100302,15,2024-07-10 09:08:00,2024-07-10 09:48:00,2024-07-10 09:15:00,2024-07-10 09:53:00
Stuttgart Hbf,ICE 612,Kiel Hbf,10,2024-07-10 10:01:00,False,ICE,-7184453857839759572-2407100728,5,2024-07-10 09:45:00,2024-07-10 09:46:00,2024-07-10 09:51:00,2024-07-10 10:01:00
Stuttgart Hbf,ICE 1010,Dortmund Hbf,4,2024-07-10 10:41:00,False,ICE,-1202781486977583710-2407100828,5,2024-07-10 10:31:00,2024-07-10 10:36:00,2024-07-10 10:37:00,2024-07-10 10:41:00
Stuttgart Hbf,ICE 690,Berlin Gesundbrunnen,2,2024-07-10 10:53:00,False,ICE,-2543008509222161707-2407100846,5,2024-07-10 10:43:00,2024-07-10 10:48:00,2024-07-10 10:51:00,2024-07-10 10:53:00
Stuttgart Hbf,ICE 513,München Hbf,5,2024-07-10 10:19:00,False,ICE,-1316725331766652964-2407100602,10,2024-07-10 10:08:00,2024-07-10 10:13:00,2024-07-10 10:14:00,2024-07-10 10:19:00
Stuttgart Hbf,ICE 563,München Hbf,2,2024-07-10 10:53:00,False,ICE,7515891464844108057-2407100827,6,2024-07-10 10:45:00,2024-07-10 10:47:00,2024-07-10 10:51:00,2024-07-10 10:53:00
Stuttgart Hbf,ICE 915,München Hbf,2,2024-07-10 11:30:00,False,ICE,400157404087783375-2407100751,10,2024-07-10 11:22:00,2024-07-10 11:23:00,2024-07-10 11:28:00,2024-07-10 11:30:00
Stuttgart Hbf,ICE 593,München Hbf,54,2024-07-10 12:09:00,False,ICE,2269193621654513451-2407100516,11,2024-07-10 11:08:00,2024-07-10 12:05:00,2024-07-10 11:15:00,2024-07-10 12:09:00
Stuttgart Hbf,ICE 1290,Frankfurt(Main)Hbf,11,2024-07-10 12:16:00,False,ICE,-9206844568518319678-2407100800,11,2024-07-10 11:59:00,2024-07-10 12:02:00,2024-07-10 12:05:00,2024-07-10 12:16:00
Stuttgart Hbf,ICE 115,Klagenfurt Hbf,1,2024-07-10 11:59:00,False,ICE,-1244506323428825924-2407100631,18,2024-07-10 11:53:00,2024-07-10 11:53:00,2024-07-10 11:58:00,2024-07-10 11:59:00
Stuttgart Hbf,ICE 610,Hamburg-Altona,6,2024-07-10 11:57:00,False,ICE,9011011619156863439-2407100927,5,2024-07-10 11:45:00,2024-07-10 11:47:00,2024-07-10 11:51:00,2024-07-10 11:57:00
Stuttgart Hbf,ICE 568,Karlsruhe Hbf,2,2024-07-10 11:14:00,False,ICE,-5628776902806503379-2407100903,5,2024-07-10 11:02:00,2024-07-10 11:09:00,2024-07-10 11:12:00,2024-07-10 11:14:00
Stuttgart Hbf,ICE 119,Innsbruck Hbf,1,2024-07-10 12:58:00,False,ICE,-5651847012247675964-2407100753,14,2024-07-10 12:48:00,2024-07-10 12:53:00,2024-07-10 12:57:00,2024-07-10 12:58:00
Stuttgart Hbf,ICE 1218,Berlin Gesundbrunnen,1,2024-07-10 12:52:00,False,ICE,8983673647294408675-2407100840,11,2024-07-10 12:43:00,2024-07-10 12:47:00,2024-07-10 12:51:00,2024-07-10 12:52:00
Stuttgart Hbf,ICE 918,Dortmund Hbf,10,2024-07-10 12:48:00,False,ICE,7844358081895785158-2407101030,4,2024-07-10 12:32:00,2024-07-10 12:38:00,2024-07-10 12:38:00,2024-07-10 12:48:00
Stuttgart Hbf,ICE 565,München Hbf,3,2024-07-10 12:54:00,False,ICE,3705893801311502416-2407101205,3,2024-07-10 12:45:00,2024-07-10 12:49:00,2024-07-10 12:51:00,2024-07-10 12:54:00
Stuttgart Hbf,ICE 515,München Hbf,18,2024-07-10 12:32:00,False,ICE,6512354943507599026-2407100529,15,2024-07-10 12:08:00,2024-07-10 12:26:00,2024-07-10 12:14:00,2024-07-10 12:32:00
Stuttgart Hbf,ICE 595,München Hbf,73,2024-07-10 14:28:00,True,ICE,-2221597426497896240-2407100726,10,2024-07-10 13:08:00,2024-07-10 14:23:00,2024-07-10 13:15:00,2024-07-10 14:28:00
Stuttgart Hbf,ICE 917,München Hbf,1,2024-07-10 13:29:00,False,ICE,-1038875971032103661-2407101045,6,2024-07-10 13:20:00,2024-07-10 13:25:00,2024-07-10 13:28:00,2024-07-10 13:29:00
Stuttgart Hbf,ICE 518,Hamburg-Altona,1,2024-07-10 13:52:00,False,ICE,-6452407069337976676-2407101128,5,2024-07-10 13:45:00,2024-07-10 13:45:00,2024-07-10 13:51:00,2024-07-10 13:52:00
Stuttgart Hbf,ICE 566,Karlsruhe Hbf,4,2024-07-10 13:13:00,False,ICE,-4243685153474784824-2407101103,5,2024-07-10 13:02:00,2024-07-10 13:03:00,2024-07-10 13:09:00,2024-07-10 13:13:00
Stuttgart Hbf,ICE 517,München Hbf,14,2024-07-10 14:28:00,False,ICE,-4602427783665327588-2407100728,14,2024-07-10 14:08:00,2024-07-10 14:23:00,2024-07-10 14:14:00,2024-07-10 14:28:00
Stuttgart Hbf,ICE 596,Berlin Gesundbrunnen,3,2024-07-10 14:54:00,False,ICE,4083739950560377043-2407101246,5,2024-07-10 14:43:00,2024-07-10 14:45:00,2024-07-10 14:51:00,2024-07-10 14:54:00
Stuttgart Hbf,ICE 118,Münster(Westf)Hbf,5,2024-07-10 15:17:00,False,ICE,-2026324236731915142-2407100854,20,2024-07-10 14:59:00,2024-07-10 15:03:00,2024-07-10 15:12:00,2024-07-10 15:17:00
Stuttgart Hbf,ICE 567,München Hbf,2,2024-07-10 14:53:00,False,ICE,3762301582140299933-2407101405,3,2024-07-10 14:45:00,2024-07-10 14:46:00,2024-07-10 14:51:00,2024-07-10 14:53:00
Stuttgart Hbf,ICE 597,München Hbf,44,2024-07-10 15:59:00,False,ICE,5254114651454294172-2407100915,11,2024-07-10 15:08:00,2024-07-10 15:48:00,2024-07-10 15:15:00,2024-07-10 15:59:00
Stuttgart Hbf,ICE 114,Dortmund Hbf,3,2024-07-10 16:10:00,False,ICE,-940035628142522529-2407100842,23,2024-07-10 15:59:00,2024-07-10 16:05:00,2024-07-10 16:07:00,2024-07-10 16:10:00
Stuttgart Hbf,ICE 516,Hamburg-Altona,3,2024-07-10 15:54:00,False,ICE,6954924236955692259-2407101328,5,2024-07-10 15:45:00,2024-07-10 15:49:00,2024-07-10 15:51:00,2024-07-10 15:54:00
Stuttgart Hbf,ICE 117,Klagenfurt Hbf,24,2024-07-10 16:23:00,False,ICE,9042395260942796037-2407101420,6,2024-07-10 15:53:00,2024-07-10 16:18:00,2024-07-10 15:59:00,2024-07-10 16:23:00
Stuttgart Hbf,ICE 564,Karlsruhe Hbf,1,2024-07-10 15:10:00,False,ICE,-1073960129091467682-2407101303,5,2024-07-10 15:02:00,2024-07-10 15:05:00,2024-07-10 15:09:00,2024-07-10 15:10:00
Stuttgart Hbf,ICE 914,Dortmund Hbf,0,2024-07-10 16:37:00,False,ICE,-1253548023198098278-2407101428,5,2024-07-10 16:31:00,2024-07-10 16:26:00,2024-07-10 16:37:00,2024-07-10 16:37:00
Stuttgart Hbf,ICE 569,München Hbf,3,2024-07-10 16:54:00,False,ICE,-7759827436146803415-2407101605,3,2024-07-10 16:45:00,2024-07-10 16:49:00,2024-07-10 16:51:00,2024-07-10 16:54:00
Stuttgart Hbf,ICE 594,Berlin Gesundbrunnen,4,2024-07-10 16:55:00,False,ICE,1140779865956290650-2407101446,5,2024-07-10 16:43:00,2024-07-10 16:49:00,2024-07-10 16:51:00,2024-07-10 16:55:00
Stuttgart Hbf,ICE 519,München Hbf,52,2024-07-10 17:06:00,False,ICE,-8471873024121272354-2407100929,16,2024-07-10 16:08:00,2024-07-10 17:01:00,2024-07-10 16:14:00,2024-07-10 17:06:00
Stuttgart Hbf,ICE 514,Hamburg-Altona,4,2024-07-10 17:55:00,False,ICE,-5040855886902453859-2407101528,5,2024-07-10 17:45:00,2024-07-10 17:50:00,2024-07-10 17:51:00,2024-07-10 17:55:00
Stuttgart Hbf,ICE 1011,München Hbf,16,2024-07-10 17:44:00,False,ICE,8564432605510706771-2407101349,10,2024-07-10 17:21:00,2024-07-10 17:36:00,2024-07-10 17:28:00,2024-07-10 17:44:00
Stuttgart Hbf,ICE 599,München Hbf,49,2024-07-10 18:03:00,False,ICE,8059314318384301883-2407101126,10,2024-07-10 17:08:00,2024-07-10 17:58:00,2024-07-10 17:14:00,2024-07-10 18:03:00
Stuttgart Hbf,ICE 562,Saarbrücken Hbf,1,2024-07-10 17:09:00,False,ICE,-6869650552962585885-2407101502,5,2024-07-10 17:02:00,2024-07-10 17:04:00,2024-07-10 17:08:00,2024-07-10 17:09:00
Stuttgart Hbf,ICE 1069,München Hbf,2,2024-07-10 18:59:00,False,ICE,7280991471195430281-2407101805,3,2024-07-10 18:51:00,2024-07-10 18:49:00,2024-07-10 18:57:00,2024-07-10 18:59:00
Stuttgart Hbf,ICE 912,Dortmund Hbf,13,2024-07-10 18:51:00,False,ICE,-977669644680017628-2407101628,5,2024-07-10 18:32:00,2024-07-10 18:46:00,2024-07-10 18:38:00,2024-07-10 18:51:00
Stuttgart Hbf,ICE 611,München Hbf,23,2024-07-10 18:37:00,False,ICE,5653087570567167872-2407101129,15,2024-07-10 18:08:00,2024-07-10 18:32:00,2024-07-10 18:14:00,2024-07-10 18:37:00
Stuttgart Hbf,ICE 592,Hamburg-Altona,14,2024-07-10 19:05:00,False,ICE,5089820149948252230-2407101646,5,2024-07-10 18:43:00,2024-07-10 19:00:00,2024-07-10 18:51:00,2024-07-10 19:05:00
Stuttgart Hbf,ICE 1211,Innsbruck Hbf,33,2024-07-10 19:48:00,False,ICE,8560770616564367826-2407101316,11,2024-07-10 19:08:00,2024-07-10 19:42:00,2024-07-10 19:15:00,2024-07-10 19:48:00
Stuttgart Hbf,ICE 1013,München Hbf,3,2024-07-10 19:31:00,False,ICE,2333246513660073790-2407101550,10,2024-07-10 19:22:00,2024-07-10 19:26:00,2024-07-10 19:28:00,2024-07-10 19:31:00
Stuttgart Hbf,ICE 1099,München Hbf,5,2024-07-10 20:03:00,False,ICE,-8959018065734509300-2407101819,6,2024-07-10 19:52:00,2024-07-10 19:58:00,2024-07-10 19:58:00,2024-07-10 20:03:00
Stuttgart Hbf,ICE 266,Basel SBB,3,2024-07-10 19:15:00,False,ICE,-2795453744905001153-2407101658,6,2024-07-10 19:02:00,2024-07-10 19:10:00,2024-07-10 19:12:00,2024-07-10 19:15:00
Stuttgart Hbf,ICE 512,Münster(Westf)Hbf,3,2024-07-10 19:54:00,False,ICE,7537395545451740415-2407101728,5,2024-07-10 19:45:00,2024-07-10 19:48:00,2024-07-10 19:51:00,2024-07-10 19:54:00
Stuttgart Hbf,ICE 613,München Hbf,3,2024-07-10 20:17:00,False,ICE,5295243416856313869-2407101237,15,2024-07-10 20:08:00,2024-07-10 20:12:00,2024-07-10 20:14:00,2024-07-10 20:17:00
Stuttgart Hbf,ICE 590,Frankfurt(Main)Hbf,1,2024-07-10 20:52:00,False,ICE,-7610672940066525446-2407101846,5,2024-07-10 20:43:00,2024-07-10 20:46:00,2024-07-10 20:51:00,2024-07-10 20:52:00
Stuttgart Hbf,ICE 910,Düsseldorf Hbf,2,2024-07-10 20:40:00,False,ICE,6195485783263057734-2407101828,5,2024-07-10 20:32:00,2024-07-10 20:34:00,2024-07-10 20:38:00,2024-07-10 20:40:00
Stuttgart Hbf,ICE 1015,München Hbf,12,2024-07-10 21:40:00,False,ICE,-6727683722954373951-2407101750,10,2024-07-10 21:22:00,2024-07-10 21:32:00,2024-07-10 21:28:00,2024-07-10 21:40:00
Stuttgart Hbf,ICE 693,München Hbf,15,2024-07-10 21:30:00,False,ICE,-1412524464226526551-2407101526,10,2024-07-10 21:08:00,2024-07-10 21:22:00,2024-07-10 21:15:00,2024-07-10 21:30:00
Stuttgart Hbf,ICE 510,Hamburg-Altona,0,2024-07-10 21:51:00,False,ICE,8322424274180843926-2407101928,5,2024-07-10 21:45:00,2024-07-10 21:35:00,2024-07-10 21:51:00,2024-07-10 21:51:00
Stuttgart Hbf,ICE 560,Karlsruhe Hbf,1,2024-07-10 21:12:00,False,ICE,-1895474681646249837-2407101901,6,2024-07-10 21:03:00,2024-07-10 21:03:00,2024-07-10 21:11:00,2024-07-10 21:12:00
Stuttgart Hbf,ICE 990,Hamburg-Altona,2,2024-07-10 22:53:00,False,ICE,-2320340282101811304-2407102043,6,2024-07-10 22:43:00,2024-07-10 22:48:00,2024-07-10 22:51:00,2024-07-10 22:53:00
Stuttgart Hbf,ICE 615,München Hbf,6,2024-07-10 22:20:00,False,ICE,-5425302918995479956-2407101529,15,2024-07-10 22:08:00,2024-07-10 22:15:00,2024-07-10 22:14:00,2024-07-10 22:20:00
Stuttgart Hbf,ICE 698,Berlin Hbf,37,2024-07-11 00:48:00,False,ICE,7108274583246193747-2407102151,5,2024-07-11 00:01:00,2024-07-10 23:51:00,2024-07-11 00:11:00,2024-07-11 00:48:00
Stuttgart Hbf,ICE 617,München Hbf,23,2024-07-11 00:41:00,False,ICE,6194893901306646476-2407101729,17,2024-07-11 00:08:00,2024-07-11 00:36:00,2024-07-11 00:18:00,2024-07-11 00:41:00
Stuttgart Hbf,ICE 618,Kiel Hbf,0,2024-07-11 02:22:00,False,ICE,2686007473625185344-2407110001,5,2024-07-11 02:16:00,2024-07-11 02:00:00,2024-07-11 02:22:00,2024-07-11 02:22:00
Stuttgart Hbf,ICE 215,München Hbf,76,2024-07-11 03:26:00,False,ICE,-3639105195943060538-2407110017,3,2024-07-11 02:04:00,2024-07-11 03:21:00,2024-07-11 02:10:00,2024-07-11 03:26:00
Stuttgart Hbf,ICE 619,München Hbf,-1,2024-07-11 03:38:00,False,ICE,7474414276230536927-2407101838,20,2024-07-11 03:33:00,2024-07-11 03:14:00,2024-07-11 03:39:00,2024-07-11 03:38:00
Stuttgart Hbf,ICE 699,München Hbf,0,2024-07-11 05:12:00,False,ICE,-7138074359361066746-2407101919,16,2024-07-11 04:52:00,2024-07-11 04:27:00,2024-07-11 05:12:00,2024-07-11 05:12:00
Stuttgart Hbf,ICE 1061,München Hbf,0,2024-07-11 05:52:00,False,ICE,5427594935199921006-2407110453,5,2024-07-11 05:45:00,2024-07-11 05:44:00,2024-07-11 05:52:00,2024-07-11 05:52:00
Stuttgart Hbf,ICE 616,Hamburg-Altona,0,2024-07-11 05:51:00,False,ICE,-8624992757107064587-2407110322,5,2024-07-11 05:45:00,2024-07-11 05:34:00,2024-07-11 05:51:00,2024-07-11 05:51:00
Stuttgart Hbf,ICE 561,München Hbf,8,2024-07-11 06:58:00,False,ICE,-605877143281749034-2407110600,3,2024-07-11 06:44:00,2024-07-11 06:45:00,2024-07-11 06:50:00,2024-07-11 06:58:00
Stuttgart Hbf,ICE 911,München Hbf,11,2024-07-11 07:39:00,False,ICE,-5135229961965226618-2407110603,2,2024-07-11 07:20:00,2024-07-11 07:31:00,2024-07-11 07:28:00,2024-07-11 07:39:00
Stuttgart Hbf,ICE 1098,Frankfurt(Main)Hbf,2,2024-07-11 08:07:00,False,ICE,1402637927240724353-2407110544,6,2024-07-11 07:59:00,2024-07-11 08:02:00,2024-07-11 08:05:00,2024-07-11 08:07:00
Stuttgart Hbf,ICE 991,München Hbf,4,2024-07-11 07:19:00,False,ICE,4178793572863103484-2407110526,5,2024-07-11 07:07:00,2024-07-11 07:14:00,2024-07-11 07:15:00,2024-07-11 07:19:00
Stuttgart Hbf,ICE 614,Hamburg-Altona,2,2024-07-11 07:53:00,False,ICE,67517114520381301-2407110532,5,2024-07-11 07:45:00,2024-07-11 07:48:00,2024-07-11 07:51:00,2024-07-11 07:53:00
Stuttgart Hbf,ICE 1068,Karlsruhe Hbf,0,2024-07-11 07:10:00,False,ICE,1847313071699172804-2407110500,5,2024-07-11 07:04:00,2024-07-11 07:01:00,2024-07-11 07:10:00,2024-07-11 07:10:00
Stuttgart Hbf,ICE 692,Berlin Hbf,2,2024-07-11 08:53:00,False,ICE,-690776802853422910-2407110641,5,2024-07-11 08:44:00,2024-07-11 08:46:00,2024-07-11 08:51:00,2024-07-11 08:53:00
Stuttgart Hbf,ICE 267,München Hbf,4,2024-07-11 08:55:00,False,ICE,9036257144873715932-2407110550,11,2024-07-11 08:45:00,2024-07-11 08:50:00,2024-07-11 08:51:00,2024-07-11 08:55:00
Stuttgart Hbf,ICE 511,München Hbf,11,2024-07-11 08:25:00,False,ICE,7137833056273713088-2407110045,17,2024-07-11 08:08:00,2024-07-11 08:17:00,2024-07-11 08:14:00,2024-07-11 08:25:00
Stuttgart Hbf,ICE 1012,Dortmund Hbf,6,2024-07-11 08:45:00,False,ICE,-6324333303227400345-2407110626,5,2024-07-11 08:31:00,2024-07-11 08:40:00,2024-07-11 08:39:00,2024-07-11 08:45:00
Stuttgart Hbf,ICE 591,München Hbf,22,2024-07-11 09:37:00,False,ICE,-9076044575966614071-2407110302,15,2024-07-11 09:08:00,2024-07-11 09:28:00,2024-07-11 09:15:00,2024-07-11 09:37:00
Stuttgart Hbf,ICE 913,München Hbf,4,2024-07-11 09:32:00,False,ICE,-6165068286223376269-2407110547,10,2024-07-11 09:22:00,2024-07-11 09:25:00,2024-07-11 09:28:00,2024-07-11 09:32:00
Stuttgart Hbf,ICE 612,Kiel Hbf,1,2024-07-11 09:52:00,False,ICE,-7184453857839759572-2407110728,5,2024-07-11 09:45:00,2024-07-11 09:45:00,2024-07-11 09:51:00,2024-07-11 09:52:00
Stuttgart Hbf,ICE 563,München Hbf,0,2024-07-11 10:51:00,False,ICE,7515891464844108057-2407110827,6,2024-07-11 10:45:00,2024-07-11 10:44:00,2024-07-11 10:51:00,2024-07-11 10:51:00
Stuttgart Hbf,ICE 690,Berlin Gesundbrunnen,9,2024-07-11 11:00:00,False,ICE,-2543008509222161707-2407110846,5,2024-07-11 10:43:00,2024-07-11 10:50:00,2024-07-11 10:51:00,2024-07-11 11:00:00
Stuttgart Hbf,ICE 1010,Dortmund Hbf,15,2024-07-11 10:52:00,False,ICE,-1202781486977583710-2407110828,5,2024-07-11 10:31:00,2024-07-11 10:40:00,2024-07-11 10:37:00,2024-07-11 10:52:00
Stuttgart Hbf,ICE 513,München Hbf,12,2024-07-11 10:26:00,False,ICE,-1316725331766652964-2407110602,10,2024-07-11 10:08:00,2024-07-11 10:21:00,2024-07-11 10:14:00,2024-07-11 10:26:00
Stuttgart Hbf,ICE 915,München Hbf,3,2024-07-11 11:31:00,False,ICE,400157404087783375-2407110751,10,2024-07-11 11:22:00,2024-07-11 11:24:00,2024-07-11 11:28:00,2024-07-11 11:31:00
Stuttgart Hbf,ICE 610,Hamburg-Altona,2,2024-07-11 11:53:00,False,ICE,9011011619156863439-2407110927,5,2024-07-11 11:45:00,2024-07-11 11:46:00,2024-07-11 11:51:00,2024-07-11 11:53:00
Stuttgart Hbf,ICE 593,München Hbf,3,2024-07-11 11:18:00,False,ICE,2269193621654513451-2407110516,11,2024-07-11 11:08:00,2024-07-11 11:10:00,2024-07-11 11:15:00,2024-07-11 11:18:00
Stuttgart Hbf,ICE 115,Klagenfurt Hbf,2,2024-07-11 12:00:00,False,ICE,-1244506323428825924-2407110631,18,2024-07-11 11:53:00,2024-07-11 11:54:00,2024-07-11 11:58:00,2024-07-11 12:00:00
Stuttgart Hbf,ICE 568,Karlsruhe Hbf,1,2024-07-11 11:13:00,False,ICE,-5628776902806503379-2407110903,5,2024-07-11 11:02:00,2024-07-11 11:08:00,2024-07-11 11:12:00,2024-07-11 11:13:00
Stuttgart Hbf,ICE 1290,Frankfurt(Main)Hbf,18,2024-07-11 12:23:00,False,ICE,-9206844568518319678-2407110800,11,2024-07-11 11:59:00,2024-07-11 12:18:00,2024-07-11 12:05:00,2024-07-11 12:23:00
Stuttgart Hbf,ICE 119,Innsbruck Hbf,12,2024-07-11 13:09:00,False,ICE,-5651847012247675964-2407110753,14,2024-07-11 12:48:00,2024-07-11 13:04:00,2024-07-11 12:57:00,2024-07-11 13:09:00
Stuttgart Hbf,ICE 918,Dortmund Hbf,6,2024-07-11 12:44:00,False,ICE,7844358081895785158-2407111030,4,2024-07-11 12:32:00,2024-07-11 12:39:00,2024-07-11 12:38:00,2024-07-11 12:44:00
Stuttgart Hbf,ICE 1218,Berlin Gesundbrunnen,6,2024-07-11 12:57:00,False,ICE,8983673647294408675-2407110840,11,2024-07-11 12:43:00,2024-07-11 12:52:00,2024-07-11 12:51:00,2024-07-11 12:57:00
Stuttgart Hbf,ICE 565,München Hbf,2,2024-07-11 12:53:00,False,ICE,3705893801311502416-2407111205,3,2024-07-11 12:45:00,2024-07-11 12:46:00,2024-07-11 12:51:00,2024-07-11 12:53:00
Stuttgart Hbf,ICE 515,München Hbf,10,2024-07-11 12:24:00,False,ICE,6512354943507599026-2407110529,15,2024-07-11 12:08:00,2024-07-11 12:18:00,2024-07-11 12:14:00,2024-07-11 12:24:00
Stuttgart Hbf,ICE 917,München Hbf,37,2024-07-11 14:05:00,False,ICE,-1038875971032103661-2407111045,6,2024-07-11 13:20:00,2024-07-11 13:59:00,2024-07-11 13:28:00,2024-07-11 14:05:00
Stuttgart Hbf,ICE 595,München Hbf,8,2024-07-11 13:23:00,False,ICE,-2221597426497896240-2407110726,10,2024-07-11 13:08:00,2024-07-11 13:18:00,2024-07-11 13:15:00,2024-07-11 13:23:00
Stuttgart Hbf,ICE 518,Hamburg-Altona,2,2024-07-11 13:53:00,False,ICE,-6452407069337976676-2407111128,5,2024-07-11 13:45:00,2024-07-11 13:47:00,2024-07-11 13:51:00,2024-07-11 13:53:00
Stuttgart Hbf,ICE 566,Karlsruhe Hbf,3,2024-07-11 13:12:00,False,ICE,-4243685153474784824-2407111103,5,2024-07-11 13:02:00,2024-07-11 13:06:00,2024-07-11 13:09:00,2024-07-11 13:12:00
Stuttgart Hbf,ICE 517,München Hbf,23,2024-07-11 14:37:00,False,ICE,-4602427783665327588-2407110728,14,2024-07-11 14:08:00,2024-07-11 14:28:00,2024-07-11 14:14:00,2024-07-11 14:37:00
Stuttgart Hbf,ICE 596,Berlin Gesundbrunnen,17,2024-07-11 15:08:00,False,ICE,4083739950560377043-2407111246,5,2024-07-11 14:43:00,2024-07-11 15:03:00,2024-07-11 14:51:00,2024-07-11 15:08:00
Stuttgart Hbf,ICE 118,Münster(Westf)Hbf,6,2024-07-11 15:18:00,False,ICE,-2026324236731915142-2407110854,20,2024-07-11 14:59:00,2024-07-11 15:06:00,2024-07-11 15:12:00,2024-07-11 15:18:00
Stuttgart Hbf,ICE 567,München Hbf,2,2024-07-11 14:53:00,False,ICE,3762301582140299933-2407111405,3,2024-07-11 14:45:00,2024-07-11 14:47:00,2024-07-11 14:51:00,2024-07-11 14:53:00
Stuttgart Hbf,ICE 117,Klagenfurt Hbf,7,2024-07-11 16:06:00,False,ICE,9042395260942796037-2407111420,6,2024-07-11 15:53:00,2024-07-11 16:01:00,2024-07-11 15:59:00,2024-07-11 16:06:00
Stuttgart Hbf,ICE 114,Dortmund Hbf,2,2024-07-11 16:09:00,False,ICE,-940035628142522529-2407110842,23,2024-07-11 15:59:00,2024-07-11 16:04:00,2024-07-11 16:07:00,2024-07-11 16:09:00
Stuttgart Hbf,ICE 597,München Hbf,33,2024-07-11 15:48:00,False,ICE,5254114651454294172-2407110915,11,2024-07-11 15:08:00,2024-07-11 15:40:00,2024-07-11 15:15:00,2024-07-11 15:48:00
Stuttgart Hbf,ICE 516,Hamburg-Altona,2,2024-07-11 15:53:00,False,ICE,6954924236955692259-2407111328,5,2024-07-11 15:45:00,2024-07-11 15:45:00,2024-07-11 15:51:00,2024-07-11 15:53:00
Stuttgart Hbf,ICE 564,Karlsruhe Hbf,12,2024-07-11 15:21:00,False,ICE,-1073960129091467682-2407111303,5,2024-07-11 15:02:00,2024-07-11 15:08:00,2024-07-11 15:09:00,2024-07-11 15:21:00
Stuttgart Hbf,ICE 914,Dortmund Hbf,4,2024-07-11 16:41:00,False,ICE,-1253548023198098278-2407111428,5,2024-07-11 16:31:00,2024-07-11 16:36:00,2024-07-11 16:37:00,2024-07-11 16:41:00
Stuttgart Hbf,ICE 569,München Hbf,1,2024-07-11 16:52:00,False,ICE,-7759827436146803415-2407111605,3,2024-07-11 16:45:00,2024-07-11 16:48:00,2024-07-11 16:51:00,2024-07-11 16:52:00
Stuttgart Hbf,ICE 594,Berlin Gesundbrunnen,1,2024-07-11 16:52:00,False,ICE,1140779865956290650-2407111446,5,2024-07-11 16:43:00,2024-07-11 16:47:00,2024-07-11 16:51:00,2024-07-11 16:52:00
Stuttgart Hbf,ICE 519,München Hbf,23,2024-07-11 16:37:00,False,ICE,-8471873024121272354-2407110929,16,2024-07-11 16:08:00,2024-07-11 16:31:00,2024-07-11 16:14:00,2024-07-11 16:37:00
Stuttgart Hbf,ICE 1011,München Hbf,10,2024-07-11 17:38:00,False,ICE,8564432605510706771-2407111349,10,2024-07-11 17:21:00,2024-07-11 17:33:00,2024-07-11 17:28:00,2024-07-11 17:38:00
Stuttgart Hbf,ICE 514,Hamburg-Altona,1,2024-07-11 17:52:00,False,ICE,-5040855886902453859-2407111528,5,2024-07-11 17:45:00,2024-07-11 17:47:00,2024-07-11 17:51:00,2024-07-11 17:52:00
Stuttgart Hbf,ICE 599,München Hbf,16,2024-07-11 17:30:00,False,ICE,8059314318384301883-2407111126,10,2024-07-11 17:08:00,2024-07-11 17:25:00,2024-07-11 17:14:00,2024-07-11 17:30:00
Stuttgart Hbf,ICE 562,Saarbrücken Hbf,3,2024-07-11 17:11:00,False,ICE,-6869650552962585885-2407111502,5,2024-07-11 17:02:00,2024-07-11 17:06:00,2024-07-11 17:08:00,2024-07-11 17:11:00
Stuttgart Hbf,ICE 611,München Hbf,5,2024-07-11 18:19:00,False,ICE,5653087570567167872-2407111129,15,2024-07-11 18:08:00,2024-07-11 18:13:00,2024-07-11 18:14:00,2024-07-11 18:19:00
Stuttgart Hbf,ICE 592,Hamburg-Altona,47,2024-07-11 19:38:00,False,ICE,5089820149948252230-2407111646,5,2024-07-11 18:43:00,2024-07-11 19:32:00,2024-07-11 18:51:00,2024-07-11 19:38:00
Stuttgart Hbf,ICE 1069,München Hbf,8,2024-07-11 19:05:00,False,ICE,7280991471195430281-2407111805,3,2024-07-11 18:51:00,2024-07-11 18:46:00,2024-07-11 18:57:00,2024-07-11 19:05:00
Stuttgart Hbf,ICE 912,Dortmund Hbf,3,2024-07-11 18:41:00,False,ICE,-977669644680017628-2407111628,5,2024-07-11 18:32:00,2024-07-11 18:34:00,2024-07-11 18:38:00,2024-07-11 18:41:00
Stuttgart Hbf,ICE 1099,München Hbf,5,2024-07-11 20:03:00,False,ICE,-8959018065734509300-2407111819,6,2024-07-11 19:52:00,2024-07-11 19:58:00,2024-07-11 19:58:00,2024-07-11 20:03:00
Stuttgart Hbf,ICE 1013,München Hbf,43,2024-07-11 20:11:00,False,ICE,2333246513660073790-2407111550,10,2024-07-11 19:22:00,2024-07-11 20:06:00,2024-07-11 19:28:00,2024-07-11 20:11:00
Stuttgart Hbf,ICE 1211,Innsbruck Hbf,16,2024-07-11 19:31:00,False,ICE,8560770616564367826-2407111316,11,2024-07-11 19:08:00,2024-07-11 19:26:00,2024-07-11 19:15:00,2024-07-11 19:31:00
Stuttgart Hbf,ICE 512,Münster(Westf)Hbf,0,2024-07-11 19:51:00,False,ICE,7537395545451740415-2407111728,5,2024-07-11 19:45:00,2024-07-11 19:44:00,2024-07-11 19:51:00,2024-07-11 19:51:00
Stuttgart Hbf,ICE 266,Basel SBB,30,2024-07-11 19:42:00,False,ICE,-2795453744905001153-2407111658,6,2024-07-11 19:02:00,2024-07-11 19:37:00,2024-07-11 19:12:00,2024-07-11 19:42:00
Stuttgart Hbf,ICE 590,Frankfurt(Main)Hbf,46,2024-07-11 21:37:00,False,ICE,-7610672940066525446-2407111846,5,2024-07-11 20:43:00,2024-07-11 21:32:00,2024-07-11 20:51:00,2024-07-11 21:37:00
Stuttgart Hbf,ICE 613,München Hbf,15,2024-07-11 20:29:00,False,ICE,5295243416856313869-2407111237,15,2024-07-11 20:08:00,2024-07-11 20:23:00,2024-07-11 20:14:00,2024-07-11 20:29:00
Stuttgart Hbf,ICE 910,Düsseldorf Hbf,35,2024-07-11 21:13:00,False,ICE,6195485783263057734-2407111828,5,2024-07-11 20:32:00,2024-07-11 21:08:00,2024-07-11 20:38:00,2024-07-11 21:13:00
Stuttgart Hbf,ICE 560,Karlsruhe Hbf,25,2024-07-11 21:36:00,True,ICE,-1895474681646249837-2407111901,6,2024-07-11 21:03:00,2024-07-11 21:30:00,2024-07-11 21:11:00,2024-07-11 21:36:00
Stuttgart Hbf,ICE 510,Hamburg-Altona,82,2024-07-11 23:13:00,False,ICE,8322424274180843926-2407111928,5,2024-07-11 21:45:00,2024-07-11 23:08:00,2024-07-11 21:51:00,2024-07-11 23:13:00
Stuttgart Hbf,ICE 693,München Hbf,4,2024-07-11 21:19:00,False,ICE,-1412524464226526551-2407111526,10,2024-07-11 21:08:00,2024-07-11 21:14:00,2024-07-11 21:15:00,2024-07-11 21:19:00
Stuttgart Hbf,ICE 1015,München Hbf,2,2024-07-11 21:30:00,False,ICE,-6727683722954373951-2407111750,10,2024-07-11 21:22:00,2024-07-11 21:24:00,2024-07-11 21:28:00,2024-07-11 21:30:00
Stuttgart Hbf,ICE 615,München Hbf,33,2024-07-11 22:47:00,False,ICE,-5425302918995479956-2407111529,15,2024-07-11 22:08:00,2024-07-11 22:09:00,2024-07-11 22:14:00,2024-07-11 22:47:00
Stuttgart Hbf,ICE 990,Frankfurt(Main)Hbf,63,2024-07-11 23:54:00,False,ICE,-2320340282101811304-2407112043,6,2024-07-11 22:43:00,2024-07-11 23:49:00,2024-07-11 22:51:00,2024-07-11 23:54:00
Stuttgart Hbf,ICE 617,München Hbf,14,2024-07-12 00:32:00,False,ICE,6194893901306646476-2407111729,17,2024-07-12 00:08:00,2024-07-12 00:17:00,2024-07-12 00:18:00,2024-07-12 00:32:00
Stuttgart Hbf,ICE 698,Berlin Hbf,10,2024-07-12 00:21:00,False,ICE,7108274583246193747-2407112151,5,2024-07-12 00:01:00,2024-07-12 00:16:00,2024-07-12 00:11:00,2024-07-12 00:21:00
Stuttgart Hbf,ICE 215,München Hbf,4,2024-07-12 02:14:00,False,ICE,-3639105195943060538-2407120017,3,2024-07-12 02:04:00,2024-07-12 02:05:00,2024-07-12 02:10:00,2024-07-12 02:14:00
Stuttgart Hbf,ICE 618,Kiel Hbf,13,2024-07-12 02:35:00,False,ICE,2686007473625185344-2407120001,5,2024-07-12 02:16:00,2024-07-12 02:04:00,2024-07-12 02:22:00,2024-07-12 02:35:00
Stuttgart Hbf,ICE 619,München Hbf,-1,2024-07-12 03:38:00,False,ICE,7474414276230536927-2407111838,20,2024-07-12 03:33:00,2024-07-12 03:22:00,2024-07-12 03:39:00,2024-07-12 03:38:00
Stuttgart Hbf,ICE 699,München Hbf,32,2024-07-12 05:44:00,False,ICE,-7138074359361066746-2407111919,16,2024-07-12 04:52:00,2024-07-12 05:39:00,2024-07-12 05:12:00,2024-07-12 05:44:00
Stuttgart Hbf,ICE 616,Hamburg-Altona,0,2024-07-12 05:51:00,False,ICE,-8624992757107064587-2407120322,5,2024-07-12 05:45:00,2024-07-12 05:33:00,2024-07-12 05:51:00,2024-07-12 05:51:00
Stuttgart Hbf,ICE 1061,München Hbf,0,2024-07-12 05:52:00,False,ICE,5427594935199921006-2407120453,5,2024-07-12 05:45:00,2024-07-12 05:43:00,2024-07-12 05:52:00,2024-07-12 05:52:00
Stuttgart Hbf,ICE 561,München Hbf,2,2024-07-12 06:52:00,False,ICE,-605877143281749034-2407120600,3,2024-07-12 06:44:00,2024-07-12 06:47:00,2024-07-12 06:50:00,2024-07-12 06:52:00
Stuttgart Hbf,ICE 991,München Hbf,2,2024-07-12 07:17:00,False,ICE,4178793572863103484-2407120526,5,2024-07-12 07:07:00,2024-07-12 07:08:00,2024-07-12 07:15:00,2024-07-12 07:17:00
Stuttgart Hbf,ICE 1068,Karlsruhe Hbf,3,2024-07-12 07:13:00,False,ICE,1847313071699172804-2407120500,5,2024-07-12 07:04:00,2024-07-12 07:08:00,2024-07-12 07:10:00,2024-07-12 07:13:00
Stuttgart Hbf,ICE 911,München Hbf,2,2024-07-12 07:30:00,False,ICE,-5135229961965226618-2407120603,2,2024-07-12 07:20:00,2024-07-12 07:21:00,2024-07-12 07:28:00,2024-07-12 07:30:00
Stuttgart Hbf,ICE 1098,Frankfurt(Main)Hbf,3,2024-07-12 08:08:00,False,ICE,1402637927240724353-2407120544,6,2024-07-12 07:59:00,2024-07-12 08:01:00,2024-07-12 08:05:00,2024-07-12 08:08:00
Stuttgart Hbf,ICE 614,Hamburg-Altona,2,2024-07-12 07:53:00,False,ICE,67517114520381301-2407120532,5,2024-07-12 07:45:00,2024-07-12 07:48:00,2024-07-12 07:51:00,2024-07-12 07:53:00
Stuttgart Hbf,ICE 511,München Hbf,2,2024-07-12 08:16:00,False,ICE,7137833056273713088-2407120045,17,2024-07-12 08:08:00,2024-07-12 08:09:00,2024-07-12 08:14:00,2024-07-12 08:16:00
Stuttgart Hbf,ICE 1012,Düsseldorf Hbf,0,2024-07-12 08:39:00,False,ICE,-6324333303227400345-2407120626,5,2024-07-12 08:31:00,2024-07-12 08:29:00,2024-07-12 08:39:00,2024-07-12 08:39:00
Stuttgart Hbf,ICE 692,Berlin Hbf,13,2024-07-12 09:04:00,False,ICE,-690776802853422910-2407120641,5,2024-07-12 08:44:00,2024-07-12 08:59:00,2024-07-12 08:51:00,2024-07-12 09:04:00
Stuttgart Hbf,ICE 267,München Hbf,15,2024-07-12 09:06:00,False,ICE,9036257144873715932-2407120550,11,2024-07-12 08:45:00,2024-07-12 09:01:00,2024-07-12 08:51:00,2024-07-12 09:06:00
Stuttgart Hbf,ICE 591,München Hbf,17,2024-07-12 09:32:00,False,ICE,-9076044575966614071-2407120302,15,2024-07-12 09:08:00,2024-07-12 09:27:00,2024-07-12 09:15:00,2024-07-12 09:32:00
Stuttgart Hbf,ICE 913,München Hbf,9,2024-07-12 09:37:00,False,ICE,-6165068286223376269-2407120547,10,2024-07-12 09:22:00,2024-07-12 09:32:00,2024-07-12 09:28:00,2024-07-12 09:37:00
Stuttgart Hbf,ICE 612,Kiel Hbf,14,2024-07-12 10:05:00,False,ICE,-7184453857839759572-2407120728,5,2024-07-12 09:45:00,2024-07-12 09:51:00,2024-07-12 09:51:00,2024-07-12 10:05:00
Stuttgart Hbf,ICE 513,München Hbf,3,2024-07-12 10:17:00,False,ICE,-1316725331766652964-2407120602,10,2024-07-12 10:08:00,2024-07-12 10:11:00,2024-07-12 10:14:00,2024-07-12 10:17:00
Stuttgart Hbf,ICE 1010,Dortmund Hbf,6,2024-07-12 10:43:00,False,ICE,-1202781486977583710-2407120828,5,2024-07-12 10:31:00,2024-07-12 10:38:00,2024-07-12 10:37:00,2024-07-12 10:43:00
Stuttgart Hbf,ICE 563,München Hbf,3,2024-07-12 10:54:00,False,ICE,7515891464844108057-2407120827,6,2024-07-12 10:45:00,2024-07-12 10:49:00,2024-07-12 10:51:00,2024-07-12 10:54:00
Stuttgart Hbf,ICE 690,Berlin Gesundbrunnen,1,2024-07-12 10:52:00,False,ICE,-2543008509222161707-2407120846,5,2024-07-12 10:43:00,2024-07-12 10:47:00,2024-07-12 10:51:00,2024-07-12 10:52:00
Stuttgart Hbf,ICE 115,Klagenfurt Hbf,5,2024-07-12 12:03:00,False,ICE,-1244506323428825924-2407120631,18,2024-07-12 11:53:00,2024-07-12 11:58:00,2024-07-12 11:58:00,2024-07-12 12:03:00
Stuttgart Hbf,ICE 1290,Frankfurt(Main)Hbf,41,2024-07-12 12:46:00,False,ICE,-9206844568518319678-2407120800,11,2024-07-12 11:59:00,2024-07-12 12:41:00,2024-07-12 12:05:00,2024-07-12 12:46:00
Stuttgart Hbf,ICE 593,München Hbf,3,2024-07-12 11:18:00,False,ICE,2269193621654513451-2407120516,11,2024-07-12 11:08:00,2024-07-12 11:13:00,2024-07-12 11:15:00,2024-07-12 11:18:00
Stuttgart Hbf,ICE 568,Karlsruhe Hbf,2,2024-07-12 11:14:00,False,ICE,-5628776902806503379-2407120903,5,2024-07-12 11:02:00,2024-07-12 11:05:00,2024-07-12 11:12:00,2024-07-12 11:14:00
Stuttgart Hbf,ICE 610,Hamburg-Altona,2,2024-07-12 11:53:00,False,ICE,9011011619156863439-2407120927,5,2024-07-12 11:45:00,2024-07-12 11:46:00,2024-07-12 11:51:00,2024-07-12 11:53:00
Stuttgart Hbf,ICE 915,München Hbf,15,2024-07-12 11:43:00,False,ICE,400157404087783375-2407120751,10,2024-07-12 11:22:00,2024-07-12 11:35:00,2024-07-12 11:28:00,2024-07-12 11:43:00
Stuttgart Hbf,ICE 119,Innsbruck Hbf,14,2024-07-12 13:11:00,False,ICE,-5651847012247675964-2407120753,14,2024-07-12 12:48:00,2024-07-12 13:06:00,2024-07-12 12:57:00,2024-07-12 13:11:00
Stuttgart Hbf,ICE 515,München Hbf,7,2024-07-12 12:21:00,False,ICE,6512354943507599026-2407120529,15,2024-07-12 12:08:00,2024-07-12 12:13:00,2024-07-12 12:14:00,2024-07-12 12:21:00
Stuttgart Hbf,ICE 565,München Hbf,3,2024-07-12 12:54:00,False,ICE,3705893801311502416-2407121205,3,2024-07-12 12:45:00,2024-07-12 12:48:00,2024-07-12 12:51:00,2024-07-12 12:54:00
Stuttgart Hbf,ICE 1218,Berlin Gesundbrunnen,12,2024-07-12 13:03:00,False,ICE,8983673647294408675-2407120840,11,2024-07-12 12:43:00,2024-07-12 12:58:00,2024-07-12 12:51:00,2024-07-12 13:03:00
Stuttgart Hbf,ICE 918,Dortmund Hbf,4,2024-07-12 12:42:00,False,ICE,7844358081895785158-2407121030,4,2024-07-12 12:32:00,2024-07-12 12:37:00,2024-07-12 12:38:00,2024-07-12 12:42:00
Stuttgart Hbf,ICE 518,Hamburg-Altona,4,2024-07-12 13:55:00,False,ICE,-6452407069337976676-2407121128,5,2024-07-12 13:45:00,2024-07-12 13:51:00,2024-07-12 13:51:00,2024-07-12 13:55:00
Stuttgart Hbf,ICE 917,München Hbf,25,2024-07-12 13:53:00,False,ICE,-1038875971032103661-2407121045,6,2024-07-12 13:20:00,2024-07-12 13:48:00,2024-07-12 13:28:00,2024-07-12 13:53:00
Stuttgart Hbf,ICE 595,München Hbf,11,2024-07-12 13:26:00,False,ICE,-2221597426497896240-2407120726,10,2024-07-12 13:08:00,2024-07-12 13:18:00,2024-07-12 13:15:00,2024-07-12 13:26:00
Stuttgart Hbf,ICE 566,Karlsruhe Hbf,2,2024-07-12 13:11:00,False,ICE,-4243685153474784824-2407121103,5,2024-07-12 13:02:00,2024-07-12 13:03:00,2024-07-12 13:09:00,2024-07-12 13:11:00
Stuttgart Hbf,ICE 118,Münster(Westf)Hbf,0,2024-07-12 15:12:00,False,ICE,-2026324236731915142-2407120854,20,2024-07-12 14:59:00,2024-07-12 15:01:00,2024-07-12 15:12:00,2024-07-12 15:12:00
Stuttgart Hbf,ICE 517,München Hbf,3,2024-07-12 14:17:00,False,ICE,-4602427783665327588-2407120728,14,2024-07-12 14:08:00,2024-07-12 14:10:00,2024-07-12 14:14:00,2024-07-12 14:17:00
Stuttgart Hbf,ICE 596,Berlin Gesundbrunnen,4,2024-07-12 14:55:00,False,ICE,4083739950560377043-2407121246,5,2024-07-12 14:43:00,2024-07-12 14:50:00,2024-07-12 14:51:00,2024-07-12 14:55:00
Stuttgart Hbf,ICE 567,München Hbf,0,2024-07-12 14:51:00,False,ICE,3762301582140299933-2407121405,3,2024-07-12 14:45:00,2024-07-12 14:44:00,2024-07-12 14:51:00,2024-07-12 14:51:00
Stuttgart Hbf,ICE 516,Hamburg-Altona,2,2024-07-12 15:53:00,False,ICE,6954924236955692259-2407121328,5,2024-07-12 15:45:00,2024-07-12 15:46:00,2024-07-12 15:51:00,2024-07-12 15:53:00
Stuttgart Hbf,ICE 114,Dortmund Hbf,0,2024-07-12 16:07:00,False,ICE,-940035628142522529-2407120842,23,2024-07-12 15:59:00,2024-07-12 16:01:00,2024-07-12 16:07:00,2024-07-12 16:07:00
Stuttgart Hbf,ICE 597,München Hbf,5,2024-07-12 15:20:00,False,ICE,5254114651454294172-2407120915,11,2024-07-12 15:08:00,2024-07-12 15:15:00,2024-07-12 15:15:00,2024-07-12 15:20:00
Stuttgart Hbf,ICE 117,Klagenfurt Hbf,7,2024-07-12 16:06:00,False,ICE,9042395260942796037-2407121420,6,2024-07-12 15:53:00,2024-07-12 16:01:00,2024-07-12 15:59:00,2024-07-12 16:06:00
Stuttgart Hbf,ICE 564,Karlsruhe Hbf,2,2024-07-12 15:11:00,False,ICE,-1073960129091467682-2407121303,5,2024-07-12 15:02:00,2024-07-12 15:04:00,2024-07-12 15:09:00,2024-07-12 15:11:00
Stuttgart Hbf,ICE 914,Dortmund Hbf,7,2024-07-12 16:44:00,False,ICE,-1253548023198098278-2407121428,5,2024-07-12 16:31:00,2024-07-12 16:39:00,2024-07-12 16:37:00,2024-07-12 16:44:00
Stuttgart Hbf,ICE 594,Berlin Gesundbrunnen,3,2024-07-12 16:54:00,True,ICE,1140779865956290650-2407121446,5,2024-07-12 16:43:00,2024-07-12 16:45:00,2024-07-12 16:51:00,2024-07-12 16:54:00
Stuttgart Hbf,ICE 519,München Hbf,2,2024-07-12 16:16:00,False,ICE,-8471873024121272354-2407120929,16,2024-07-12 16:08:00,2024-07-12 16:11:00,2024-07-12 16:14:00,2024-07-12 16:16:00
Stuttgart Hbf,ICE 569,München Hbf,3,2024-07-12 16:54:00,False,ICE,-7759827436146803415-2407121605,3,2024-07-12 16:45:00,2024-07-12 16:47:00,2024-07-12 16:51:00,2024-07-12 16:54:00
Stuttgart Hbf,ICE 1944,Karlsruhe Hbf,3,2024-07-12 16:43:00,False,ICE,4820257442951435191-2407120510,28,2024-07-12 16:22:00,2024-07-12 16:27:00,2024-07-12 16:40:00,2024-07-12 16:43:00
Stuttgart Hbf,ICE 1011,München Hbf,13,2024-07-12 17:41:00,False,ICE,-2603312626651473862-2407121445,6,2024-07-12 17:21:00,2024-07-12 17:36:00,2024-07-12 17:28:00,2024-07-12 17:41:00
Stuttgart Hbf,ICE 514,Hamburg-Altona,5,2024-07-12 17:56:00,False,ICE,-5040855886902453859-2407121528,5,2024-07-12 17:45:00,2024-07-12 17:47:00,2024-07-12 17:51:00,2024-07-12 17:56:00
Stuttgart Hbf,ICE 599,München Hbf,24,2024-07-12 17:38:00,False,ICE,8059314318384301883-2407121126,10,2024-07-12 17:08:00,2024-07-12 17:33:00,2024-07-12 17:14:00,2024-07-12 17:38:00
Stuttgart Hbf,ICE 562,Saarbrücken Hbf,3,2024-07-12 17:11:00,False,ICE,-6869650552962585885-2407121502,5,2024-07-12 17:02:00,2024-07-12 17:04:00,2024-07-12 17:08:00,2024-07-12 17:11:00
Stuttgart Hbf,ICE 912,Dortmund Hbf,2,2024-07-12 18:40:00,False,ICE,-977669644680017628-2407121628,5,2024-07-12 18:32:00,2024-07-12 18:35:00,2024-07-12 18:38:00,2024-07-12 18:40:00
Stuttgart Hbf,ICE 592,Hamburg-Altona,11,2024-07-12 19:02:00,False,ICE,5089820149948252230-2407121646,5,2024-07-12 18:43:00,2024-07-12 18:58:00,2024-07-12 18:51:00,2024-07-12 19:02:00
Stuttgart Hbf,ICE 611,München Hbf,3,2024-07-12 18:17:00,False,ICE,5653087570567167872-2407121129,15,2024-07-12 18:08:00,2024-07-12 18:12:00,2024-07-12 18:14:00,2024-07-12 18:17:00
Stuttgart Hbf,ICE 1069,München Hbf,0,2024-07-12 18:57:00,False,ICE,7280991471195430281-2407121805,3,2024-07-12 18:51:00,2024-07-12 18:49:00,2024-07-12 18:57:00,2024-07-12 18:57:00
Stuttgart Hbf,ICE 266,Basel SBB,1,2024-07-12 19:13:00,False,ICE,-2795453744905001153-2407121658,6,2024-07-12 19:02:00,2024-07-12 19:09:00,2024-07-12 19:12:00,2024-07-12 19:13:00
Stuttgart Hbf,ICE 1211,Innsbruck Hbf,50,2024-07-12 20:05:00,False,ICE,8560770616564367826-2407121316,11,2024-07-12 19:08:00,2024-07-12 19:39:00,2024-07-12 19:15:00,2024-07-12 20:05:00
Stuttgart Hbf,ICE 1099,München Hbf,3,2024-07-12 20:01:00,False,ICE,-8959018065734509300-2407121819,6,2024-07-12 19:52:00,2024-07-12 19:56:00,2024-07-12 19:58:00,2024-07-12 20:01:00
Stuttgart Hbf,ICE 1013,München Hbf,6,2024-07-12 19:34:00,False,ICE,2333246513660073790-2407121550,10,2024-07-12 19:22:00,2024-07-12 19:29:00,2024-07-12 19:28:00,2024-07-12 19:34:00
Stuttgart Hbf,ICE 512,Münster(Westf)Hbf,8,2024-07-12 19:59:00,False,ICE,7537395545451740415-2407121728,5,2024-07-12 19:45:00,2024-07-12 19:48:00,2024-07-12 19:51:00,2024-07-12 19:59:00
Stuttgart Hbf,ICE 590,Frankfurt(Main)Hbf,4,2024-07-12 20:55:00,False,ICE,-7610672940066525446-2407121846,5,2024-07-12 20:43:00,2024-07-12 20:46:00,2024-07-12 20:51:00,2024-07-12 20:55:00
Stuttgart Hbf,ICE 613,München Hbf,43,2024-07-12 20:57:00,False,ICE,5295243416856313869-2407121237,15,2024-07-12 20:08:00,2024-07-12 20:52:00,2024-07-12 20:14:00,2024-07-12 20:57:00
Stuttgart Hbf,ICE 910,Düsseldorf Hbf,3,2024-07-12 20:41:00,False,ICE,6195485783263057734-2407121828,5,2024-07-12 20:32:00,2024-07-12 20:36:00,2024-07-12 20:38:00,2024-07-12 20:41:00
Stuttgart Hbf,ICE 1015,München Hbf,16,2024-07-12 21:44:00,False,ICE,-6727683722954373951-2407121750,10,2024-07-12 21:22:00,2024-07-12 21:38:00,2024-07-12 21:28:00,2024-07-12 21:44:00
Stuttgart Hbf,ICE 510,Hamburg-Altona,6,2024-07-12 21:57:00,False,ICE,8322424274180843926-2407121928,5,2024-07-12 21:45:00,2024-07-12 21:37:00,2024-07-12 21:51:00,2024-07-12 21:57:00
Stuttgart Hbf,ICE 693,München Hbf,48,2024-07-12 22:03:00,False,ICE,-1412524464226526551-2407121526,10,2024-07-12 21:08:00,2024-07-12 21:58:00,2024-07-12 21:15:00,2024-07-12 22:03:00
Stuttgart Hbf,ICE 560,Karlsruhe Hbf,12,2024-07-12 21:23:00,True,ICE,-1895474681646249837-2407121901,6,2024-07-12 21:03:00,2024-07-12 21:17:00,2024-07-12 21:11:00,2024-07-12 21:23:00
Stuttgart Hbf,ICE 990,Hamburg-Altona,2,2024-07-12 22:53:00,False,ICE,-2320340282101811304-2407122043,6,2024-07-12 22:43:00,2024-07-12 22:48:00,2024-07-12 22:51:00,2024-07-12 22:53:00
Stuttgart Hbf,ICE 615,München Hbf,15,2024-07-12 22:29:00,False,ICE,-5425302918995479956-2407121529,15,2024-07-12 22:08:00,2024-07-12 22:24:00,2024-07-12 22:14:00,2024-07-12 22:29:00
Stuttgart Hbf,ICE 695,München Hbf,3,2024-07-12 23:18:00,False,ICE,6202916625163174173-2407121726,10,2024-07-12 23:08:00,2024-07-12 23:13:00,2024-07-12 23:15:00,2024-07-12 23:18:00
Stuttgart Hbf,ICE 698,Berlin Hbf,0,2024-07-13 00:11:00,False,ICE,7108274583246193747-2407122151,5,2024-07-13 00:01:00,2024-07-13 00:00:00,2024-07-13 00:11:00,2024-07-13 00:11:00
Stuttgart Hbf,ICE 617,München Hbf,31,2024-07-13 00:49:00,False,ICE,6194893901306646476-2407121729,17,2024-07-13 00:12:00,2024-07-13 00:44:00,2024-07-13 00:18:00,2024-07-13 00:49:00
Stuttgart Hbf,ICE 215,München Hbf,2,2024-07-13 02:12:00,False,ICE,-3639105195943060538-2407130017,3,2024-07-13 02:04:00,2024-07-13 02:04:00,2024-07-13 02:10:00,2024-07-13 02:12:00
Stuttgart Hbf,ICE 618,Kiel Hbf,0,2024-07-13 02:22:00,False,ICE,2686007473625185344-2407130001,5,2024-07-13 02:16:00,2024-07-13 02:07:00,2024-07-13 02:22:00,2024-07-13 02:22:00
Stuttgart Hbf,ICE 1017,München Hbf,2,2024-07-13 03:38:00,False,ICE,-8865138777081149183-2407122352,6,2024-07-13 03:30:00,2024-07-13 03:31:00,2024-07-13 03:36:00,2024-07-13 03:38:00
Stuttgart Hbf,ICE 619,München Hbf,8,2024-07-13 03:47:00,False,ICE,7474414276230536927-2407121838,20,2024-07-13 03:33:00,2024-07-13 03:42:00,2024-07-13 03:39:00,2024-07-13 03:47:00
Stuttgart Hbf,ICE 699,München Hbf,0,2024-07-13 05:12:00,False,ICE,-7138074359361066746-2407121919,16,2024-07-13 04:52:00,2024-07-13 04:50:00,2024-07-13 05:12:00,2024-07-13 05:12:00
Stuttgart Hbf,ICE 616,Hamburg-Altona,0,2024-07-13 05:51:00,False,ICE,-8624992757107064587-2407130322,5,2024-07-13 05:45:00,2024-07-13 05:36:00,2024-07-13 05:51:00,2024-07-13 05:51:00
Stuttgart Hbf,ICE 991,München Hbf,1,2024-07-13 07:16:00,False,ICE,4178793572863103484-2407130526,5,2024-07-13 07:07:00,2024-07-13 07:08:00,2024-07-13 07:15:00,2024-07-13 07:16:00
Stuttgart Hbf,ICE 1098,Frankfurt(Main)Hbf,5,2024-07-13 08:10:00,False,ICE,1402637927240724353-2407130544,6,2024-07-13 07:59:00,2024-07-13 08:05:00,2024-07-13 08:05:00,2024-07-13 08:10:00
Stuttgart Hbf,ICE 1068,Karlsruhe Hbf,0,2024-07-13 07:10:00,False,ICE,1847313071699172804-2407130500,5,2024-07-13 07:04:00,2024-07-13 06:58:00,2024-07-13 07:10:00,2024-07-13 07:10:00
Stuttgart Hbf,ICE 911,München Hbf,4,2024-07-13 07:32:00,False,ICE,-5135229961965226618-2407130603,2,2024-07-13 07:20:00,2024-07-13 07:27:00,2024-07-13 07:28:00,2024-07-13 07:32:00
Stuttgart Hbf,ICE 614,Hamburg-Altona,15,2024-07-13 08:06:00,False,ICE,67517114520381301-2407130532,5,2024-07-13 07:45:00,2024-07-13 07:45:00,2024-07-13 07:51:00,2024-07-13 08:06:00
Stuttgart Hbf,ICE 692,Berlin Hbf,4,2024-07-13 08:55:00,False,ICE,-690776802853422910-2407130641,5,2024-07-13 08:44:00,2024-07-13 08:45:00,2024-07-13 08:51:00,2024-07-13 08:55:00
Stuttgart Hbf,ICE 267,München Hbf,51,2024-07-13 09:42:00,False,ICE,9036257144873715932-2407130550,11,2024-07-13 08:45:00,2024-07-13 09:37:00,2024-07-13 08:51:00,2024-07-13 09:42:00
Stuttgart Hbf,ICE 1012,Dortmund Hbf,18,2024-07-13 08:57:00,False,ICE,-6324333303227400345-2407130626,5,2024-07-13 08:31:00,2024-07-13 08:52:00,2024-07-13 08:39:00,2024-07-13 08:57:00
Stuttgart Hbf,ICE 511,München Hbf,13,2024-07-13 08:27:00,False,ICE,7137833056273713088-2407130045,17,2024-07-13 08:08:00,2024-07-13 08:22:00,2024-07-13 08:14:00,2024-07-13 08:27:00
Stuttgart Hbf,ICE 591,München Hbf,69,2024-07-13 10:24:00,False,ICE,-9076044575966614071-2407130302,15,2024-07-13 09:08:00,2024-07-13 10:19:00,2024-07-13 09:15:00,2024-07-13 10:24:00
Stuttgart Hbf,ICE 913,München Hbf,102,2024-07-13 11:10:00,False,ICE,-6165068286223376269-2407130547,10,2024-07-13 09:22:00,2024-07-13 11:04:00,2024-07-13 09:28:00,2024-07-13 11:10:00
Stuttgart Hbf,ICE 612,Kiel Hbf,2,2024-07-13 09:53:00,False,ICE,-7184453857839759572-2407130728,5,2024-07-13 09:45:00,2024-07-13 09:47:00,2024-07-13 09:51:00,2024-07-13 09:53:00
Stuttgart Hbf,ICE 690,Berlin Gesundbrunnen,8,2024-07-13 10:59:00,False,ICE,-2543008509222161707-2407130846,5,2024-07-13 10:43:00,2024-07-13 10:43:00,2024-07-13 10:51:00,2024-07-13 10:59:00
Stuttgart Hbf,ICE 513,München Hbf,23,2024-07-13 10:37:00,False,ICE,-1316725331766652964-2407130602,10,2024-07-13 10:08:00,2024-07-13 10:32:00,2024-07-13 10:14:00,2024-07-13 10:37:00
Stuttgart Hbf,ICE 1010,Dortmund Hbf,6,2024-07-13 10:43:00,False,ICE,-1202781486977583710-2407130828,5,2024-07-13 10:31:00,2024-07-13 10:28:00,2024-07-13 10:37:00,2024-07-13 10:43:00
Stuttgart Hbf,ICE 563,München Hbf,49,2024-07-13 11:40:00,False,ICE,7515891464844108057-2407130827,6,2024-07-13 10:45:00,2024-07-13 11:19:00,2024-07-13 10:51:00,2024-07-13 11:40:00
Stuttgart Hbf,ICE 593,München Hbf,21,2024-07-13 11:36:00,False,ICE,2269193621654513451-2407130516,11,2024-07-13 11:08:00,2024-07-13 11:31:00,2024-07-13 11:15:00,2024-07-13 11:36:00
Stuttgart Hbf,ICE 115,Klagenfurt Hbf,4,2024-07-13 12:02:00,False,ICE,-1244506323428825924-2407130631,18,2024-07-13 11:53:00,2024-07-13 11:57:00,2024-07-13 11:58:00,2024-07-13 12:02:00
Stuttgart Hbf,ICE 610,Hamburg-Altona,0,2024-07-13 11:51:00,False,ICE,9011011619156863439-2407130927,5,2024-07-13 11:45:00,2024-07-13 11:44:00,2024-07-13 11:51:00,2024-07-13 11:51:00
Stuttgart Hbf,ICE 915,München Hbf,21,2024-07-13 11:49:00,False,ICE,400157404087783375-2407130751,10,2024-07-13 11:22:00,2024-07-13 11:35:00,2024-07-13 11:28:00,2024-07-13 11:49:00
Stuttgart Hbf,ICE 1290,Frankfurt(Main)Hbf,4,2024-07-13 12:09:00,False,ICE,-9206844568518319678-2407130800,11,2024-07-13 11:59:00,2024-07-13 12:04:00,2024-07-13 12:05:00,2024-07-13 12:09:00
Stuttgart Hbf,ICE 568,Karlsruhe Hbf,3,2024-07-13 11:15:00,False,ICE,-5628776902806503379-2407130903,5,2024-07-13 11:02:00,2024-07-13 11:03:00,2024-07-13 11:12:00,2024-07-13 11:15:00
Stuttgart Hbf,ICE 515,München Hbf,5,2024-07-13 12:19:00,False,ICE,6512354943507599026-2407130529,15,2024-07-13 12:08:00,2024-07-13 12:14:00,2024-07-13 12:14:00,2024-07-13 12:19:00
Stuttgart Hbf,ICE 119,Innsbruck Hbf,14,2024-07-13 13:11:00,False,ICE,-5651847012247675964-2407130753,14,2024-07-13 12:48:00,2024-07-13 13:06:00,2024-07-13 12:57:00,2024-07-13 13:11:00
Stuttgart Hbf,ICE 1218,Berlin Gesundbrunnen,5,2024-07-13 12:56:00,False,ICE,8983673647294408675-2407130840,11,2024-07-13 12:43:00,2024-07-13 12:51:00,2024-07-13 12:51:00,2024-07-13 12:56:00
Stuttgart Hbf,ICE 918,Dortmund Hbf,9,2024-07-13 12:47:00,False,ICE,7844358081895785158-2407131030,4,2024-07-13 12:32:00,2024-07-13 12:37:00,2024-07-13 12:38:00,2024-07-13 12:47:00
Stuttgart Hbf,ICE 565,München Hbf,2,2024-07-13 12:53:00,False,ICE,3705893801311502416-2407131205,3,2024-07-13 12:45:00,2024-07-13 12:47:00,2024-07-13 12:51:00,2024-07-13 12:53:00
Stuttgart Hbf,ICE 566,Karlsruhe Hbf,2,2024-07-13 13:11:00,True,ICE,-4243685153474784824-2407131103,5,2024-07-13 13:02:00,2024-07-13 13:04:00,2024-07-13 13:09:00,2024-07-13 13:11:00
Stuttgart Hbf,ICE 595,München Hbf,33,2024-07-13 13:48:00,False,ICE,-2221597426497896240-2407130726,10,2024-07-13 13:08:00,2024-07-13 13:47:00,2024-07-13 13:15:00,2024-07-13 13:48:00
Stuttgart Hbf,ICE 917,München Hbf,33,2024-07-13 14:01:00,False,ICE,-1038875971032103661-2407131045,6,2024-07-13 13:20:00,2024-07-13 13:56:00,2024-07-13 13:28:00,2024-07-13 14:01:00
Stuttgart Hbf,ICE 518,Hamburg-Altona,1,2024-07-13 13:52:00,False,ICE,-6452407069337976676-2407131128,5,2024-07-13 13:45:00,2024-07-13 13:46:00,2024-07-13 13:51:00,2024-07-13 13:52:00
Stuttgart Hbf,ICE 567,München Hbf,3,2024-07-13 14:54:00,False,ICE,3762301582140299933-2407131405,3,2024-07-13 14:45:00,2024-07-13 14:49:00,2024-07-13 14:51:00,2024-07-13 14:54:00
Stuttgart Hbf,ICE 118,Münster(Westf)Hbf,0,2024-07-13 15:12:00,False,ICE,-2026324236731915142-2407130854,20,2024-07-13 14:59:00,2024-07-13 14:57:00,2024-07-13 15:12:00,2024-07-13 15:12:00
Stuttgart Hbf,ICE 596,Berlin Gesundbrunnen,1,2024-07-13 14:52:00,False,ICE,4083739950560377043-2407131246,5,2024-07-13 14:43:00,2024-07-13 14:43:00,2024-07-13 14:51:00,2024-07-13 14:52:00
Stuttgart Hbf,ICE 517,München Hbf,56,2024-07-13 15:10:00,False,ICE,-4602427783665327588-2407130728,14,2024-07-13 14:08:00,2024-07-13 15:05:00,2024-07-13 14:14:00,2024-07-13 15:10:00
Stuttgart Hbf,ICE 564,Karlsruhe Hbf,3,2024-07-13 15:12:00,False,ICE,-1073960129091467682-2407131303,5,2024-07-13 15:02:00,2024-07-13 15:04:00,2024-07-13 15:09:00,2024-07-13 15:12:00
Stuttgart Hbf,ICE 516,Hamburg-Altona,1,2024-07-13 15:52:00,False,ICE,6954924236955692259-2407131328,5,2024-07-13 15:45:00,2024-07-13 15:45:00,2024-07-13 15:51:00,2024-07-13 15:52:00
Stuttgart Hbf,ICE 114,Dortmund Hbf,8,2024-07-13 16:15:00,False,ICE,-940035628142522529-2407130842,23,2024-07-13 15:59:00,2024-07-13 16:10:00,2024-07-13 16:07:00,2024-07-13 16:15:00
Stuttgart Hbf,ICE 117,Klagenfurt Hbf,5,2024-07-13 16:04:00,False,ICE,9042395260942796037-2407131420,6,2024-07-13 15:53:00,2024-07-13 15:56:00,2024-07-13 15:59:00,2024-07-13 16:04:00
Stuttgart Hbf,ICE 597,München Hbf,27,2024-07-13 15:42:00,False,ICE,5254114651454294172-2407130915,11,2024-07-13 15:08:00,2024-07-13 15:37:00,2024-07-13 15:15:00,2024-07-13 15:42:00
Stuttgart Hbf,ICE 569,München Hbf,2,2024-07-13 16:53:00,False,ICE,-7759827436146803415-2407131605,3,2024-07-13 16:45:00,2024-07-13 16:46:00,2024-07-13 16:51:00,2024-07-13 16:53:00
Stuttgart Hbf,ICE 914,Dortmund Hbf,2,2024-07-13 16:39:00,False,ICE,-1253548023198098278-2407131428,5,2024-07-13 16:31:00,2024-07-13 16:34:00,2024-07-13 16:37:00,2024-07-13 16:39:00
Stuttgart Hbf,ICE 594,Berlin Gesundbrunnen,0,2024-07-13 16:51:00,False,ICE,1140779865956290650-2407131446,5,2024-07-13 16:43:00,2024-07-13 16:46:00,2024-07-13 16:51:00,2024-07-13 16:51:00
Stuttgart Hbf,ICE 519,München Hbf,52,2024-07-13 17:06:00,False,ICE,-8471873024121272354-2407130929,16,2024-07-13 16:08:00,2024-07-13 17:01:00,2024-07-13 16:14:00,2024-07-13 17:06:00
Stuttgart Hbf,ICE 514,Hamburg-Altona,3,2024-07-13 17:54:00,False,ICE,-5040855886902453859-2407131528,5,2024-07-13 17:45:00,2024-07-13 17:48:00,2024-07-13 17:51:00,2024-07-13 17:54:00
Stuttgart Hbf,ICE 562,Saarbrücken Hbf,0,2024-07-13 17:08:00,False,ICE,-6869650552962585885-2407131502,5,2024-07-13 17:02:00,2024-07-13 17:00:00,2024-07-13 17:08:00,2024-07-13 17:08:00
Stuttgart Hbf,ICE 1011,München Hbf,36,2024-07-13 18:04:00,False,ICE,8564432605510706771-2407131349,10,2024-07-13 17:21:00,2024-07-13 17:57:00,2024-07-13 17:28:00,2024-07-13 18:04:00
Stuttgart Hbf,ICE 599,München Hbf,37,2024-07-13 17:51:00,False,ICE,8059314318384301883-2407131126,10,2024-07-13 17:08:00,2024-07-13 17:46:00,2024-07-13 17:14:00,2024-07-13 17:51:00
Stuttgart Hbf,ICE 912,Dortmund Hbf,8,2024-07-13 18:46:00,False,ICE,-977669644680017628-2407131628,5,2024-07-13 18:32:00,2024-07-13 18:37:00,2024-07-13 18:38:00,2024-07-13 18:46:00
Stuttgart Hbf,ICE 592,Hamburg-Altona,4,2024-07-13 18:55:00,False,ICE,5089820149948252230-2407131646,5,2024-07-13 18:43:00,2024-07-13 18:50:00,2024-07-13 18:51:00,2024-07-13 18:55:00
Stuttgart Hbf,ICE 611,München Hbf,11,2024-07-13 18:25:00,False,ICE,5653087570567167872-2407131129,15,2024-07-13 18:08:00,2024-07-13 18:20:00,2024-07-13 18:14:00,2024-07-13 18:25:00
Stuttgart Hbf,ICE 1069,München Hbf,1,2024-07-13 18:58:00,False,ICE,7280991471195430281-2407131805,3,2024-07-13 18:51:00,2024-07-13 18:50:00,2024-07-13 18:57:00,2024-07-13 18:58:00
Stuttgart Hbf,ICE 266,Karlsruhe Hbf,2,2024-07-13 19:14:00,False,ICE,-2795453744905001153-2407131658,6,2024-07-13 19:02:00,2024-07-13 19:03:00,2024-07-13 19:12:00,2024-07-13 19:14:00
Stuttgart Hbf,ICE 1211,Innsbruck Hbf,38,2024-07-13 19:53:00,False,ICE,8560770616564367826-2407131316,11,2024-07-13 19:08:00,2024-07-13 19:47:00,2024-07-13 19:15:00,2024-07-13 19:53:00
Stuttgart Hbf,ICE 1013,München Hbf,8,2024-07-13 19:36:00,False,ICE,2333246513660073790-2407131550,10,2024-07-13 19:22:00,2024-07-13 19:30:00,2024-07-13 19:28:00,2024-07-13 19:36:00
Stuttgart Hbf,ICE 512,Münster(Westf)Hbf,0,2024-07-13 19:51:00,False,ICE,7537395545451740415-2407131728,5,2024-07-13 19:45:00,2024-07-13 19:42:00,2024-07-13 19:51:00,2024-07-13 19:51:00
Stuttgart Hbf,ICE 613,München Hbf,4,2024-07-13 20:18:00,False,ICE,5295243416856313869-2407131237,15,2024-07-13 20:08:00,2024-07-13 20:13:00,2024-07-13 20:14:00,2024-07-13 20:18:00
Stuttgart Hbf,ICE 590,Frankfurt(Main)Hbf,0,2024-07-13 20:51:00,False,ICE,-7610672940066525446-2407131846,5,2024-07-13 20:43:00,2024-07-13 20:41:00,2024-07-13 20:51:00,2024-07-13 20:51:00
Stuttgart Hbf,ICE 910,Düsseldorf Hbf,2,2024-07-13 20:40:00,False,ICE,6195485783263057734-2407131828,5,2024-07-13 20:32:00,2024-07-13 20:34:00,2024-07-13 20:38:00,2024-07-13 20:40:00
Stuttgart Hbf,ICE 510,Hamburg-Altona,12,2024-07-13 22:03:00,False,ICE,8322424274180843926-2407131928,5,2024-07-13 21:45:00,2024-07-13 21:46:00,2024-07-13 21:51:00,2024-07-13 22:03:00
Stuttgart Hbf,ICE 990,Hamburg-Altona,2,2024-07-13 22:53:00,False,ICE,-2320340282101811304-2407132043,6,2024-07-13 22:43:00,2024-07-13 22:44:00,2024-07-13 22:51:00,2024-07-13 22:53:00
Stuttgart Hbf,ICE 615,München Hbf,2,2024-07-13 22:16:00,False,ICE,-5425302918995479956-2407131529,15,2024-07-13 22:08:00,2024-07-13 22:09:00,2024-07-13 22:14:00,2024-07-13 22:16:00
Stuttgart Hbf,ICE 695,München Hbf,68,2024-07-14 00:23:00,False,ICE,6202916625163174173-2407131726,10,2024-07-13 23:08:00,2024-07-14 00:18:00,2024-07-13 23:15:00,2024-07-14 00:23:00
Stuttgart Hbf,ICE 698,Berlin Hbf,18,2024-07-14 00:29:00,False,ICE,7108274583246193747-2407132151,5,2024-07-14 00:01:00,2024-07-14 00:05:00,2024-07-14 00:11:00,2024-07-14 00:29:00
Stuttgart Hbf,ICE 617,München Hbf,34,2024-07-14 00:52:00,False,ICE,6194893901306646476-2407131729,17,2024-07-14 00:08:00,2024-07-14 00:47:00,2024-07-14 00:18:00,2024-07-14 00:52:00
Stuttgart Hbf,ICE 215,München Hbf,3,2024-07-14 02:13:00,False,ICE,-3639105195943060538-2407140017,3,2024-07-14 02:04:00,2024-07-14 02:06:00,2024-07-14 02:10:00,2024-07-14 02:13:00
Stuttgart Hbf,ICE 618,Kiel Hbf,0,2024-07-14 02:22:00,False,ICE,2686007473625185344-2407140001,6,2024-07-14 02:16:00,2024-07-14 02:10:00,2024-07-14 02:22:00,2024-07-14 02:22:00
Stuttgart Hbf,ICE 1017,München Hbf,8,2024-07-14 03:26:00,False,ICE,-8865138777081149183-2407132352,6,2024-07-14 03:12:00,2024-07-14 03:21:00,2024-07-14 03:18:00,2024-07-14 03:26:00
Stuttgart Hbf,ICE 619,München Hbf,3,2024-07-14 03:42:00,False,ICE,7474414276230536927-2407131838,20,2024-07-14 03:33:00,2024-07-14 03:35:00,2024-07-14 03:39:00,2024-07-14 03:42:00
Stuttgart Hbf,ICE 699,München Hbf,0,2024-07-14 05:12:00,False,ICE,-7138074359361066746-2407131919,16,2024-07-14 04:52:00,2024-07-14 04:54:00,2024-07-14 05:12:00,2024-07-14 05:12:00
Stuttgart Hbf,ICE 616,Hamburg-Altona,0,2024-07-14 05:51:00,False,ICE,-8624992757107064587-2407140332,5,2024-07-14 05:45:00,2024-07-14 05:33:00,2024-07-14 05:51:00,2024-07-14 05:51:00
Stuttgart Hbf,ICE 991,München Hbf,15,2024-07-14 07:30:00,False,ICE,4178793572863103484-2407140526,5,2024-07-14 07:07:00,2024-07-14 07:19:00,2024-07-14 07:15:00,2024-07-14 07:30:00
Stuttgart Hbf,ICE 614,Hamburg-Altona,2,2024-07-14 07:53:00,False,ICE,67517114520381301-2407140532,5,2024-07-14 07:45:00,2024-07-14 07:46:00,2024-07-14 07:51:00,2024-07-14 07:53:00
Stuttgart Hbf,ICE 692,Berlin Hbf,0,2024-07-14 08:51:00,False,ICE,-690776802853422910-2407140641,5,2024-07-14 08:44:00,2024-07-14 08:43:00,2024-07-14 08:51:00,2024-07-14 08:51:00
Stuttgart Hbf,ICE 267,München Hbf,0,2024-07-14 08:51:00,False,ICE,2699105162572162604-2407140805,3,2024-07-14 08:45:00,2024-07-14 08:44:00,2024-07-14 08:51:00,2024-07-14 08:51:00
Stuttgart Hbf,ICE 511,München Hbf,1,2024-07-14 08:15:00,False,ICE,7137833056273713088-2407140045,17,2024-07-14 08:08:00,2024-07-14 08:08:00,2024-07-14 08:14:00,2024-07-14 08:15:00
Stuttgart Hbf,ICE 612,Kiel Hbf,2,2024-07-14 09:53:00,False,ICE,-7184453857839759572-2407140728,5,2024-07-14 09:45:00,2024-07-14 09:46:00,2024-07-14 09:51:00,2024-07-14 09:53:00
Stuttgart Hbf,ICE 591,München Hbf,2,2024-07-14 09:17:00,False,ICE,7394330786495536556-2407140750,3,2024-07-14 09:08:00,2024-07-14 09:09:00,2024-07-14 09:15:00,2024-07-14 09:17:00
Stuttgart Hbf,ICE 1010,Dortmund Hbf,0,2024-07-14 10:37:00,False,ICE,-1202781486977583710-2407140828,5,2024-07-14 10:31:00,2024-07-14 10:27:00,2024-07-14 10:37:00,2024-07-14 10:37:00
Stuttgart Hbf,ICE 690,Berlin Gesundbrunnen,1,2024-07-14 10:52:00,False,ICE,-2543008509222161707-2407140846,5,2024-07-14 10:43:00,2024-07-14 10:43:00,2024-07-14 10:51:00,2024-07-14 10:52:00
Stuttgart Hbf,ICE 513,München Hbf,9,2024-07-14 10:23:00,False,ICE,-1316725331766652964-2407140602,10,2024-07-14 10:08:00,2024-07-14 10:18:00,2024-07-14 10:14:00,2024-07-14 10:23:00
Stuttgart Hbf,ICE 563,München Hbf,2,2024-07-14 10:53:00,False,ICE,7515891464844108057-2407140827,6,2024-07-14 10:45:00,2024-07-14 10:48:00,2024-07-14 10:51:00,2024-07-14 10:53:00
Stuttgart Hbf,ICE 593,München Hbf,3,2024-07-14 11:18:00,False,ICE,2269193621654513451-2407140516,11,2024-07-14 11:08:00,2024-07-14 11:13:00,2024-07-14 11:15:00,2024-07-14 11:18:00
Stuttgart Hbf,ICE 915,München Hbf,2,2024-07-14 11:30:00,False,ICE,400157404087783375-2407140751,10,2024-07-14 11:22:00,2024-07-14 11:23:00,2024-07-14 11:28:00,2024-07-14 11:30:00
Stuttgart Hbf,ICE 610,Hamburg-Altona,1,2024-07-14 11:52:00,False,ICE,9011011619156863439-2407140927,5,2024-07-14 11:45:00,2024-07-14 11:45:00,2024-07-14 11:51:00,2024-07-14 11:52:00
Stuttgart Hbf,ICE 115,Klagenfurt Hbf,1,2024-07-14 11:59:00,False,ICE,-1244506323428825924-2407140631,18,2024-07-14 11:53:00,2024-07-14 11:53:00,2024-07-14 11:58:00,2024-07-14 11:59:00
Stuttgart Hbf,ICE 1290,Frankfurt(Main)Hbf,11,2024-07-14 12:16:00,False,ICE,-9206844568518319678-2407140800,11,2024-07-14 11:59:00,2024-07-14 12:11:00,2024-07-14 12:05:00,2024-07-14 12:16:00
Stuttgart Hbf,ICE 568,Karlsruhe Hbf,1,2024-07-14 11:13:00,False,ICE,-5628776902806503379-2407140903,5,2024-07-14 11:02:00,2024-07-14 11:03:00,2024-07-14 11:12:00,2024-07-14 11:13:00
Stuttgart Hbf,ICE 119,Innsbruck Hbf,6,2024-07-14 13:03:00,False,ICE,-5651847012247675964-2407140753,14,2024-07-14 12:48:00,2024-07-14 12:53:00,2024-07-14 12:57:00,2024-07-14 13:03:00
Stuttgart Hbf,ICE 1218,Berlin Gesundbrunnen,1,2024-07-14 12:52:00,False,ICE,8983673647294408675-2407140840,11,2024-07-14 12:43:00,2024-07-14 12:43:00,2024-07-14 12:51:00,2024-07-14 12:52:00
Stuttgart Hbf,ICE 918,Dortmund Hbf,7,2024-07-14 12:45:00,False,ICE,7844358081895785158-2407141030,4,2024-07-14 12:32:00,2024-07-14 12:35:00,2024-07-14 12:38:00,2024-07-14 12:45:00
Stuttgart Hbf,ICE 515,München Hbf,15,2024-07-14 12:29:00,False,ICE,6512354943507599026-2407140529,15,2024-07-14 12:08:00,2024-07-14 12:24:00,2024-07-14 12:14:00,2024-07-14 12:29:00
Stuttgart Hbf,ICE 565,München Hbf,2,2024-07-14 12:53:00,False,ICE,3705893801311502416-2407141205,3,2024-07-14 12:45:00,2024-07-14 12:46:00,2024-07-14 12:51:00,2024-07-14 12:53:00
Stuttgart Hbf,ICE 595,München Hbf,2,2024-07-14 13:17:00,False,ICE,-2221597426497896240-2407140726,10,2024-07-14 13:08:00,2024-07-14 13:12:00,2024-07-14 13:15:00,2024-07-14 13:17:00
Stuttgart Hbf,ICE 917,München Hbf,4,2024-07-14 13:32:00,False,ICE,4297291152480547135-2407140951,9,2024-07-14 13:20:00,2024-07-14 13:27:00,2024-07-14 13:28:00,2024-07-14 13:32:00
Stuttgart Hbf,ICE 566,Karlsruhe Hbf,0,2024-07-14 13:09:00,False,ICE,-4243685153474784824-2407141103,5,2024-07-14 13:02:00,2024-07-14 13:01:00,2024-07-14 13:09:00,2024-07-14 13:09:00
Stuttgart Hbf,ICE 518,Hamburg-Altona,0,2024-07-14 13:51:00,False,ICE,-6452407069337976676-2407141128,5,2024-07-14 13:45:00,2024-07-14 13:44:00,2024-07-14 13:51:00,2024-07-14 13:51:00
Stuttgart Hbf,ICE 517,München Hbf,23,2024-07-14 14:37:00,False,ICE,-4602427783665327588-2407140728,14,2024-07-14 14:08:00,2024-07-14 14:32:00,2024-07-14 14:14:00,2024-07-14 14:37:00
Stuttgart Hbf,ICE 596,Berlin Gesundbrunnen,2,2024-07-14 14:53:00,False,ICE,4083739950560377043-2407141246,5,2024-07-14 14:43:00,2024-07-14 14:44:00,2024-07-14 14:51:00,2024-07-14 14:53:00
Stuttgart Hbf,ICE 118,Münster(Westf)Hbf,3,2024-07-14 15:15:00,False,ICE,-2026324236731915142-2407140854,20,2024-07-14 14:59:00,2024-07-14 14:59:00,2024-07-14 15:12:00,2024-07-14 15:15:00
Stuttgart Hbf,ICE 567,München Hbf,2,2024-07-14 14:53:00,False,ICE,3762301582140299933-2407141405,3,2024-07-14 14:45:00,2024-07-14 14:46:00,2024-07-14 14:51:00,2024-07-14 14:53:00
Stuttgart Hbf,ICE 597,München Hbf,25,2024-07-14 15:40:00,False,ICE,12818502356575353-2407140926,10,2024-07-14 15:08:00,2024-07-14 15:35:00,2024-07-14 15:15:00,2024-07-14 15:40:00
Stuttgart Hbf,ICE 114,Dortmund Hbf,0,2024-07-14 16:07:00,False,ICE,-940035628142522529-2407140842,23,2024-07-14 15:59:00,2024-07-14 15:59:00,2024-07-14 16:07:00,2024-07-14 16:07:00
Stuttgart Hbf,ICE 516,Hamburg-Altona,0,2024-07-14 15:51:00,False,ICE,6954924236955692259-2407141328,5,2024-07-14 15:45:00,2024-07-14 15:42:00,2024-07-14 15:51:00,2024-07-14 15:51:00
Stuttgart Hbf,ICE 564,Karlsruhe Hbf,1,2024-07-14 15:10:00,False,ICE,-1073960129091467682-2407141303,5,2024-07-14 15:02:00,2024-07-14 15:03:00,2024-07-14 15:09:00,2024-07-14 15:10:00
Stuttgart Hbf,ICE 117,Klagenfurt Hbf,3,2024-07-14 16:02:00,False,ICE,9042395260942796037-2407141420,6,2024-07-14 15:53:00,2024-07-14 15:55:00,2024-07-14 15:59:00,2024-07-14 16:02:00
Stuttgart Hbf,ICE 914,Dortmund Hbf,5,2024-07-14 16:42:00,False,ICE,-1253548023198098278-2407141428,5,2024-07-14 16:31:00,2024-07-14 16:37:00,2024-07-14 16:37:00,2024-07-14 16:42:00
Stuttgart Hbf,ICE 569,München Hbf,3,2024-07-14 16:54:00,False,ICE,-7759827436146803415-2407141605,3,2024-07-14 16:45:00,2024-07-14 16:47:00,2024-07-14 16:51:00,2024-07-14 16:54:00
Stuttgart Hbf,ICE 519,München Hbf,2,2024-07-14 16:16:00,False,ICE,-8471873024121272354-2407140929,16,2024-07-14 16:08:00,2024-07-14 16:10:00,2024-07-14 16:14:00,2024-07-14 16:16:00
Stuttgart Hbf,ICE 594,Berlin Gesundbrunnen,3,2024-07-14 16:54:00,False,ICE,1140779865956290650-2407141446,5,2024-07-14 16:43:00,2024-07-14 16:45:00,2024-07-14 16:51:00,2024-07-14 16:54:00
Stuttgart Hbf,ICE 1011,München Hbf,4,2024-07-14 17:32:00,False,ICE,8564432605510706771-2407141349,10,2024-07-14 17:21:00,2024-07-14 17:27:00,2024-07-14 17:28:00,2024-07-14 17:32:00
Stuttgart Hbf,ICE 514,Hamburg-Altona,2,2024-07-14 17:53:00,False,ICE,-5040855886902453859-2407141528,5,2024-07-14 17:45:00,2024-07-14 17:46:00,2024-07-14 17:51:00,2024-07-14 17:53:00
Stuttgart Hbf,ICE 599,München Hbf,24,2024-07-14 17:38:00,False,ICE,8059314318384301883-2407141126,10,2024-07-14 17:08:00,2024-07-14 17:33:00,2024-07-14 17:14:00,2024-07-14 17:38:00
Stuttgart Hbf,ICE 562,Saarbrücken Hbf,12,2024-07-14 17:20:00,False,ICE,-6869650552962585885-2407141502,5,2024-07-14 17:02:00,2024-07-14 16:57:00,2024-07-14 17:08:00,2024-07-14 17:20:00
Stuttgart Hbf,ICE 1069,München Hbf,2,2024-07-14 18:59:00,False,ICE,7280991471195430281-2407141805,3,2024-07-14 18:51:00,2024-07-14 18:54:00,2024-07-14 18:57:00,2024-07-14 18:59:00
Stuttgart Hbf,ICE 912,Dortmund Hbf,13,2024-07-14 18:51:00,False,ICE,-977669644680017628-2407141628,5,2024-07-14 18:32:00,2024-07-14 18:42:00,2024-07-14 18:38:00,2024-07-14 18:51:00
Stuttgart Hbf,ICE 611,München Hbf,3,2024-07-14 18:17:00,False,ICE,5653087570567167872-2407141129,15,2024-07-14 18:08:00,2024-07-14 18:10:00,2024-07-14 18:14:00,2024-07-14 18:17:00
Stuttgart Hbf,ICE 592,Hamburg-Altona,5,2024-07-14 18:56:00,False,ICE,5089820149948252230-2407141646,5,2024-07-14 18:43:00,2024-07-14 18:51:00,2024-07-14 18:51:00,2024-07-14 18:56:00
Stuttgart Hbf,ICE 1013,München Hbf,3,2024-07-14 19:31:00,False,ICE,2333246513660073790-2407141550,10,2024-07-14 19:22:00,2024-07-14 19:23:00,2024-07-14 19:28:00,2024-07-14 19:31:00
Stuttgart Hbf,ICE 266,Basel SBB,0,2024-07-14 19:12:00,False,ICE,-2795453744905001153-2407141658,6,2024-07-14 19:02:00,2024-07-14 19:05:00,2024-07-14 19:12:00,2024-07-14 19:12:00
Stuttgart Hbf,ICE 1099,München Hbf,2,2024-07-14 20:00:00,False,ICE,-8959018065734509300-2407141819,6,2024-07-14 19:52:00,2024-07-14 19:55:00,2024-07-14 19:58:00,2024-07-14 20:00:00
Stuttgart Hbf,ICE 1211,Innsbruck Hbf,26,2024-07-14 19:41:00,False,ICE,8560770616564367826-2407141316,11,2024-07-14 19:08:00,2024-07-14 19:36:00,2024-07-14 19:15:00,2024-07-14 19:41:00
Stuttgart Hbf,ICE 512,Münster(Westf)Hbf,2,2024-07-14 19:53:00,False,ICE,7537395545451740415-2407141728,5,2024-07-14 19:45:00,2024-07-14 19:47:00,2024-07-14 19:51:00,2024-07-14 19:53:00
Stuttgart Hbf,ICE 613,München Hbf,4,2024-07-14 20:18:00,False,ICE,5295243416856313869-2407141237,15,2024-07-14 20:08:00,2024-07-14 20:13:00,2024-07-14 20:14:00,2024-07-14 20:18:00
Stuttgart Hbf,ICE 590,Frankfurt(Main)Hbf,0,2024-07-14 20:51:00,False,ICE,-7610672940066525446-2407141846,5,2024-07-14 20:43:00,2024-07-14 20:46:00,2024-07-14 20:51:00,2024-07-14 20:51:00
Stuttgart Hbf,ICE 910,Düsseldorf Hbf,5,2024-07-14 20:43:00,False,ICE,6195485783263057734-2407141828,5,2024-07-14 20:32:00,2024-07-14 20:38:00,2024-07-14 20:38:00,2024-07-14 20:43:00
Stuttgart Hbf,ICE 1015,München Hbf,3,2024-07-14 21:31:00,False,ICE,-6727683722954373951-2407141750,10,2024-07-14 21:22:00,2024-07-14 21:25:00,2024-07-14 21:28:00,2024-07-14 21:31:00
Stuttgart Hbf,ICE 693,München Hbf,30,2024-07-14 21:45:00,False,ICE,-1412524464226526551-2407141526,10,2024-07-14 21:08:00,2024-07-14 21:39:00,2024-07-14 21:15:00,2024-07-14 21:45:00
Stuttgart Hbf,ICE 560,Karlsruhe Hbf,1,2024-07-14 21:12:00,False,ICE,-1895474681646249837-2407141901,6,2024-07-14 21:03:00,2024-07-14 21:03:00,2024-07-14 21:11:00,2024-07-14 21:12:00
Stuttgart Hbf,ICE 510,Hamburg-Altona,9,2024-07-14 22:00:00,False,ICE,8322424274180843926-2407141928,5,2024-07-14 21:45:00,2024-07-14 21:55:00,2024-07-14 21:51:00,2024-07-14 22:00:00
Stuttgart Hbf,ICE 615,München Hbf,36,2024-07-14 22:50:00,True,ICE,-5425302918995479956-2407141529,15,2024-07-14 22:08:00,2024-07-14 22:45:00,2024-07-14 22:14:00,2024-07-14 22:50:00
Stuttgart Hbf,ICE 990,Hamburg Hbf,0,2024-07-14 22:51:00,False,ICE,-2320340282101811304-2407142043,6,2024-07-14 22:43:00,2024-07-14 22:42:00,2024-07-14 22:51:00,2024-07-14 22:51:00
Stuttgart Hbf,ICE 695,München Hbf,9,2024-07-14 23:24:00,False,ICE,6202916625163174173-2407141726,10,2024-07-14 23:08:00,2024-07-14 23:18:00,2024-07-14 23:15:00,2024-07-14 23:24:00
Stuttgart Hbf,ICE 698,Berlin Hbf,0,2024-07-15 00:11:00,False,ICE,7108274583246193747-2407142151,5,2024-07-15 00:01:00,2024-07-15 00:01:00,2024-07-15 00:11:00,2024-07-15 00:11:00
Stuttgart Hbf,ICE 617,München Hbf,21,2024-07-15 00:39:00,False,ICE,6194893901306646476-2407141729,17,2024-07-15 00:08:00,2024-07-15 00:29:00,2024-07-15 00:18:00,2024-07-15 00:39:00
Stuttgart Hbf,ICE 619,München Hbf,0,2024-07-15 03:39:00,False,ICE,7474414276230536927-2407141838,20,2024-07-15 03:33:00,2024-07-15 03:29:00,2024-07-15 03:39:00,2024-07-15 03:39:00
Stuttgart Hbf,ICE 699,München Hbf,0,2024-07-15 05:12:00,False,ICE,-7138074359361066746-2407141919,16,2024-07-15 04:52:00,2024-07-15 04:47:00,2024-07-15 05:12:00,2024-07-15 05:12:00
Stuttgart Hbf,ICE 616,Hamburg-Altona,3,2024-07-15 05:54:00,False,ICE,-8624992757107064587-2407150332,5,2024-07-15 05:45:00,2024-07-15 05:49:00,2024-07-15 05:51:00,2024-07-15 05:54:00
Stuttgart Hbf,ICE 1061,München Hbf,2,2024-07-15 05:54:00,False,ICE,5427594935199921006-2407150453,5,2024-07-15 05:45:00,2024-07-15 05:46:00,2024-07-15 05:52:00,2024-07-15 05:54:00
Stuttgart Hbf,ICE 561,München Hbf,3,2024-07-15 06:53:00,False,ICE,-605877143281749034-2407150600,3,2024-07-15 06:44:00,2024-07-15 06:48:00,2024-07-15 06:50:00,2024-07-15 06:53:00
Stuttgart Hbf,ICE 991,München Hbf,1,2024-07-15 07:16:00,False,ICE,4178793572863103484-2407150526,5,2024-07-15 07:07:00,2024-07-15 07:07:00,2024-07-15 07:15:00,2024-07-15 07:16:00
Stuttgart Hbf,ICE 1098,Frankfurt(Main)Hbf,1,2024-07-15 08:06:00,False,ICE,1402637927240724353-2407150544,6,2024-07-15 07:59:00,2024-07-15 08:01:00,2024-07-15 08:05:00,2024-07-15 08:06:00
Stuttgart Hbf,ICE 911,München Hbf,1,2024-07-15 07:29:00,False,ICE,-5135229961965226618-2407150603,2,2024-07-15 07:20:00,2024-07-15 07:22:00,2024-07-15 07:28:00,2024-07-15 07:29:00
Stuttgart Hbf,ICE 1068,Karlsruhe Hbf,2,2024-07-15 07:12:00,False,ICE,1847313071699172804-2407150500,5,2024-07-15 07:04:00,2024-07-15 07:07:00,2024-07-15 07:10:00,2024-07-15 07:12:00
Stuttgart Hbf,ICE 614,Hamburg-Altona,3,2024-07-15 07:54:00,False,ICE,67517114520381301-2407150532,5,2024-07-15 07:45:00,2024-07-15 07:49:00,2024-07-15 07:51:00,2024-07-15 07:54:00
Stuttgart Hbf,ICE 511,München Hbf,6,2024-07-15 08:20:00,False,ICE,7137833056273713088-2407150045,17,2024-07-15 08:08:00,2024-07-15 08:16:00,2024-07-15 08:14:00,2024-07-15 08:20:00
Stuttgart Hbf,ICE 1012,Dortmund Hbf,2,2024-07-15 08:41:00,False,ICE,-6324333303227400345-2407150626,5,2024-07-15 08:31:00,2024-07-15 08:32:00,2024-07-15 08:39:00,2024-07-15 08:41:00
Stuttgart Hbf,ICE 267,München Hbf,8,2024-07-15 08:59:00,False,ICE,9036257144873715932-2407150550,11,2024-07-15 08:45:00,2024-07-15 08:54:00,2024-07-15 08:51:00,2024-07-15 08:59:00
Stuttgart Hbf,ICE 692,Berlin Hbf,0,2024-07-15 08:51:00,False,ICE,-690776802853422910-2407150641,5,2024-07-15 08:44:00,2024-07-15 08:44:00,2024-07-15 08:51:00,2024-07-15 08:51:00
Stuttgart Hbf,ICE 612,Kiel Hbf,3,2024-07-15 09:54:00,False,ICE,-7184453857839759572-2407150728,5,2024-07-15 09:45:00,2024-07-15 09:49:00,2024-07-15 09:51:00,2024-07-15 09:54:00
Stuttgart Hbf,ICE 913,München Hbf,17,2024-07-15 09:45:00,False,ICE,-6165068286223376269-2407150547,10,2024-07-15 09:22:00,2024-07-15 09:40:00,2024-07-15 09:28:00,2024-07-15 09:45:00
Stuttgart Hbf,ICE 591,München Hbf,3,2024-07-15 09:18:00,False,ICE,-9076044575966614071-2407150302,15,2024-07-15 09:08:00,2024-07-15 09:10:00,2024-07-15 09:15:00,2024-07-15 09:18:00
Stuttgart Hbf,ICE 513,München Hbf,14,2024-07-15 10:28:00,False,ICE,-1316725331766652964-2407150602,10,2024-07-15 10:08:00,2024-07-15 10:23:00,2024-07-15 10:14:00,2024-07-15 10:28:00
Stuttgart Hbf,ICE 690,Berlin Gesundbrunnen,1,2024-07-15 10:52:00,False,ICE,-2543008509222161707-2407150846,5,2024-07-15 10:43:00,2024-07-15 10:47:00,2024-07-15 10:51:00,2024-07-15 10:52:00
Stuttgart Hbf,ICE 1010,Dortmund Hbf,6,2024-07-15 10:43:00,False,ICE,-1202781486977583710-2407150828,5,2024-07-15 10:31:00,2024-07-15 10:38:00,2024-07-15 10:37:00,2024-07-15 10:43:00
Stuttgart Hbf,ICE 563,München Hbf,3,2024-07-15 10:54:00,False,ICE,7515891464844108057-2407150827,6,2024-07-15 10:45:00,2024-07-15 10:48:00,2024-07-15 10:51:00,2024-07-15 10:54:00
Stuttgart Hbf,ICE 1290,Frankfurt(Main)Hbf,5,2024-07-15 12:10:00,False,ICE,-9206844568518319678-2407150800,11,2024-07-15 11:59:00,2024-07-15 12:05:00,2024-07-15 12:05:00,2024-07-15 12:10:00
Stuttgart Hbf,ICE 568,Karlsruhe Hbf,1,2024-07-15 11:13:00,False,ICE,-5628776902806503379-2407150903,5,2024-07-15 11:02:00,2024-07-15 11:03:00,2024-07-15 11:12:00,2024-07-15 11:13:00
Stuttgart Hbf,ICE 115,Klagenfurt Hbf,9,2024-07-15 12:07:00,False,ICE,-1244506323428825924-2407150631,18,2024-07-15 11:53:00,2024-07-15 11:56:00,2024-07-15 11:58:00,2024-07-15 12:07:00
Stuttgart Hbf,ICE 915,München Hbf,21,2024-07-15 11:49:00,False,ICE,400157404087783375-2407150751,10,2024-07-15 11:22:00,2024-07-15 11:44:00,2024-07-15 11:28:00,2024-07-15 11:49:00
Stuttgart Hbf,ICE 593,München Hbf,7,2024-07-15 11:22:00,False,ICE,2269193621654513451-2407150516,11,2024-07-15 11:08:00,2024-07-15 11:17:00,2024-07-15 11:15:00,2024-07-15 11:22:00
Stuttgart Hbf,ICE 610,Hamburg-Altona,1,2024-07-15 11:52:00,False,ICE,9011011619156863439-2407150927,5,2024-07-15 11:45:00,2024-07-15 11:45:00,2024-07-15 11:51:00,2024-07-15 11:52:00
Stuttgart Hbf,ICE 515,München Hbf,9,2024-07-15 12:23:00,False,ICE,6512354943507599026-2407150529,15,2024-07-15 12:08:00,2024-07-15 12:18:00,2024-07-15 12:14:00,2024-07-15 12:23:00
Stuttgart Hbf,ICE 565,München Hbf,20,2024-07-15 13:11:00,False,ICE,3705893801311502416-2407151205,3,2024-07-15 12:45:00,2024-07-15 13:06:00,2024-07-15 12:51:00,2024-07-15 13:11:00
Stuttgart Hbf,ICE 918,Dortmund Hbf,-1,2024-07-15 12:37:00,False,ICE,7844358081895785158-2407151030,4,2024-07-15 12:32:00,2024-07-15 12:26:00,2024-07-15 12:38:00,2024-07-15 12:37:00
Stuttgart Hbf,ICE 1218,Berlin Gesundbrunnen,0,2024-07-15 12:51:00,False,ICE,8983673647294408675-2407150840,11,2024-07-15 12:43:00,2024-07-15 12:46:00,2024-07-15 12:51:00,2024-07-15 12:51:00
Stuttgart Hbf,ICE 119,Innsbruck Hbf,35,2024-07-15 13:32:00,False,ICE,-5651847012247675964-2407150753,14,2024-07-15 12:48:00,2024-07-15 13:27:00,2024-07-15 12:57:00,2024-07-15 13:32:00
Stuttgart Hbf,ICE 566,Karlsruhe Hbf,3,2024-07-15 13:12:00,False,ICE,-4243685153474784824-2407151103,5,2024-07-15 13:02:00,2024-07-15 13:02:00,2024-07-15 13:09:00,2024-07-15 13:12:00
Stuttgart Hbf,ICE 518,Hamburg-Altona,13,2024-07-15 14:04:00,False,ICE,-6452407069337976676-2407151128,5,2024-07-15 13:45:00,2024-07-15 13:51:00,2024-07-15 13:51:00,2024-07-15 14:04:00
Stuttgart Hbf,ICE 595,München Hbf,29,2024-07-15 13:44:00,False,ICE,-2221597426497896240-2407150726,10,2024-07-15 13:08:00,2024-07-15 13:39:00,2024-07-15 13:15:00,2024-07-15 13:44:00
Stuttgart Hbf,ICE 917,München Hbf,30,2024-07-15 13:58:00,False,ICE,-1038875971032103661-2407151045,6,2024-07-15 13:20:00,2024-07-15 13:53:00,2024-07-15 13:28:00,2024-07-15 13:58:00
Stuttgart Hbf,ICE 567,München Hbf,2,2024-07-15 14:53:00,False,ICE,3762301582140299933-2407151405,3,2024-07-15 14:45:00,2024-07-15 14:46:00,2024-07-15 14:51:00,2024-07-15 14:53:00
Stuttgart Hbf,ICE 118,Münster(Westf)Hbf,1,2024-07-15 15:13:00,False,ICE,-2026324236731915142-2407150854,20,2024-07-15 14:59:00,2024-07-15 15:08:00,2024-07-15 15:12:00,2024-07-15 15:13:00
Stuttgart Hbf,ICE 596,Berlin Gesundbrunnen,6,2024-07-15 14:57:00,False,ICE,4083739950560377043-2407151246,5,2024-07-15 14:43:00,2024-07-15 14:52:00,2024-07-15 14:51:00,2024-07-15 14:57:00
Stuttgart Hbf,ICE 517,München Hbf,18,2024-07-15 14:32:00,False,ICE,-4602427783665327588-2407150728,14,2024-07-15 14:08:00,2024-07-15 14:27:00,2024-07-15 14:14:00,2024-07-15 14:32:00
Stuttgart Hbf,ICE 564,Karlsruhe Hbf,11,2024-07-15 15:20:00,False,ICE,-1073960129091467682-2407151303,5,2024-07-15 15:02:00,2024-07-15 15:09:00,2024-07-15 15:09:00,2024-07-15 15:20:00
Stuttgart Hbf,ICE 516,Hamburg-Altona,2,2024-07-15 15:53:00,False,ICE,6954924236955692259-2407151328,5,2024-07-15 15:45:00,2024-07-15 15:48:00,2024-07-15 15:51:00,2024-07-15 15:53:00
Stuttgart Hbf,ICE 597,München Hbf,24,2024-07-15 15:39:00,False,ICE,5254114651454294172-2407150915,11,2024-07-15 15:08:00,2024-07-15 15:34:00,2024-07-15 15:15:00,2024-07-15 15:39:00
Stuttgart Hbf,ICE 117,Klagenfurt Hbf,4,2024-07-15 16:03:00,False,ICE,9042395260942796037-2407151420,6,2024-07-15 15:53:00,2024-07-15 15:55:00,2024-07-15 15:59:00,2024-07-15 16:03:00
Stuttgart Hbf,ICE 519,München Hbf,23,2024-07-15 16:37:00,False,ICE,-8471873024121272354-2407150929,16,2024-07-15 16:08:00,2024-07-15 16:32:00,2024-07-15 16:14:00,2024-07-15 16:37:00
Stuttgart Hbf,ICE 594,Berlin Gesundbrunnen,7,2024-07-15 16:58:00,False,ICE,1140779865956290650-2407151446,5,2024-07-15 16:43:00,2024-07-15 16:47:00,2024-07-15 16:51:00,2024-07-15 16:58:00
Stuttgart Hbf,ICE 569,München Hbf,8,2024-07-15 16:59:00,False,ICE,-7759827436146803415-2407151605,3,2024-07-15 16:45:00,2024-07-15 16:52:00,2024-07-15 16:51:00,2024-07-15 16:59:00
Stuttgart Hbf,ICE 914,Köln Messe/Deutz Gl.11-12,12,2024-07-15 16:49:00,False,ICE,-1253548023198098278-2407151428,5,2024-07-15 16:31:00,2024-07-15 16:43:00,2024-07-15 16:37:00,2024-07-15 16:49:00
Stuttgart Hbf,ICE 562,Mannheim Hbf,3,2024-07-15 17:11:00,False,ICE,-6869650552962585885-2407151502,5,2024-07-15 17:02:00,2024-07-15 17:05:00,2024-07-15 17:08:00,2024-07-15 17:11:00
Stuttgart Hbf,ICE 514,Köln Hbf,3,2024-07-15 17:54:00,False,ICE,-5040855886902453859-2407151528,5,2024-07-15 17:45:00,2024-07-15 17:48:00,2024-07-15 17:51:00,2024-07-15 17:54:00
Stuttgart Hbf,ICE 599,München Hbf,34,2024-07-15 17:48:00,False,ICE,8059314318384301883-2407151126,10,2024-07-15 17:08:00,2024-07-15 17:38:00,2024-07-15 17:14:00,2024-07-15 17:48:00
Stuttgart Hbf,ICE 1011,München Hbf,2,2024-07-15 17:30:00,False,ICE,8564432605510706771-2407151349,10,2024-07-15 17:21:00,2024-07-15 17:25:00,2024-07-15 17:28:00,2024-07-15 17:30:00
Stuttgart Hbf,ICE 912,Dortmund Hbf,85,2024-07-15 20:03:00,False,ICE,-977669644680017628-2407151628,5,2024-07-15 18:32:00,2024-07-15 19:58:00,2024-07-15 18:38:00,2024-07-15 20:03:00
Stuttgart Hbf,ICE 592,Erfurt Hbf,2,2024-07-15 18:53:00,False,ICE,5089820149948252230-2407151646,5,2024-07-15 18:43:00,2024-07-15 18:43:00,2024-07-15 18:51:00,2024-07-15 18:53:00
Stuttgart Hbf,ICE 611,München Hbf,37,2024-07-15 18:51:00,False,ICE,5653087570567167872-2407151129,15,2024-07-15 18:08:00,2024-07-15 18:47:00,2024-07-15 18:14:00,2024-07-15 18:51:00
Stuttgart Hbf,ICE 1069,München Hbf,2,2024-07-15 18:59:00,False,ICE,7280991471195430281-2407151805,3,2024-07-15 18:51:00,2024-07-15 18:52:00,2024-07-15 18:57:00,2024-07-15 18:59:00
Stuttgart Hbf,ICE 266,Basel SBB,15,2024-07-15 19:27:00,False,ICE,-2795453744905001153-2407151658,6,2024-07-15 19:02:00,2024-07-15 19:11:00,2024-07-15 19:12:00,2024-07-15 19:27:00
Stuttgart Hbf,ICE 1211,Innsbruck Hbf,9,2024-07-15 19:24:00,False,ICE,8560770616564367826-2407151316,11,2024-07-15 19:08:00,2024-07-15 19:21:00,2024-07-15 19:15:00,2024-07-15 19:24:00
Stuttgart Hbf,ICE 1013,München Hbf,44,2024-07-15 20:12:00,False,ICE,2333246513660073790-2407151550,10,2024-07-15 19:22:00,2024-07-15 19:32:00,2024-07-15 19:28:00,2024-07-15 20:12:00
Stuttgart Hbf,ICE 1099,München Hbf,11,2024-07-15 20:09:00,False,ICE,-8959018065734509300-2407151819,6,2024-07-15 19:52:00,2024-07-15 20:04:00,2024-07-15 19:58:00,2024-07-15 20:09:00
Stuttgart Hbf,ICE 512,Münster(Westf)Hbf,3,2024-07-15 19:54:00,False,ICE,7537395545451740415-2407151728,5,2024-07-15 19:45:00,2024-07-15 19:42:00,2024-07-15 19:51:00,2024-07-15 19:54:00
Stuttgart Hbf,ICE 590,Frankfurt(Main)Hbf,0,2024-07-15 20:51:00,False,ICE,-7610672940066525446-2407151846,5,2024-07-15 20:43:00,2024-07-15 20:46:00,2024-07-15 20:51:00,2024-07-15 20:51:00
Stuttgart Hbf,ICE 910,Köln Hbf,1,2024-07-15 20:39:00,False,ICE,6195485783263057734-2407151828,5,2024-07-15 20:32:00,2024-07-15 20:33:00,2024-07-15 20:38:00,2024-07-15 20:39:00
Stuttgart Hbf,ICE 613,München Hbf,20,2024-07-15 20:34:00,False,ICE,5295243416856313869-2407151237,15,2024-07-15 20:08:00,2024-07-15 20:29:00,2024-07-15 20:14:00,2024-07-15 20:34:00
Stuttgart Hbf,ICE 560,Karlsruhe Hbf,1,2024-07-15 21:12:00,False,ICE,-1895474681646249837-2407151901,6,2024-07-15 21:03:00,2024-07-15 21:03:00,2024-07-15 21:11:00,2024-07-15 21:12:00
Stuttgart Hbf,ICE 693,München Hbf,44,2024-07-15 21:59:00,False,ICE,-1412524464226526551-2407151526,10,2024-07-15 21:08:00,2024-07-15 21:54:00,2024-07-15 21:15:00,2024-07-15 21:59:00
Stuttgart Hbf,ICE 1015,München Hbf,4,2024-07-15 21:32:00,False,ICE,-6727683722954373951-2407151750,10,2024-07-15 21:22:00,2024-07-15 21:27:00,2024-07-15 21:28:00,2024-07-15 21:32:00
Stuttgart Hbf,ICE 615,München Hbf,4,2024-07-15 22:18:00,False,ICE,-5425302918995479956-2407151529,15,2024-07-15 22:08:00,2024-07-15 22:13:00,2024-07-15 22:14:00,2024-07-15 22:18:00
Stuttgart Hbf,ICE 990,Frankfurt(Main)Hbf,36,2024-07-15 23:27:00,False,ICE,-2320340282101811304-2407152043,6,2024-07-15 22:43:00,2024-07-15 23:22:00,2024-07-15 22:51:00,2024-07-15 23:27:00
Stuttgart Hbf,ICE 698,Berlin Gesundbrunnen,3,2024-07-16 00:14:00,False,ICE,7108274583246193747-2407152151,5,2024-07-16 00:01:00,2024-07-16 00:09:00,2024-07-16 00:11:00,2024-07-16 00:14:00
Stuttgart Hbf,ICE 618,Mainz Hbf,0,2024-07-16 02:22:00,True,ICE,2686007473625185344-2407160001,5,2024-07-16 02:16:00,2024-07-16 02:16:00,2024-07-16 02:22:00,2024-07-16 02:22:00
Stuttgart Hbf,ICE 619,München Hbf,-1,2024-07-16 03:38:00,False,ICE,8701286456892320958-2407152247,5,2024-07-16 03:24:00,2024-07-16 03:20:00,2024-07-16 03:39:00,2024-07-16 03:38:00
Stuttgart Hbf,ICE 22016,Hamburg-Altona,5,2024-07-16 05:56:00,False,ICE,8488895160366256058-2407160317,5,2024-07-16 05:45:00,2024-07-16 05:51:00,2024-07-16 05:51:00,2024-07-16 05:56:00
Stuttgart Hbf,ICE 1061,München Hbf,2,2024-07-16 06:02:00,False,ICE,5427594935199921006-2407160453,5,2024-07-16 05:53:00,2024-07-16 05:55:00,2024-07-16 06:00:00,2024-07-16 06:02:00
Stuttgart Hbf,ICE 561,München Hbf,2,2024-07-16 06:52:00,False,ICE,-605877143281749034-2407160600,3,2024-07-16 06:44:00,2024-07-16 06:45:00,2024-07-16 06:50:00,2024-07-16 06:52:00
Stuttgart Hbf,ICE 717,München Hbf,5,2024-07-16 08:04:00,False,ICE,-4746884754763411071-2407160605,4,2024-07-16 07:53:00,2024-07-16 07:59:00,2024-07-16 07:59:00,2024-07-16 08:04:00
Stuttgart Hbf,ICE 1068,Karlsruhe Hbf,0,2024-07-16 07:10:00,False,ICE,1847313071699172804-2407160500,5,2024-07-16 07:04:00,2024-07-16 07:03:00,2024-07-16 07:10:00,2024-07-16 07:10:00
Stuttgart Hbf,ICE 2512,Frankfurt(Main)Hbf,16,2024-07-16 08:21:00,False,ICE,-8394972919237501261-2407160543,5,2024-07-16 07:59:00,2024-07-16 08:10:00,2024-07-16 08:05:00,2024-07-16 08:21:00
Stuttgart Hbf,ICE 2412,Hamburg-Altona,4,2024-07-16 07:55:00,False,ICE,4340345157597797141-2407160532,5,2024-07-16 07:45:00,2024-07-16 07:50:00,2024-07-16 07:51:00,2024-07-16 07:55:00
Stuttgart Hbf,ICE 991,München Hbf,12,2024-07-16 07:27:00,False,ICE,4178793572863103484-2407160526,5,2024-07-16 07:07:00,2024-07-16 07:22:00,2024-07-16 07:15:00,2024-07-16 07:27:00
Stuttgart Hbf,ICE 692,Hamburg Hbf,2,2024-07-16 08:53:00,False,ICE,-690776802853422910-2407160641,5,2024-07-16 08:44:00,2024-07-16 08:48:00,2024-07-16 08:51:00,2024-07-16 08:53:00
Stuttgart Hbf,ICE 267,München Hbf,0,2024-07-16 08:51:00,True,ICE,9036257144873715932-2407160550,11,2024-07-16 08:45:00,2024-07-16 08:49:00,2024-07-16 08:51:00,2024-07-16 08:51:00
Stuttgart Hbf,ICE 2501,München Hbf,5,2024-07-16 10:04:00,False,ICE,-4712900064770768337-2407160801,4,2024-07-16 09:52:00,2024-07-16 09:56:00,2024-07-16 09:59:00,2024-07-16 10:04:00
Stuttgart Hbf,ICE 2410,Hamburg-Altona,50,2024-07-16 10:41:00,False,ICE,3110215159235448756-2407160728,5,2024-07-16 09:45:00,2024-07-16 10:28:00,2024-07-16 09:51:00,2024-07-16 10:41:00
Stuttgart Hbf,ICE 591,München Hbf,6,2024-07-16 09:21:00,False,ICE,7394330786495536556-2407160705,4,2024-07-16 09:08:00,2024-07-16 09:13:00,2024-07-16 09:15:00,2024-07-16 09:21:00
Stuttgart Hbf,ICE 2510,Frankfurt(Main)Hbf,0,2024-07-16 10:05:00,False,ICE,8355114340284714121-2407160746,5,2024-07-16 09:59:00,2024-07-16 09:58:00,2024-07-16 10:05:00,2024-07-16 10:05:00
Stuttgart Hbf,ICE 2401,München Hbf,9,2024-07-16 10:23:00,False,ICE,2625137238235520637-2407160011,24,2024-07-16 10:08:00,2024-07-16 10:18:00,2024-07-16 10:14:00,2024-07-16 10:23:00
Stuttgart Hbf,ICE 690,Hamburg Hbf,3,2024-07-16 10:54:00,False,ICE,-2543008509222161707-2407160846,5,2024-07-16 10:43:00,2024-07-16 10:45:00,2024-07-16 10:51:00,2024-07-16 10:54:00
Stuttgart Hbf,ICE 563,München Hbf,0,2024-07-16 10:51:00,True,ICE,7515891464844108057-2407160827,6,2024-07-16 10:45:00,2024-07-16 10:45:00,2024-07-16 10:51:00,2024-07-16 10:51:00
Stuttgart Hbf,ICE 568,Karlsruhe Hbf,0,2024-07-16 11:12:00,False,ICE,-5628776902806503379-2407160903,5,2024-07-16 11:02:00,2024-07-16 11:01:00,2024-07-16 11:12:00,2024-07-16 11:12:00
Stuttgart Hbf,ICE 2408,Hamburg-Altona,15,2024-07-16 12:06:00,False,ICE,263505606232155959-2407160927,5,2024-07-16 11:45:00,2024-07-16 12:05:00,2024-07-16 11:51:00,2024-07-16 12:06:00
Stuttgart Hbf,ICE 2508,Frankfurt(Main)Hbf,28,2024-07-16 12:33:00,False,ICE,2118840296672669969-2407160947,5,2024-07-16 11:59:00,2024-07-16 12:09:00,2024-07-16 12:05:00,2024-07-16 12:33:00
Stuttgart Hbf,ICE 593,München Hbf,8,2024-07-16 11:23:00,False,ICE,-602704781851165380-2407160514,10,2024-07-16 11:08:00,2024-07-16 11:18:00,2024-07-16 11:15:00,2024-07-16 11:23:00
Stuttgart Hbf,ICE 2503,München Hbf,1,2024-07-16 12:00:00,False,ICE,-1324707288457092225-2407160954,4,2024-07-16 11:53:00,2024-07-16 11:52:00,2024-07-16 11:59:00,2024-07-16 12:00:00
Stuttgart Hbf,ICE 2403,München Hbf,11,2024-07-16 12:25:00,False,ICE,-1834385079321189756-2407160429,19,2024-07-16 12:08:00,2024-07-16 12:20:00,2024-07-16 12:14:00,2024-07-16 12:25:00
Stuttgart Hbf,ICE 565,München Hbf,0,2024-07-16 12:51:00,True,ICE,3705893801311502416-2407161204,3,2024-07-16 12:45:00,2024-07-16 12:45:00,2024-07-16 12:51:00,2024-07-16 12:51:00
Stuttgart Hbf,ICE 119,Innsbruck Hbf,2,2024-07-16 12:59:00,False,ICE,1540220838403763332-2407160621,6,2024-07-16 12:48:00,2024-07-16 12:50:00,2024-07-16 12:57:00,2024-07-16 12:59:00
Stuttgart Hbf,ICE 1218,Hamburg Hbf,13,2024-07-16 13:04:00,False,ICE,8983673647294408675-2407160840,11,2024-07-16 12:43:00,2024-07-16 12:59:00,2024-07-16 12:51:00,2024-07-16 13:04:00
Stuttgart Hbf,ICE 2406,Hamburg-Altona,1,2024-07-16 13:52:00,False,ICE,-8978030187738286064-2407161128,5,2024-07-16 13:45:00,2024-07-16 13:40:00,2024-07-16 13:51:00,2024-07-16 13:52:00
Stuttgart Hbf,ICE 2505,München Hbf,2,2024-07-16 14:01:00,False,ICE,-1386351384940595123-2407161153,4,2024-07-16 13:53:00,2024-07-16 13:54:00,2024-07-16 13:59:00,2024-07-16 14:01:00
Stuttgart Hbf,ICE 595,München Hbf,8,2024-07-16 13:23:00,False,ICE,5524095712606932700-2407160613,11,2024-07-16 13:08:00,2024-07-16 13:18:00,2024-07-16 13:15:00,2024-07-16 13:23:00
Stuttgart Hbf,ICE 2506,Frankfurt(Main)Hbf,3,2024-07-16 14:08:00,False,ICE,-3190940513038667025-2407161148,5,2024-07-16 13:59:00,2024-07-16 14:01:00,2024-07-16 14:05:00,2024-07-16 14:08:00
Stuttgart Hbf,ICE 566,Karlsruhe Hbf,4,2024-07-16 13:13:00,False,ICE,-4243685153474784824-2407161103,5,2024-07-16 13:02:00,2024-07-16 13:08:00,2024-07-16 13:09:00,2024-07-16 13:13:00
Stuttgart Hbf,ICE 1096,Kiel Hbf,5,2024-07-16 14:56:00,False,ICE,7265904803286392428-2407161247,5,2024-07-16 14:43:00,2024-07-16 14:51:00,2024-07-16 14:51:00,2024-07-16 14:56:00
Stuttgart Hbf,ICE 118,Berlin Ostbahnhof,10,2024-07-16 15:22:00,False,ICE,-2026324236731915142-2407160854,20,2024-07-16 14:59:00,2024-07-16 15:02:00,2024-07-16 15:12:00,2024-07-16 15:22:00
Stuttgart Hbf,ICE 567,München Hbf,12,2024-07-16 15:03:00,False,ICE,3762301582140299933-2407161404,3,2024-07-16 14:45:00,2024-07-16 14:53:00,2024-07-16 14:51:00,2024-07-16 15:03:00
Stuttgart Hbf,ICE 2405,München Hbf,63,2024-07-16 15:17:00,False,ICE,-5623276319120077997-2407160629,18,2024-07-16 14:08:00,2024-07-16 15:12:00,2024-07-16 14:14:00,2024-07-16 15:17:00
Stuttgart Hbf,ICE 2507,München Hbf,2,2024-07-16 16:01:00,False,ICE,8807778814697037054-2407161354,4,2024-07-16 15:53:00,2024-07-16 15:54:00,2024-07-16 15:59:00,2024-07-16 16:01:00
Stuttgart Hbf,ICE 597,München Hbf,15,2024-07-16 15:30:00,False,ICE,434865117917205190-2407160924,8,2024-07-16 15:08:00,2024-07-16 15:24:00,2024-07-16 15:15:00,2024-07-16 15:30:00
Stuttgart Hbf,ICE 2504,Frankfurt(Main)Hbf,7,2024-07-16 16:12:00,False,ICE,-3746817127465080930-2407161348,5,2024-07-16 15:59:00,2024-07-16 16:07:00,2024-07-16 16:05:00,2024-07-16 16:12:00
Stuttgart Hbf,ICE 2404,Hamburg-Altona,0,2024-07-16 15:51:00,False,ICE,9027111534189161094-2407161327,5,2024-07-16 15:45:00,2024-07-16 15:44:00,2024-07-16 15:51:00,2024-07-16 15:51:00
Stuttgart Hbf,ICE 564,Karlsruhe Hbf,2,2024-07-16 15:11:00,True,ICE,-1073960129091467682-2407161303,5,2024-07-16 15:02:00,2024-07-16 15:02:00,2024-07-16 15:09:00,2024-07-16 15:11:00
Stuttgart Hbf,ICE 594,Hamburg Hbf,3,2024-07-16 16:54:00,False,ICE,1140779865956290650-2407161446,5,2024-07-16 16:43:00,2024-07-16 16:46:00,2024-07-16 16:51:00,2024-07-16 16:54:00
Stuttgart Hbf,ICE 569,München Hbf,5,2024-07-16 16:56:00,False,ICE,-7759827436146803415-2407161604,3,2024-07-16 16:45:00,2024-07-16 16:51:00,2024-07-16 16:51:00,2024-07-16 16:56:00
Stuttgart Hbf,ICE 2407,München Hbf,27,2024-07-16 16:41:00,False,ICE,-6564341875414589886-2407160829,18,2024-07-16 16:08:00,2024-07-16 16:36:00,2024-07-16 16:14:00,2024-07-16 16:41:00
Stuttgart Hbf,ICE 599,München Hbf,11,2024-07-16 17:25:00,False,ICE,3567808221161966225-2407161124,8,2024-07-16 17:08:00,2024-07-16 17:20:00,2024-07-16 17:14:00,2024-07-16 17:25:00
Stuttgart Hbf,ICE 2402,Dortmund Hbf,1,2024-07-16 17:52:00,False,ICE,-5049952125224097798-2407161528,5,2024-07-16 17:45:00,2024-07-16 17:45:00,2024-07-16 17:51:00,2024-07-16 17:52:00
Stuttgart Hbf,ICE 2509,München Hbf,12,2024-07-16 18:11:00,False,ICE,-8570183957246820181-2407161554,4,2024-07-16 17:52:00,2024-07-16 18:03:00,2024-07-16 17:59:00,2024-07-16 18:11:00
Stuttgart Hbf,ICE 562,Saarbrücken Hbf,0,2024-07-16 17:08:00,True,ICE,-6869650552962585885-2407161502,5,2024-07-16 17:02:00,2024-07-16 17:02:00,2024-07-16 17:08:00,2024-07-16 17:08:00
Stuttgart Hbf,ICE 2502,Frankfurt(Main)Hbf,2,2024-07-16 18:07:00,False,ICE,-1481309699314519873-2407161547,5,2024-07-16 17:59:00,2024-07-16 18:00:00,2024-07-16 18:05:00,2024-07-16 18:07:00
Stuttgart Hbf,ICE 1069,München Hbf,0,2024-07-16 18:51:00,True,ICE,7280991471195430281-2407161804,3,2024-07-16 18:45:00,2024-07-16 18:45:00,2024-07-16 18:51:00,2024-07-16 18:51:00
Stuttgart Hbf,ICE 592,Frankfurt(Main)Hbf,5,2024-07-16 18:56:00,False,ICE,5089820149948252230-2407161646,5,2024-07-16 18:43:00,2024-07-16 18:43:00,2024-07-16 18:51:00,2024-07-16 18:56:00
Stuttgart Hbf,ICE 2409,München Hbf,81,2024-07-16 19:35:00,True,ICE,4921089780310698838-2407161030,18,2024-07-16 18:08:00,2024-07-16 19:30:00,2024-07-16 18:14:00,2024-07-16 19:35:00
Stuttgart Hbf,ICE 266,Basel SBB,0,2024-07-16 19:12:00,False,ICE,-2795453744905001153-2407161659,6,2024-07-16 19:02:00,2024-07-16 19:05:00,2024-07-16 19:12:00,2024-07-16 19:12:00
Stuttgart Hbf,ICE 1211,Innsbruck Hbf,34,2024-07-16 19:49:00,False,ICE,6795498665772062818-2407161324,8,2024-07-16 19:08:00,2024-07-16 19:44:00,2024-07-16 19:15:00,2024-07-16 19:49:00
Stuttgart Hbf,ICE 2500,Frankfurt(Main)Hbf,15,2024-07-16 20:20:00,False,ICE,7958024030493783972-2407161747,5,2024-07-16 19:59:00,2024-07-16 20:15:00,2024-07-16 20:05:00,2024-07-16 20:20:00
Stuttgart Hbf,ICE 2511,München Hbf,3,2024-07-16 20:02:00,False,ICE,-6444941605235901936-2407161747,4,2024-07-16 19:53:00,2024-07-16 19:58:00,2024-07-16 19:59:00,2024-07-16 20:02:00
Stuttgart Hbf,ICE 2400,Berlin Ostbahnhof,3,2024-07-16 19:54:00,True,ICE,3612321124108775378-2407161728,5,2024-07-16 19:45:00,2024-07-16 19:49:00,2024-07-16 19:51:00,2024-07-16 19:54:00
Stuttgart Hbf,ICE 2411,München Hbf,33,2024-07-16 20:47:00,False,ICE,5224976432653514129-2407161229,18,2024-07-16 20:08:00,2024-07-16 20:46:00,2024-07-16 20:14:00,2024-07-16 20:47:00
Stuttgart Hbf,ICE 590,Frankfurt(Main)Hbf,3,2024-07-16 20:54:00,False,ICE,-7610672940066525446-2407161846,5,2024-07-16 20:43:00,2024-07-16 20:49:00,2024-07-16 20:51:00,2024-07-16 20:54:00
Stuttgart Hbf,ICE 910,Saarbrücken Hbf,14,2024-07-16 20:52:00,False,ICE,6195485783263057734-2407161828,5,2024-07-16 20:31:00,2024-07-16 20:47:00,2024-07-16 20:38:00,2024-07-16 20:52:00
Stuttgart Hbf,ICE 693,München Hbf,70,2024-07-16 22:25:00,False,ICE,-5198077084450588432-2407161524,8,2024-07-16 21:08:00,2024-07-16 22:20:00,2024-07-16 21:15:00,2024-07-16 22:25:00
Stuttgart Hbf,ICE 560,Karlsruhe Hbf,0,2024-07-16 21:11:00,False,ICE,-1895474681646249837-2407161901,6,2024-07-16 21:03:00,2024-07-16 21:06:00,2024-07-16 21:11:00,2024-07-16 21:11:00
Stuttgart Hbf,ICE 2308,Frankfurt(Main)Hbf,0,2024-07-16 21:51:00,True,ICE,993826748729604473-2407161946,4,2024-07-16 21:45:00,2024-07-16 21:45:00,2024-07-16 21:51:00,2024-07-16 21:51:00
Stuttgart Hbf,ICE 990,Frankfurt(Main)Hbf,7,2024-07-16 22:58:00,False,ICE,-2320340282101811304-2407162043,6,2024-07-16 22:43:00,2024-07-16 22:53:00,2024-07-16 22:51:00,2024-07-16 22:58:00
Stuttgart Hbf,ICE 2413,München Hbf,0,2024-07-16 22:14:00,True,ICE,-5721089426791775973-2407161044,23,2024-07-16 22:08:00,2024-07-16 22:32:00,2024-07-16 22:14:00,2024-07-16 22:14:00
Stuttgart Hbf,ICE 698,Berlin Gesundbrunnen,1,2024-07-17 00:12:00,False,ICE,7108274583246193747-2407162151,5,2024-07-17 00:01:00,2024-07-17 00:07:00,2024-07-17 00:11:00,2024-07-17 00:12:00
Stuttgart Hbf,ICE 618,Köln Hbf,7,2024-07-17 02:29:00,False,ICE,2686007473625185344-2407170001,5,2024-07-17 02:16:00,2024-07-17 02:24:00,2024-07-17 02:22:00,2024-07-17 02:29:00
Stuttgart Hbf,ICE 619,München Hbf,0,2024-07-17 03:39:00,False,ICE,8701286456892320958-2407162247,5,2024-07-17 03:24:00,2024-07-17 03:17:00,2024-07-17 03:39:00,2024-07-17 03:39:00
Stuttgart Hbf,ICE 699,München Hbf,0,2024-07-17 05:12:00,False,ICE,-7138074359361066746-2407161919,15,2024-07-17 04:52:00,2024-07-17 04:52:00,2024-07-17 05:12:00,2024-07-17 05:12:00
Stuttgart Hbf,ICE 22016,Hamburg-Altona,1,2024-07-17 05:52:00,False,ICE,8488895160366256058-2407170315,5,2024-07-17 05:45:00,2024-07-17 05:45:00,2024-07-17 05:51:00,2024-07-17 05:52:00
Stuttgart Hbf,ICE 1061,München Hbf,3,2024-07-17 06:03:00,False,ICE,5427594935199921006-2407170453,5,2024-07-17 05:53:00,2024-07-17 05:56:00,2024-07-17 06:00:00,2024-07-17 06:03:00
Stuttgart Hbf,ICE 561,München Hbf,2,2024-07-17 06:52:00,False,ICE,-605877143281749034-2407170600,3,2024-07-17 06:44:00,2024-07-17 06:45:00,2024-07-17 06:50:00,2024-07-17 06:52:00
Stuttgart Hbf,ICE 1068,Karlsruhe Hbf,0,2024-07-17 07:10:00,True,ICE,1847313071699172804-2407170500,5,2024-07-17 07:04:00,2024-07-17 07:04:00,2024-07-17 07:10:00,2024-07-17 07:10:00
Stuttgart Hbf,ICE 717,München Hbf,9,2024-07-17 08:08:00,False,ICE,-4746884754763411071-2407170605,4,2024-07-17 07:53:00,2024-07-17 08:00:00,2024-07-17 07:59:00,2024-07-17 08:08:00
Stuttgart Hbf,ICE 2412,Hamburg-Altona,2,2024-07-17 07:53:00,False,ICE,4340345157597797141-2407170532,5,2024-07-17 07:45:00,2024-07-17 07:48:00,2024-07-17 07:51:00,2024-07-17 07:53:00
Stuttgart Hbf,ICE 991,München Hbf,3,2024-07-17 07:18:00,False,ICE,4178793572863103484-2407170526,5,2024-07-17 07:07:00,2024-07-17 07:10:00,2024-07-17 07:15:00,2024-07-17 07:18:00
Stuttgart Hbf,ICE 2512,Frankfurt(Main)Hbf,19,2024-07-17 08:24:00,False,ICE,-8394972919237501261-2407170543,5,2024-07-17 07:59:00,2024-07-17 08:19:00,2024-07-17 08:05:00,2024-07-17 08:24:00
Stuttgart Hbf,ICE 692,Hamburg Hbf,3,2024-07-17 08:54:00,False,ICE,-690776802853422910-2407170641,5,2024-07-17 08:44:00,2024-07-17 08:47:00,2024-07-17 08:51:00,2024-07-17 08:54:00
Stuttgart Hbf,ICE 267,München Hbf,0,2024-07-17 08:51:00,True,ICE,9036257144873715932-2407170550,11,2024-07-17 08:45:00,2024-07-17 08:45:00,2024-07-17 08:51:00,2024-07-17 08:51:00
Stuttgart Hbf,ICE 913,München Hbf,4,2024-07-17 09:32:00,False,ICE,9025370439367946468-2407170651,7,2024-07-17 09:22:00,2024-07-17 09:23:00,2024-07-17 09:28:00,2024-07-17 09:32:00
Stuttgart Hbf,ICE 2501,München Hbf,2,2024-07-17 10:01:00,False,ICE,-4712900064770768337-2407170801,4,2024-07-17 09:52:00,2024-07-17 09:56:00,2024-07-17 09:59:00,2024-07-17 10:01:00
Stuttgart Hbf,ICE 2410,Hamburg-Altona,3,2024-07-17 09:54:00,False,ICE,3110215159235448756-2407170728,5,2024-07-17 09:45:00,2024-07-17 09:48:00,2024-07-17 09:51:00,2024-07-17 09:54:00
Stuttgart Hbf,ICE 591,München Hbf,1,2024-07-17 09:16:00,False,ICE,7394330786495536556-2407170705,4,2024-07-17 09:08:00,2024-07-17 09:08:00,2024-07-17 09:15:00,2024-07-17 09:16:00
Stuttgart Hbf,ICE 2510,Frankfurt(Main)Hbf,3,2024-07-17 10:08:00,False,ICE,8355114340284714121-2407170746,5,2024-07-17 09:59:00,2024-07-17 10:03:00,2024-07-17 10:05:00,2024-07-17 10:08:00
Stuttgart Hbf,ICE 2401,München Hbf,17,2024-07-17 10:31:00,False,ICE,2625137238235520637-2407170011,24,2024-07-17 10:08:00,2024-07-17 10:26:00,2024-07-17 10:14:00,2024-07-17 10:31:00
Stuttgart Hbf,ICE 690,Hamburg Hbf,3,2024-07-17 10:54:00,False,ICE,-2543008509222161707-2407170846,5,2024-07-17 10:43:00,2024-07-17 10:45:00,2024-07-17 10:51:00,2024-07-17 10:54:00
Stuttgart Hbf,ICE 563,München Hbf,0,2024-07-17 10:51:00,True,ICE,7515891464844108057-2407170827,6,2024-07-17 10:45:00,2024-07-17 10:45:00,2024-07-17 10:51:00,2024-07-17 10:51:00
Stuttgart Hbf,ICE 2408,Hamburg-Altona,1,2024-07-17 11:52:00,False,ICE,263505606232155959-2407170927,5,2024-07-17 11:45:00,2024-07-17 11:46:00,2024-07-17 11:51:00,2024-07-17 11:52:00
Stuttgart Hbf,ICE 2508,Frankfurt(Main)Hbf,7,2024-07-17 12:12:00,False,ICE,2118840296672669969-2407170947,5,2024-07-17 11:59:00,2024-07-17 12:07:00,2024-07-17 12:05:00,2024-07-17 12:12:00
Stuttgart Hbf,ICE 2503,München Hbf,1,2024-07-17 12:00:00,False,ICE,-1324707288457092225-2407170954,4,2024-07-17 11:53:00,2024-07-17 11:53:00,2024-07-17 11:59:00,2024-07-17 12:00:00
Stuttgart Hbf,ICE 593,München Hbf,18,2024-07-17 11:33:00,False,ICE,-602704781851165380-2407170514,10,2024-07-17 11:08:00,2024-07-17 11:28:00,2024-07-17 11:15:00,2024-07-17 11:33:00
Stuttgart Hbf,ICE 568,Karlsruhe Hbf,6,2024-07-17 11:18:00,False,ICE,-5628776902806503379-2407170903,5,2024-07-17 11:02:00,2024-07-17 11:14:00,2024-07-17 11:12:00,2024-07-17 11:18:00
Stuttgart Hbf,ICE 2403,München Hbf,8,2024-07-17 12:22:00,False,ICE,-1834385079321189756-2407170429,19,2024-07-17 12:08:00,2024-07-17 12:17:00,2024-07-17 12:14:00,2024-07-17 12:22:00
Stuttgart Hbf,ICE 1218,Hamburg Hbf,5,2024-07-17 12:56:00,False,ICE,8983673647294408675-2407170840,11,2024-07-17 12:43:00,2024-07-17 12:51:00,2024-07-17 12:51:00,2024-07-17 12:56:00
Stuttgart Hbf,ICE 565,München Hbf,0,2024-07-17 12:51:00,True,ICE,3705893801311502416-2407171204,3,2024-07-17 12:45:00,2024-07-17 12:45:00,2024-07-17 12:51:00,2024-07-17 12:51:00
Stuttgart Hbf,ICE 119,Innsbruck Hbf,8,2024-07-17 13:05:00,False,ICE,1540220838403763332-2407170621,6,2024-07-17 12:48:00,2024-07-17 12:54:00,2024-07-17 12:57:00,2024-07-17 13:05:00
Stuttgart Hbf,ICE 2505,München Hbf,3,2024-07-17 14:02:00,False,ICE,-1386351384940595123-2407171153,4,2024-07-17 13:53:00,2024-07-17 13:56:00,2024-07-17 13:59:00,2024-07-17 14:02:00
Stuttgart Hbf,ICE 2506,Frankfurt(Main)Hbf,8,2024-07-17 14:13:00,False,ICE,-3190940513038667025-2407171148,5,2024-07-17 13:59:00,2024-07-17 14:01:00,2024-07-17 14:05:00,2024-07-17 14:13:00
Stuttgart Hbf,ICE 566,Karlsruhe Hbf,3,2024-07-17 13:12:00,False,ICE,-4243685153474784824-2407171103,5,2024-07-17 13:02:00,2024-07-17 13:07:00,2024-07-17 13:09:00,2024-07-17 13:12:00
Stuttgart Hbf,ICE 595,München Hbf,5,2024-07-17 13:20:00,False,ICE,5524095712606932700-2407170613,11,2024-07-17 13:08:00,2024-07-17 13:12:00,2024-07-17 13:15:00,2024-07-17 13:20:00
Stuttgart Hbf,ICE 2406,Hamburg-Altona,1,2024-07-17 13:52:00,False,ICE,-8978030187738286064-2407171128,5,2024-07-17 13:45:00,2024-07-17 13:48:00,2024-07-17 13:51:00,2024-07-17 13:52:00
Stuttgart Hbf,ICE 567,München Hbf,4,2024-07-17 14:55:00,False,ICE,3762301582140299933-2407171404,3,2024-07-17 14:45:00,2024-07-17 14:50:00,2024-07-17 14:51:00,2024-07-17 14:55:00
Stuttgart Hbf,ICE 1096,Kiel Hbf,13,2024-07-17 15:04:00,False,ICE,7265904803286392428-2407171247,5,2024-07-17 14:43:00,2024-07-17 14:59:00,2024-07-17 14:51:00,2024-07-17 15:04:00
Stuttgart Hbf,ICE 2405,München Hbf,8,2024-07-17 14:22:00,False,ICE,-5623276319120077997-2407170629,18,2024-07-17 14:08:00,2024-07-17 14:17:00,2024-07-17 14:14:00,2024-07-17 14:22:00
Stuttgart Hbf,ICE 118,Berlin Ostbahnhof,0,2024-07-17 15:12:00,False,ICE,-2026324236731915142-2407170854,20,2024-07-17 14:59:00,2024-07-17 15:05:00,2024-07-17 15:12:00,2024-07-17 15:12:00
Stuttgart Hbf,ICE 597,München Hbf,2,2024-07-17 15:17:00,False,ICE,434865117917205190-2407170924,8,2024-07-17 15:08:00,2024-07-17 15:12:00,2024-07-17 15:15:00,2024-07-17 15:17:00
Stuttgart Hbf,ICE 2507,München Hbf,2,2024-07-17 16:01:00,False,ICE,8807778814697037054-2407171354,4,2024-07-17 15:53:00,2024-07-17 15:54:00,2024-07-17 15:59:00,2024-07-17 16:01:00
Stuttgart Hbf,ICE 2404,Hamburg-Altona,0,2024-07-17 15:51:00,False,ICE,9027111534189161094-2407171327,5,2024-07-17 15:45:00,2024-07-17 15:44:00,2024-07-17 15:51:00,2024-07-17 15:51:00
Stuttgart Hbf,ICE 2504,Frankfurt(Main)Hbf,4,2024-07-17 16:09:00,False,ICE,-3746817127465080930-2407171348,5,2024-07-17 15:59:00,2024-07-17 16:04:00,2024-07-17 16:05:00,2024-07-17 16:09:00
Stuttgart Hbf,ICE 564,Karlsruhe Hbf,0,2024-07-17 15:09:00,True,ICE,-1073960129091467682-2407171303,5,2024-07-17 15:02:00,2024-07-17 15:02:00,2024-07-17 15:09:00,2024-07-17 15:09:00
Stuttgart Hbf,ICE 2407,München Hbf,18,2024-07-17 16:32:00,False,ICE,-6564341875414589886-2407170829,18,2024-07-17 16:08:00,2024-07-17 16:27:00,2024-07-17 16:14:00,2024-07-17 16:32:00
Stuttgart Hbf,ICE 594,Hamburg Hbf,6,2024-07-17 16:57:00,False,ICE,1140779865956290650-2407171446,5,2024-07-17 16:43:00,2024-07-17 16:51:00,2024-07-17 16:51:00,2024-07-17 16:57:00
Stuttgart Hbf,ICE 569,München Hbf,6,2024-07-17 16:57:00,False,ICE,-7759827436146803415-2407171604,3,2024-07-17 16:45:00,2024-07-17 16:52:00,2024-07-17 16:51:00,2024-07-17 16:57:00
Stuttgart Hbf,ICE 599,München Hbf,3,2024-07-17 17:17:00,False,ICE,3567808221161966225-2407171124,8,2024-07-17 17:08:00,2024-07-17 17:12:00,2024-07-17 17:14:00,2024-07-17 17:17:00
Stuttgart Hbf,ICE 2402,Dortmund Hbf,5,2024-07-17 17:56:00,False,ICE,-5049952125224097798-2407171528,5,2024-07-17 17:45:00,2024-07-17 17:51:00,2024-07-17 17:51:00,2024-07-17 17:56:00
Stuttgart Hbf,ICE 2509,München Hbf,11,2024-07-17 18:10:00,False,ICE,-8570183957246820181-2407171554,4,2024-07-17 17:52:00,2024-07-17 17:56:00,2024-07-17 17:59:00,2024-07-17 18:10:00
Stuttgart Hbf,ICE 2502,Frankfurt(Main)Hbf,11,2024-07-17 18:16:00,False,ICE,-1481309699314519873-2407171547,5,2024-07-17 17:59:00,2024-07-17 18:05:00,2024-07-17 18:05:00,2024-07-17 18:16:00
Stuttgart Hbf,ICE 562,Saarbrücken Hbf,0,2024-07-17 17:08:00,True,ICE,-6869650552962585885-2407171502,5,2024-07-17 17:02:00,2024-07-17 17:02:00,2024-07-17 17:08:00,2024-07-17 17:08:00
Stuttgart Hbf,ICE 1069,München Hbf,0,2024-07-17 18:51:00,True,ICE,7280991471195430281-2407171804,3,2024-07-17 18:45:00,2024-07-17 18:45:00,2024-07-17 18:51:00,2024-07-17 18:51:00
Stuttgart Hbf,ICE 592,Frankfurt(Main)Hbf,3,2024-07-17 18:54:00,False,ICE,5089820149948252230-2407171646,5,2024-07-17 18:43:00,2024-07-17 18:45:00,2024-07-17 18:51:00,2024-07-17 18:54:00
Stuttgart Hbf,ICE 2409,München Hbf,37,2024-07-17 18:51:00,False,ICE,4921089780310698838-2407171030,18,2024-07-17 18:08:00,2024-07-17 18:35:00,2024-07-17 18:14:00,2024-07-17 18:51:00
Stuttgart Hbf,ICE 266,Basel SBB,0,2024-07-17 19:12:00,True,ICE,-2795453744905001153-2407171659,6,2024-07-17 19:02:00,2024-07-17 19:02:00,2024-07-17 19:12:00,2024-07-17 19:12:00
Stuttgart Hbf,ICE 2511,München Hbf,3,2024-07-17 20:02:00,False,ICE,-6444941605235901936-2407171747,4,2024-07-17 19:53:00,2024-07-17 19:55:00,2024-07-17 19:59:00,2024-07-17 20:02:00
Stuttgart Hbf,ICE 2500,Frankfurt(Main)Hbf,11,2024-07-17 20:16:00,False,ICE,7958024030493783972-2407171747,5,2024-07-17 19:59:00,2024-07-17 20:11:00,2024-07-17 20:05:00,2024-07-17 20:16:00
Stuttgart Hbf,ICE 1211,Innsbruck Hbf,21,2024-07-17 19:36:00,False,ICE,6795498665772062818-2407171324,8,2024-07-17 19:08:00,2024-07-17 19:31:00,2024-07-17 19:15:00,2024-07-17 19:36:00
Stuttgart Hbf,ICE 2400,Berlin Ostbahnhof,2,2024-07-17 19:53:00,False,ICE,3612321124108775378-2407171728,5,2024-07-17 19:45:00,2024-07-17 19:47:00,2024-07-17 19:51:00,2024-07-17 19:53:00
Stuttgart Hbf,ICE 2411,München Hbf,60,2024-07-17 21:14:00,False,ICE,5224976432653514129-2407171229,18,2024-07-17 20:08:00,2024-07-17 21:11:00,2024-07-17 20:14:00,2024-07-17 21:14:00
Stuttgart Hbf,ICE 590,Frankfurt(Main)Hbf,0,2024-07-17 20:51:00,False,ICE,-7610672940066525446-2407171846,5,2024-07-17 20:43:00,2024-07-17 20:42:00,2024-07-17 20:51:00,2024-07-17 20:51:00
Stuttgart Hbf,ICE 910,Saarbrücken Hbf,1,2024-07-17 20:39:00,False,ICE,6195485783263057734-2407171828,5,2024-07-17 20:31:00,2024-07-17 20:32:00,2024-07-17 20:38:00,2024-07-17 20:39:00
Stuttgart Hbf,ICE 693,München Hbf,41,2024-07-17 21:56:00,False,ICE,-5198077084450588432-2407171524,8,2024-07-17 21:08:00,2024-07-17 21:51:00,2024-07-17 21:15:00,2024-07-17 21:56:00
Stuttgart Hbf,ICE 560,Karlsruhe Hbf,4,2024-07-17 21:15:00,False,ICE,-1895474681646249837-2407171901,6,2024-07-17 21:03:00,2024-07-17 21:09:00,2024-07-17 21:11:00,2024-07-17 21:15:00
Stuttgart Hbf,ICE 2308,Frankfurt(Main)Hbf,0,2024-07-17 22:05:00,True,ICE,993826748729604473-2407171946,5,2024-07-17 21:59:00,2024-07-17 21:59:00,2024-07-17 22:05:00,2024-07-17 22:05:00
Stuttgart Hbf,ICE 990,Frankfurt(Main)Hbf,25,2024-07-17 23:16:00,False,ICE,-2320340282101811304-2407172043,6,2024-07-17 22:43:00,2024-07-17 23:11:00,2024-07-17 22:51:00,2024-07-17 23:16:00
Stuttgart Hbf,ICE 2413,München Hbf,0,2024-07-17 22:14:00,True,ICE,-5721089426791775973-2407171044,23,2024-07-17 22:08:00,2024-07-18 00:52:00,2024-07-17 22:14:00,2024-07-17 22:14:00
Stuttgart Hbf,ICE 698,Berlin Gesundbrunnen,0,2024-07-18 00:11:00,False,ICE,7108274583246193747-2407172151,5,2024-07-18 00:01:00,2024-07-17 23:57:00,2024-07-18 00:11:00,2024-07-18 00:11:00
Stuttgart Hbf,ICE 618,Köln Hbf,20,2024-07-18 02:42:00,False,ICE,2686007473625185344-2407180001,5,2024-07-18 02:16:00,2024-07-18 02:30:00,2024-07-18 02:22:00,2024-07-18 02:42:00
Stuttgart Hbf,ICE 619,München Hbf,0,2024-07-18 03:39:00,False,ICE,8701286456892320958-2407172244,5,2024-07-18 03:24:00,2024-07-18 03:22:00,2024-07-18 03:39:00,2024-07-18 03:39:00
Stuttgart Hbf,ICE 699,München Hbf,3,2024-07-18 05:15:00,False,ICE,-7138074359361066746-2407171919,15,2024-07-18 04:52:00,2024-07-18 05:10:00,2024-07-18 05:12:00,2024-07-18 05:15:00
Stuttgart Hbf,ICE 22016,Hamburg-Altona,1,2024-07-18 05:52:00,False,ICE,8488895160366256058-2407180317,5,2024-07-18 05:45:00,2024-07-18 05:45:00,2024-07-18 05:51:00,2024-07-18 05:52:00
Stuttgart Hbf,ICE 1061,München Hbf,2,2024-07-18 06:02:00,False,ICE,5427594935199921006-2407180453,5,2024-07-18 05:53:00,2024-07-18 05:55:00,2024-07-18 06:00:00,2024-07-18 06:02:00
Stuttgart Hbf,ICE 561,München Hbf,3,2024-07-18 06:53:00,False,ICE,-605877143281749034-2407180600,3,2024-07-18 06:44:00,2024-07-18 06:46:00,2024-07-18 06:50:00,2024-07-18 06:53:00
Stuttgart Hbf,ICE 1068,Karlsruhe Hbf,0,2024-07-18 07:10:00,True,ICE,1847313071699172804-2407180500,5,2024-07-18 07:04:00,2024-07-18 07:04:00,2024-07-18 07:10:00,2024-07-18 07:10:00
Stuttgart Hbf,ICE 991,München Hbf,19,2024-07-18 07:34:00,False,ICE,4178793572863103484-2407180526,5,2024-07-18 07:07:00,2024-07-18 07:26:00,2024-07-18 07:15:00,2024-07-18 07:34:00
Stuttgart Hbf,ICE 717,München Hbf,3,2024-07-18 08:02:00,False,ICE,-4746884754763411071-2407180605,4,2024-07-18 07:53:00,2024-07-18 07:57:00,2024-07-18 07:59:00,2024-07-18 08:02:00
Stuttgart Hbf,ICE 2512,Frankfurt(Main)Hbf,20,2024-07-18 08:25:00,False,ICE,-8394972919237501261-2407180543,5,2024-07-18 07:59:00,2024-07-18 08:20:00,2024-07-18 08:05:00,2024-07-18 08:25:00
Stuttgart Hbf,ICE 2412,Hamburg-Altona,3,2024-07-18 07:54:00,False,ICE,4340345157597797141-2407180532,5,2024-07-18 07:45:00,2024-07-18 07:48:00,2024-07-18 07:51:00,2024-07-18 07:54:00
Stuttgart Hbf,ICE 267,München Hbf,0,2024-07-18 08:51:00,True,ICE,9036257144873715932-2407180550,11,2024-07-18 08:45:00,2024-07-18 08:45:00,2024-07-18 08:51:00,2024-07-18 08:51:00
Stuttgart Hbf,ICE 692,Hamburg Hbf,2,2024-07-18 08:53:00,False,ICE,-690776802853422910-2407180641,5,2024-07-18 08:44:00,2024-07-18 08:41:00,2024-07-18 08:51:00,2024-07-18 08:53:00
Stuttgart Hbf,ICE 913,München Hbf,4,2024-07-18 09:32:00,False,ICE,9025370439367946468-2407180651,7,2024-07-18 09:22:00,2024-07-18 09:27:00,2024-07-18 09:28:00,2024-07-18 09:32:00
Stuttgart Hbf,ICE 2410,Hamburg-Altona,3,2024-07-18 09:54:00,False,ICE,3110215159235448756-2407180728,5,2024-07-18 09:45:00,2024-07-18 09:48:00,2024-07-18 09:51:00,2024-07-18 09:54:00
Stuttgart Hbf,ICE 591,München Hbf,8,2024-07-18 09:23:00,False,ICE,7394330786495536556-2407180705,4,2024-07-18 09:08:00,2024-07-18 09:09:00,2024-07-18 09:15:00,2024-07-18 09:23:00
Stuttgart Hbf,ICE 2501,München Hbf,1,2024-07-18 10:00:00,False,ICE,-4712900064770768337-2407180801,4,2024-07-18 09:52:00,2024-07-18 09:55:00,2024-07-18 09:59:00,2024-07-18 10:00:00
Stuttgart Hbf,ICE 2510,Frankfurt(Main)Hbf,11,2024-07-18 10:16:00,False,ICE,8355114340284714121-2407180746,5,2024-07-18 09:59:00,2024-07-18 10:11:00,2024-07-18 10:05:00,2024-07-18 10:16:00
Stuttgart Hbf,ICE 563,München Hbf,0,2024-07-18 10:51:00,True,ICE,7515891464844108057-2407180827,6,2024-07-18 10:45:00,2024-07-18 10:45:00,2024-07-18 10:51:00,2024-07-18 10:51:00
Stuttgart Hbf,ICE 2401,München Hbf,16,2024-07-18 10:30:00,False,ICE,2625137238235520637-2407180011,24,2024-07-18 10:08:00,2024-07-18 10:22:00,2024-07-18 10:14:00,2024-07-18 10:30:00
Stuttgart Hbf,ICE 690,Hamburg Hbf,9,2024-07-18 11:00:00,False,ICE,-2543008509222161707-2407180846,5,2024-07-18 10:43:00,2024-07-18 10:55:00,2024-07-18 10:51:00,2024-07-18 11:00:00
Stuttgart Hbf,ICE 568,Karlsruhe Hbf,20,2024-07-18 11:32:00,False,ICE,-5628776902806503379-2407180903,5,2024-07-18 11:02:00,2024-07-18 11:27:00,2024-07-18 11:12:00,2024-07-18 11:32:00
Stuttgart Hbf,ICE 593,München Hbf,2,2024-07-18 11:17:00,False,ICE,-602704781851165380-2407180514,10,2024-07-18 11:08:00,2024-07-18 11:13:00,2024-07-18 11:15:00,2024-07-18 11:17:00
Stuttgart Hbf,ICE 2503,München Hbf,7,2024-07-18 12:06:00,False,ICE,-1324707288457092225-2407180954,4,2024-07-18 11:53:00,2024-07-18 12:01:00,2024-07-18 11:59:00,2024-07-18 12:06:00
Stuttgart Hbf,ICE 2408,Hamburg-Altona,11,2024-07-18 12:02:00,False,ICE,263505606232155959-2407180927,5,2024-07-18 11:45:00,2024-07-18 11:56:00,2024-07-18 11:51:00,2024-07-18 12:02:00
Stuttgart Hbf,ICE 2508,Frankfurt(Main)Hbf,11,2024-07-18 12:16:00,False,ICE,2118840296672669969-2407180947,5,2024-07-18 11:59:00,2024-07-18 12:11:00,2024-07-18 12:05:00,2024-07-18 12:16:00
Stuttgart Hbf,ICE 565,München Hbf,0,2024-07-18 12:51:00,True,ICE,3705893801311502416-2407181204,3,2024-07-18 12:45:00,2024-07-18 12:45:00,2024-07-18 12:51:00,2024-07-18 12:51:00
Stuttgart Hbf,ICE 2403,München Hbf,28,2024-07-18 12:42:00,False,ICE,-1834385079321189756-2407180429,19,2024-07-18 12:08:00,2024-07-18 12:37:00,2024-07-18 12:14:00,2024-07-18 12:42:00
Stuttgart Hbf,ICE 1218,Hamburg Hbf,13,2024-07-18 13:04:00,False,ICE,8983673647294408675-2407180840,11,2024-07-18 12:43:00,2024-07-18 12:59:00,2024-07-18 12:51:00,2024-07-18 13:04:00
Stuttgart Hbf,ICE 2406,Hamburg-Altona,8,2024-07-18 13:59:00,False,ICE,-8978030187738286064-2407181128,5,2024-07-18 13:45:00,2024-07-18 13:54:00,2024-07-18 13:51:00,2024-07-18 13:59:00
Stuttgart Hbf,ICE 566,Karlsruhe Hbf,3,2024-07-18 13:12:00,False,ICE,-4243685153474784824-2407181103,5,2024-07-18 13:02:00,2024-07-18 13:07:00,2024-07-18 13:09:00,2024-07-18 13:12:00
Stuttgart Hbf,ICE 595,München Hbf,18,2024-07-18 13:33:00,False,ICE,5524095712606932700-2407180613,11,2024-07-18 13:08:00,2024-07-18 13:28:00,2024-07-18 13:15:00,2024-07-18 13:33:00
Stuttgart Hbf,ICE 2505,München Hbf,17,2024-07-18 14:16:00,False,ICE,-1386351384940595123-2407181153,4,2024-07-18 13:53:00,2024-07-18 14:08:00,2024-07-18 13:59:00,2024-07-18 14:16:00
Stuttgart Hbf,ICE 2506,Frankfurt(Main)Hbf,13,2024-07-18 14:18:00,False,ICE,-3190940513038667025-2407181148,5,2024-07-18 13:59:00,2024-07-18 14:10:00,2024-07-18 14:05:00,2024-07-18 14:18:00
Stuttgart Hbf,ICE 1096,Hamburg Hbf,0,2024-07-18 14:51:00,False,ICE,7265904803286392428-2407181247,5,2024-07-18 14:43:00,2024-07-18 14:46:00,2024-07-18 14:51:00,2024-07-18 14:51:00
Stuttgart Hbf,ICE 2405,München Hbf,29,2024-07-18 14:43:00,False,ICE,-5623276319120077997-2407180629,18,2024-07-18 14:08:00,2024-07-18 14:38:00,2024-07-18 14:14:00,2024-07-18 14:43:00
Stuttgart Hbf,ICE 567,München Hbf,6,2024-07-18 14:57:00,False,ICE,3762301582140299933-2407181404,3,2024-07-18 14:45:00,2024-07-18 14:51:00,2024-07-18 14:51:00,2024-07-18 14:57:00
Stuttgart Hbf,ICE 2504,Frankfurt(Main)Hbf,18,2024-07-18 16:23:00,False,ICE,-3746817127465080930-2407181348,5,2024-07-18 15:59:00,2024-07-18 16:18:00,2024-07-18 16:05:00,2024-07-18 16:23:00
Stuttgart Hbf,ICE 564,Karlsruhe Hbf,0,2024-07-18 15:09:00,True,ICE,-1073960129091467682-2407181303,5,2024-07-18 15:02:00,2024-07-18 15:02:00,2024-07-18 15:09:00,2024-07-18 15:09:00
Stuttgart Hbf,ICE 2507,München Hbf,35,2024-07-18 16:34:00,False,ICE,8807778814697037054-2407181354,4,2024-07-18 15:53:00,2024-07-18 15:56:00,2024-07-18 15:59:00,2024-07-18 16:34:00
Stuttgart Hbf,ICE 2404,Hamburg-Altona,3,2024-07-18 15:54:00,False,ICE,9027111534189161094-2407181327,5,2024-07-18 15:45:00,2024-07-18 15:49:00,2024-07-18 15:51:00,2024-07-18 15:54:00
Stuttgart Hbf,ICE 597,München Hbf,1,2024-07-18 15:16:00,False,ICE,434865117917205190-2407180924,8,2024-07-18 15:08:00,2024-07-18 15:08:00,2024-07-18 15:15:00,2024-07-18 15:16:00
Stuttgart Hbf,ICE 569,München Hbf,5,2024-07-18 16:56:00,False,ICE,-7759827436146803415-2407181604,3,2024-07-18 16:45:00,2024-07-18 16:51:00,2024-07-18 16:51:00,2024-07-18 16:56:00
Stuttgart Hbf,ICE 594,Hamburg Hbf,9,2024-07-18 17:00:00,False,ICE,1140779865956290650-2407181446,5,2024-07-18 16:43:00,2024-07-18 16:55:00,2024-07-18 16:51:00,2024-07-18 17:00:00
Stuttgart Hbf,ICE 2407,München Hbf,67,2024-07-18 17:21:00,False,ICE,-6564341875414589886-2407180829,18,2024-07-18 16:08:00,2024-07-18 17:16:00,2024-07-18 16:14:00,2024-07-18 17:21:00
Stuttgart Hbf,ICE 599,München Hbf,105,2024-07-18 18:59:00,False,ICE,3567808221161966225-2407181124,8,2024-07-18 17:08:00,2024-07-18 18:54:00,2024-07-18 17:14:00,2024-07-18 18:59:00
Stuttgart Hbf,ICE 562,Saarbrücken Hbf,0,2024-07-18 17:08:00,True,ICE,-6869650552962585885-2407181502,5,2024-07-18 17:02:00,2024-07-18 17:02:00,2024-07-18 17:08:00,2024-07-18 17:08:00
Stuttgart Hbf,ICE 2502,Frankfurt(Main)Hbf,3,2024-07-18 18:08:00,False,ICE,-1481309699314519873-2407181547,5,2024-07-18 17:59:00,2024-07-18 18:01:00,2024-07-18 18:05:00,2024-07-18 18:08:00
Stuttgart Hbf,ICE 2402,Dortmund Hbf,4,2024-07-18 17:55:00,False,ICE,-5049952125224097798-2407181528,5,2024-07-18 17:45:00,2024-07-18 17:45:00,2024-07-18 17:51:00,2024-07-18 17:55:00
Stuttgart Hbf,ICE 2509,München Hbf,1,2024-07-18 18:00:00,False,ICE,-8570183957246820181-2407181554,4,2024-07-18 17:52:00,2024-07-18 17:55:00,2024-07-18 17:59:00,2024-07-18 18:00:00
Stuttgart Hbf,ICE 2409,München Hbf,38,2024-07-18 18:52:00,False,ICE,4921089780310698838-2407181030,18,2024-07-18 18:08:00,2024-07-18 18:47:00,2024-07-18 18:14:00,2024-07-18 18:52:00
Stuttgart Hbf,ICE 592,Frankfurt(Main)Hbf,17,2024-07-18 19:08:00,False,ICE,5089820149948252230-2407181646,5,2024-07-18 18:43:00,2024-07-18 18:47:00,2024-07-18 18:51:00,2024-07-18 19:08:00
Stuttgart Hbf,ICE 1069,München Hbf,0,2024-07-18 18:51:00,True,ICE,7280991471195430281-2407181804,3,2024-07-18 18:45:00,2024-07-18 18:45:00,2024-07-18 18:51:00,2024-07-18 18:51:00
Stuttgart Hbf,ICE 2511,München Hbf,1,2024-07-18 20:00:00,False,ICE,-6444941605235901936-2407181747,4,2024-07-18 19:53:00,2024-07-18 19:53:00,2024-07-18 19:59:00,2024-07-18 20:00:00
Stuttgart Hbf,ICE 2500,Frankfurt(Main)Hbf,2,2024-07-18 20:07:00,False,ICE,7958024030493783972-2407181747,5,2024-07-18 19:59:00,2024-07-18 20:02:00,2024-07-18 20:05:00,2024-07-18 20:07:00
Stuttgart Hbf,ICE 2400,Berlin Ostbahnhof,0,2024-07-18 19:51:00,False,ICE,3612321124108775378-2407181728,5,2024-07-18 19:45:00,2024-07-18 19:44:00,2024-07-18 19:51:00,2024-07-18 19:51:00
Stuttgart Hbf,ICE 266,Basel SBB,0,2024-07-18 19:12:00,True,ICE,-2795453744905001153-2407181659,6,2024-07-18 19:02:00,2024-07-18 19:02:00,2024-07-18 19:12:00,2024-07-18 19:12:00
Stuttgart Hbf,ICE 1211,Innsbruck Hbf,7,2024-07-18 19:22:00,False,ICE,6795498665772062818-2407181324,8,2024-07-18 19:08:00,2024-07-18 19:09:00,2024-07-18 19:15:00,2024-07-18 19:22:00
Stuttgart Hbf,ICE 910,Saarbrücken Hbf,2,2024-07-18 20:40:00,False,ICE,6195485783263057734-2407181828,5,2024-07-18 20:31:00,2024-07-18 20:33:00,2024-07-18 20:38:00,2024-07-18 20:40:00
Stuttgart Hbf,ICE 590,Frankfurt(Main)Hbf,12,2024-07-18 21:03:00,False,ICE,-7610672940066525446-2407181846,5,2024-07-18 20:43:00,2024-07-18 20:58:00,2024-07-18 20:51:00,2024-07-18 21:03:00
Stuttgart Hbf,ICE 2411,München Hbf,17,2024-07-18 20:31:00,False,ICE,5224976432653514129-2407181229,18,2024-07-18 20:08:00,2024-07-18 20:26:00,2024-07-18 20:14:00,2024-07-18 20:31:00
Stuttgart Hbf,ICE 560,Karlsruhe Hbf,2,2024-07-18 21:13:00,False,ICE,-1895474681646249837-2407181901,6,2024-07-18 21:03:00,2024-07-18 21:09:00,2024-07-18 21:11:00,2024-07-18 21:13:00
Stuttgart Hbf,ICE 2308,Frankfurt(Main)Hbf,0,2024-07-18 22:05:00,True,ICE,993826748729604473-2407181946,5,2024-07-18 21:59:00,2024-07-18 21:59:00,2024-07-18 22:05:00,2024-07-18 22:05:00
Stuttgart Hbf,ICE 693,München Hbf,32,2024-07-18 21:47:00,False,ICE,-5198077084450588432-2407181524,8,2024-07-18 21:08:00,2024-07-18 21:41:00,2024-07-18 21:15:00,2024-07-18 21:47:00
Stuttgart Hbf,ICE 2413,München Hbf,0,2024-07-18 22:14:00,True,ICE,-5721089426791775973-2407181044,23,2024-07-18 22:08:00,2024-07-19 00:07:00,2024-07-18 22:14:00,2024-07-18 22:14:00
Stuttgart Hbf,ICE 990,Frankfurt(Main)Hbf,20,2024-07-18 23:11:00,False,ICE,-2320340282101811304-2407182043,6,2024-07-18 22:43:00,2024-07-18 23:02:00,2024-07-18 22:51:00,2024-07-18 23:11:00
Stuttgart Hbf,ICE 698,Berlin Gesundbrunnen,28,2024-07-19 00:39:00,False,ICE,7108274583246193747-2407182151,5,2024-07-19 00:01:00,2024-07-19 00:35:00,2024-07-19 00:11:00,2024-07-19 00:39:00
Stuttgart Hbf,ICE 618,Köln Hbf,34,2024-07-19 02:56:00,False,ICE,2686007473625185344-2407190007,5,2024-07-19 02:16:00,2024-07-19 02:51:00,2024-07-19 02:22:00,2024-07-19 02:56:00
Stuttgart Hbf,ICE 619,München Hbf,0,2024-07-19 03:39:00,False,ICE,8701286456892320958-2407182247,5,2024-07-19 03:24:00,2024-07-19 02:49:00,2024-07-19 03:39:00,2024-07-19 03:39:00
Stuttgart Hbf,ICE 699,München Hbf,0,2024-07-19 05:12:00,False,ICE,-7138074359361066746-2407181919,15,2024-07-19 04:52:00,2024-07-19 04:25:00,2024-07-19 05:12:00,2024-07-19 05:12:00
Stuttgart Hbf,ICE 22016,Hamburg-Altona,6,2024-07-19 05:57:00,False,ICE,8488895160366256058-2407190324,5,2024-07-19 05:45:00,2024-07-19 05:52:00,2024-07-19 05:51:00,2024-07-19 05:57:00
Stuttgart Hbf,ICE 1061,München Hbf,0,2024-07-19 05:52:00,False,ICE,5427594935199921006-2407190453,5,2024-07-19 05:45:00,2024-07-19 05:42:00,2024-07-19 05:52:00,2024-07-19 05:52:00
Stuttgart Hbf,ICE 561,München Hbf,0,2024-07-19 06:50:00,False,ICE,-605877143281749034-2407190600,3,2024-07-19 06:44:00,2024-07-19 06:43:00,2024-07-19 06:50:00,2024-07-19 06:50:00
Stuttgart Hbf,ICE 1068,Karlsruhe Hbf,0,2024-07-19 07:10:00,True,ICE,1847313071699172804-2407190500,5,2024-07-19 07:04:00,2024-07-19 07:04:00,2024-07-19 07:10:00,2024-07-19 07:10:00
Stuttgart Hbf,ICE 717,München Hbf,7,2024-07-19 08:06:00,False,ICE,-4746884754763411071-2407190605,4,2024-07-19 07:53:00,2024-07-19 08:01:00,2024-07-19 07:59:00,2024-07-19 08:06:00
Stuttgart Hbf,ICE 991,München Hbf,3,2024-07-19 07:18:00,False,ICE,4178793572863103484-2407190526,5,2024-07-19 07:07:00,2024-07-19 07:06:00,2024-07-19 07:15:00,2024-07-19 07:18:00
Stuttgart Hbf,ICE 2512,Frankfurt(Main)Hbf,14,2024-07-19 08:19:00,False,ICE,-8394972919237501261-2407190543,5,2024-07-19 07:59:00,2024-07-19 08:14:00,2024-07-19 08:05:00,2024-07-19 08:19:00
Stuttgart Hbf,ICE 2412,Hamburg-Altona,4,2024-07-19 07:55:00,False,ICE,4340345157597797141-2407190532,5,2024-07-19 07:45:00,2024-07-19 07:49:00,2024-07-19 07:51:00,2024-07-19 07:55:00
Stuttgart Hbf,ICE 267,München Hbf,0,2024-07-19 08:51:00,True,ICE,9036257144873715932-2407190550,11,2024-07-19 08:45:00,2024-07-19 08:45:00,2024-07-19 08:51:00,2024-07-19 08:51:00
Stuttgart Hbf,ICE 692,Hamburg Hbf,6,2024-07-19 08:57:00,False,ICE,-690776802853422910-2407190641,5,2024-07-19 08:44:00,2024-07-19 08:45:00,2024-07-19 08:51:00,2024-07-19 08:57:00
Stuttgart Hbf,ICE 2410,Hamburg-Altona,2,2024-07-19 09:53:00,False,ICE,3110215159235448756-2407190728,5,2024-07-19 09:45:00,2024-07-19 09:46:00,2024-07-19 09:51:00,2024-07-19 09:53:00
Stuttgart Hbf,ICE 913,München Hbf,3,2024-07-19 09:31:00,False,ICE,9025370439367946468-2407190651,7,2024-07-19 09:22:00,2024-07-19 09:24:00,2024-07-19 09:28:00,2024-07-19 09:31:00
Stuttgart Hbf,ICE 591,München Hbf,2,2024-07-19 09:17:00,False,ICE,7394330786495536556-2407190705,4,2024-07-19 09:08:00,2024-07-19 09:08:00,2024-07-19 09:15:00,2024-07-19 09:17:00
Stuttgart Hbf,ICE 2501,München Hbf,3,2024-07-19 10:02:00,False,ICE,-4712900064770768337-2407190801,4,2024-07-19 09:52:00,2024-07-19 09:54:00,2024-07-19 09:59:00,2024-07-19 10:02:00
Stuttgart Hbf,ICE 2510,Frankfurt(Main)Hbf,15,2024-07-19 10:20:00,False,ICE,8355114340284714121-2407190746,5,2024-07-19 09:59:00,2024-07-19 10:15:00,2024-07-19 10:05:00,2024-07-19 10:20:00
Stuttgart Hbf,ICE 563,München Hbf,0,2024-07-19 10:51:00,True,ICE,7515891464844108057-2407190827,6,2024-07-19 10:45:00,2024-07-19 10:45:00,2024-07-19 10:51:00,2024-07-19 10:51:00
Stuttgart Hbf,ICE 2401,München Hbf,19,2024-07-19 10:33:00,False,ICE,2625137238235520637-2407190011,24,2024-07-19 10:08:00,2024-07-19 10:28:00,2024-07-19 10:14:00,2024-07-19 10:33:00
Stuttgart Hbf,ICE 690,Hamburg Hbf,48,2024-07-19 11:39:00,False,ICE,-2543008509222161707-2407190846,5,2024-07-19 10:43:00,2024-07-19 11:34:00,2024-07-19 10:51:00,2024-07-19 11:39:00
Stuttgart Hbf,ICE 2408,Hamburg-Altona,17,2024-07-19 12:08:00,False,ICE,263505606232155959-2407190927,5,2024-07-19 11:45:00,2024-07-19 12:03:00,2024-07-19 11:51:00,2024-07-19 12:08:00
Stuttgart Hbf,ICE 2508,Frankfurt(Main)Hbf,16,2024-07-19 12:21:00,False,ICE,2118840296672669969-2407190947,5,2024-07-19 11:59:00,2024-07-19 12:15:00,2024-07-19 12:05:00,2024-07-19 12:21:00
Stuttgart Hbf,ICE 568,Karlsruhe Hbf,36,2024-07-19 11:48:00,False,ICE,-5628776902806503379-2407190903,5,2024-07-19 11:02:00,2024-07-19 11:37:00,2024-07-19 11:12:00,2024-07-19 11:48:00
Stuttgart Hbf,ICE 593,München Hbf,1,2024-07-19 11:16:00,False,ICE,-602704781851165380-2407190514,10,2024-07-19 11:08:00,2024-07-19 11:08:00,2024-07-19 11:15:00,2024-07-19 11:16:00
Stuttgart Hbf,ICE 2503,München Hbf,25,2024-07-19 12:24:00,False,ICE,-1324707288457092225-2407190954,4,2024-07-19 11:53:00,2024-07-19 12:19:00,2024-07-19 11:59:00,2024-07-19 12:24:00
Stuttgart Hbf,ICE 2403,München Hbf,31,2024-07-19 12:45:00,False,ICE,-1834385079321189756-2407190429,19,2024-07-19 12:08:00,2024-07-19 12:40:00,2024-07-19 12:14:00,2024-07-19 12:45:00
Stuttgart Hbf,ICE 1218,Hamburg Hbf,6,2024-07-19 12:57:00,False,ICE,8983673647294408675-2407190840,11,2024-07-19 12:43:00,2024-07-19 12:52:00,2024-07-19 12:51:00,2024-07-19 12:57:00
Stuttgart Hbf,ICE 565,München Hbf,0,2024-07-19 12:51:00,True,ICE,3705893801311502416-2407191204,3,2024-07-19 12:45:00,2024-07-19 12:45:00,2024-07-19 12:51:00,2024-07-19 12:51:00
Stuttgart Hbf,ICE 2505,München Hbf,3,2024-07-19 14:02:00,False,ICE,-1386351384940595123-2407191153,4,2024-07-19 13:53:00,2024-07-19 13:54:00,2024-07-19 13:59:00,2024-07-19 14:02:00
Stuttgart Hbf,ICE 566,Karlsruhe Hbf,4,2024-07-19 13:13:00,False,ICE,-4243685153474784824-2407191103,5,2024-07-19 13:02:00,2024-07-19 13:08:00,2024-07-19 13:09:00,2024-07-19 13:13:00
Stuttgart Hbf,ICE 2406,Hamburg-Altona,9,2024-07-19 14:00:00,False,ICE,-8978030187738286064-2407191128,5,2024-07-19 13:45:00,2024-07-19 13:54:00,2024-07-19 13:51:00,2024-07-19 14:00:00
Stuttgart Hbf,ICE 595,München Hbf,98,2024-07-19 14:53:00,False,ICE,-1022737495770976944-2407190723,8,2024-07-19 13:08:00,2024-07-19 14:48:00,2024-07-19 13:15:00,2024-07-19 14:53:00
Stuttgart Hbf,ICE 2506,Frankfurt(Main)Hbf,10,2024-07-19 14:15:00,False,ICE,-3190940513038667025-2407191148,5,2024-07-19 13:59:00,2024-07-19 14:06:00,2024-07-19 14:05:00,2024-07-19 14:15:00
Stuttgart Hbf,ICE 1096,Hamburg Hbf,17,2024-07-19 15:08:00,False,ICE,7265904803286392428-2407191247,5,2024-07-19 14:43:00,2024-07-19 15:03:00,2024-07-19 14:51:00,2024-07-19 15:08:00
Stuttgart Hbf,ICE 2405,München Hbf,25,2024-07-19 14:39:00,False,ICE,-5623276319120077997-2407190629,18,2024-07-19 14:08:00,2024-07-19 14:31:00,2024-07-19 14:14:00,2024-07-19 14:39:00
Stuttgart Hbf,ICE 567,München Hbf,6,2024-07-19 14:57:00,False,ICE,3762301582140299933-2407191404,3,2024-07-19 14:45:00,2024-07-19 14:52:00,2024-07-19 14:51:00,2024-07-19 14:57:00
Stuttgart Hbf,ICE 2507,München Hbf,3,2024-07-19 16:02:00,False,ICE,8807778814697037054-2407191354,4,2024-07-19 15:53:00,2024-07-19 15:57:00,2024-07-19 15:59:00,2024-07-19 16:02:00
Stuttgart Hbf,ICE 564,Karlsruhe Hbf,0,2024-07-19 15:09:00,True,ICE,-1073960129091467682-2407191303,5,2024-07-19 15:02:00,2024-07-19 15:02:00,2024-07-19 15:09:00,2024-07-19 15:09:00
Stuttgart Hbf,ICE 2504,Frankfurt(Main)Hbf,13,2024-07-19 16:18:00,False,ICE,-3746817127465080930-2407191348,5,2024-07-19 15:59:00,2024-07-19 16:13:00,2024-07-19 16:05:00,2024-07-19 16:18:00
Stuttgart Hbf,ICE 2404,Hamburg-Altona,19,2024-07-19 16:10:00,False,ICE,9027111534189161094-2407191327,5,2024-07-19 15:45:00,2024-07-19 16:05:00,2024-07-19 15:51:00,2024-07-19 16:10:00
Stuttgart Hbf,ICE 597,München Hbf,101,2024-07-19 16:56:00,True,ICE,434865117917205190-2407190924,8,2024-07-19 15:08:00,2024-07-19 18:22:00,2024-07-19 15:15:00,2024-07-19 16:56:00
Stuttgart Hbf,ICE 594,Hamburg Hbf,15,2024-07-19 17:06:00,False,ICE,1140779865956290650-2407191446,5,2024-07-19 16:43:00,2024-07-19 16:47:00,2024-07-19 16:51:00,2024-07-19 17:06:00
Stuttgart Hbf,ICE 569,München Hbf,6,2024-07-19 16:57:00,False,ICE,-7759827436146803415-2407191604,3,2024-07-19 16:45:00,2024-07-19 16:47:00,2024-07-19 16:51:00,2024-07-19 16:57:00
Stuttgart Hbf,ICE 2407,München Hbf,72,2024-07-19 17:26:00,False,ICE,-6564341875414589886-2407190829,18,2024-07-19 16:08:00,2024-07-19 17:18:00,2024-07-19 16:14:00,2024-07-19 17:26:00
Stuttgart Hbf,ICE 599,München Hbf,87,2024-07-19 18:41:00,False,ICE,3567808221161966225-2407191124,8,2024-07-19 17:08:00,2024-07-19 18:32:00,2024-07-19 17:14:00,2024-07-19 18:41:00
Stuttgart Hbf,ICE 2509,München Hbf,6,2024-07-19 18:05:00,False,ICE,-8570183957246820181-2407191554,4,2024-07-19 17:52:00,2024-07-19 18:00:00,2024-07-19 17:59:00,2024-07-19 18:05:00
Stuttgart Hbf,ICE 562,Saarbrücken Hbf,0,2024-07-19 17:08:00,True,ICE,-6869650552962585885-2407191502,5,2024-07-19 17:02:00,2024-07-19 17:02:00,2024-07-19 17:08:00,2024-07-19 17:08:00
Stuttgart Hbf,ICE 2402,Dortmund Hbf,18,2024-07-19 18:09:00,False,ICE,-5049952125224097798-2407191528,5,2024-07-19 17:45:00,2024-07-19 18:01:00,2024-07-19 17:51:00,2024-07-19 18:09:00
Stuttgart Hbf,ICE 2502,Frankfurt(Main)Hbf,9,2024-07-19 18:14:00,False,ICE,-1481309699314519873-2407191547,5,2024-07-19 17:59:00,2024-07-19 18:09:00,2024-07-19 18:05:00,2024-07-19 18:14:00
Stuttgart Hbf,ICE 592,Frankfurt(Main)Hbf,13,2024-07-19 19:04:00,False,ICE,5089820149948252230-2407191646,5,2024-07-19 18:43:00,2024-07-19 18:50:00,2024-07-19 18:51:00,2024-07-19 19:04:00
Stuttgart Hbf,ICE 2409,München Hbf,40,2024-07-19 18:54:00,False,ICE,4921089780310698838-2407191030,18,2024-07-19 18:08:00,2024-07-19 18:45:00,2024-07-19 18:14:00,2024-07-19 18:54:00
Stuttgart Hbf,ICE 1069,München Hbf,0,2024-07-19 18:51:00,True,ICE,7280991471195430281-2407191804,3,2024-07-19 18:45:00,2024-07-19 18:45:00,2024-07-19 18:51:00,2024-07-19 18:51:00
Stuttgart Hbf,ICE 266,Basel SBB,0,2024-07-19 19:12:00,True,ICE,-2795453744905001153-2407191659,6,2024-07-19 19:02:00,2024-07-19 19:02:00,2024-07-19 19:12:00,2024-07-19 19:12:00
Stuttgart Hbf,ICE 2500,Frankfurt(Main)Hbf,8,2024-07-19 20:13:00,False,ICE,7958024030493783972-2407191747,5,2024-07-19 19:59:00,2024-07-19 20:09:00,2024-07-19 20:05:00,2024-07-19 20:13:00
Stuttgart Hbf,ICE 2511,München Hbf,17,2024-07-19 20:16:00,False,ICE,-6444941605235901936-2407191747,4,2024-07-19 19:53:00,2024-07-19 19:55:00,2024-07-19 19:59:00,2024-07-19 20:16:00
Stuttgart Hbf,ICE 2400,Berlin Ostbahnhof,7,2024-07-19 19:58:00,False,ICE,3612321124108775378-2407191728,5,2024-07-19 19:45:00,2024-07-19 19:53:00,2024-07-19 19:51:00,2024-07-19 19:58:00
Stuttgart Hbf,ICE 1211,Innsbruck Hbf,2,2024-07-19 19:17:00,True,ICE,6795498665772062818-2407191324,8,2024-07-19 19:08:00,2024-07-19 19:10:00,2024-07-19 19:15:00,2024-07-19 19:17:00
Stuttgart Hbf,ICE 2411,München Hbf,24,2024-07-19 20:38:00,False,ICE,5224976432653514129-2407191229,18,2024-07-19 20:08:00,2024-07-19 20:33:00,2024-07-19 20:14:00,2024-07-19 20:38:00
Stuttgart Hbf,ICE 590,Frankfurt(Main)Hbf,3,2024-07-19 20:54:00,False,ICE,-7610672940066525446-2407191846,5,2024-07-19 20:43:00,2024-07-19 20:46:00,2024-07-19 20:51:00,2024-07-19 20:54:00
Stuttgart Hbf,ICE 910,Saarbrücken Hbf,8,2024-07-19 20:46:00,False,ICE,6195485783263057734-2407191828,5,2024-07-19 20:31:00,2024-07-19 20:41:00,2024-07-19 20:38:00,2024-07-19 20:46:00
Stuttgart Hbf,ICE 2308,Frankfurt(Main)Hbf,0,2024-07-19 22:05:00,True,ICE,993826748729604473-2407191946,5,2024-07-19 21:59:00,2024-07-19 21:59:00,2024-07-19 22:05:00,2024-07-19 22:05:00
Stuttgart Hbf,ICE 560,Karlsruhe Hbf,3,2024-07-19 21:14:00,False,ICE,-1895474681646249837-2407191901,6,2024-07-19 21:03:00,2024-07-19 21:09:00,2024-07-19 21:11:00,2024-07-19 21:14:00
Stuttgart Hbf,ICE 693,München Hbf,33,2024-07-19 21:48:00,False,ICE,-5198077084450588432-2407191524,8,2024-07-19 21:08:00,2024-07-19 21:43:00,2024-07-19 21:15:00,2024-07-19 21:48:00
Stuttgart Hbf,ICE 990,Frankfurt(Main)Hbf,3,2024-07-19 22:54:00,False,ICE,-2320340282101811304-2407192043,6,2024-07-19 22:43:00,2024-07-19 22:47:00,2024-07-19 22:51:00,2024-07-19 22:54:00
Stuttgart Hbf,ICE 2413,München Hbf,0,2024-07-19 22:14:00,True,ICE,-5721089426791775973-2407191044,23,2024-07-19 22:08:00,2024-07-20 00:20:00,2024-07-19 22:14:00,2024-07-19 22:14:00
Stuttgart Hbf,ICE 695,München Hbf,31,2024-07-19 23:46:00,False,ICE,362679773391941489-2407191724,8,2024-07-19 23:08:00,2024-07-19 23:40:00,2024-07-19 23:15:00,2024-07-19 23:46:00
Stuttgart Hbf,ICE 698,Berlin Gesundbrunnen,0,2024-07-20 00:11:00,False,ICE,7108274583246193747-2407192151,5,2024-07-20 00:01:00,2024-07-20 00:01:00,2024-07-20 00:11:00,2024-07-20 00:11:00
Stuttgart Hbf,ICE 618,Köln Hbf,2,2024-07-20 02:24:00,False,ICE,2686007473625185344-2407200007,5,2024-07-20 02:16:00,2024-07-20 02:17:00,2024-07-20 02:22:00,2024-07-20 02:24:00
Stuttgart Hbf,ICE 619,München Hbf,-1,2024-07-20 03:38:00,False,ICE,8701286456892320958-2407192247,5,2024-07-20 03:24:00,2024-07-20 03:13:00,2024-07-20 03:39:00,2024-07-20 03:38:00
Stuttgart Hbf,ICE 699,München Hbf,-1,2024-07-20 05:11:00,False,ICE,-7138074359361066746-2407191919,15,2024-07-20 04:52:00,2024-07-20 04:49:00,2024-07-20 05:12:00,2024-07-20 05:11:00
Stuttgart Hbf,ICE 1061,München Hbf,8,2024-07-20 06:00:00,False,ICE,5427594935199921006-2407200453,5,2024-07-20 05:45:00,2024-07-20 05:49:00,2024-07-20 05:52:00,2024-07-20 06:00:00
Stuttgart Hbf,ICE 22016,Hamburg-Altona,2,2024-07-20 05:53:00,False,ICE,8488895160366256058-2407200324,5,2024-07-20 05:45:00,2024-07-20 05:48:00,2024-07-20 05:51:00,2024-07-20 05:53:00
Stuttgart Hbf,ICE 1068,Karlsruhe Hbf,0,2024-07-20 07:10:00,True,ICE,1847313071699172804-2407200500,5,2024-07-20 07:04:00,2024-07-20 07:04:00,2024-07-20 07:10:00,2024-07-20 07:10:00
Stuttgart Hbf,ICE 717,München Hbf,2,2024-07-20 08:01:00,False,ICE,-4746884754763411071-2407200605,4,2024-07-20 07:53:00,2024-07-20 07:56:00,2024-07-20 07:59:00,2024-07-20 08:01:00
Stuttgart Hbf,ICE 991,München Hbf,0,2024-07-20 07:15:00,False,ICE,4178793572863103484-2407200526,5,2024-07-20 07:07:00,2024-07-20 07:06:00,2024-07-20 07:15:00,2024-07-20 07:15:00
Stuttgart Hbf,ICE 2412,Hamburg-Altona,10,2024-07-20 08:01:00,False,ICE,4340345157597797141-2407200532,5,2024-07-20 07:45:00,2024-07-20 07:52:00,2024-07-20 07:51:00,2024-07-20 08:01:00
Stuttgart Hbf,ICE 2512,Frankfurt(Main)Hbf,2,2024-07-20 08:07:00,False,ICE,-8394972919237501261-2407200543,5,2024-07-20 07:59:00,2024-07-20 07:59:00,2024-07-20 08:05:00,2024-07-20 08:07:00
Stuttgart Hbf,ICE 267,München Hbf,0,2024-07-20 08:51:00,True,ICE,9036257144873715932-2407200550,11,2024-07-20 08:45:00,2024-07-20 08:45:00,2024-07-20 08:51:00,2024-07-20 08:51:00
Stuttgart Hbf,ICE 692,Hamburg Hbf,0,2024-07-20 08:51:00,True,ICE,-690776802853422910-2407200641,5,2024-07-20 08:44:00,2024-07-20 08:44:00,2024-07-20 08:51:00,2024-07-20 08:51:00
Stuttgart Hbf,ICE 913,München Hbf,3,2024-07-20 09:31:00,False,ICE,9025370439367946468-2407200651,7,2024-07-20 09:22:00,2024-07-20 09:21:00,2024-07-20 09:28:00,2024-07-20 09:31:00
Stuttgart Hbf,ICE 591,München Hbf,2,2024-07-20 09:17:00,False,ICE,7394330786495536556-2407200705,4,2024-07-20 09:08:00,2024-07-20 09:09:00,2024-07-20 09:15:00,2024-07-20 09:17:00
Stuttgart Hbf,ICE 2501,München Hbf,4,2024-07-20 10:03:00,False,ICE,-4712900064770768337-2407200801,4,2024-07-20 09:52:00,2024-07-20 09:55:00,2024-07-20 09:59:00,2024-07-20 10:03:00
Stuttgart Hbf,ICE 2410,Hamburg-Altona,4,2024-07-20 09:55:00,False,ICE,3110215159235448756-2407200728,5,2024-07-20 09:45:00,2024-07-20 09:50:00,2024-07-20 09:51:00,2024-07-20 09:55:00
Stuttgart Hbf,ICE 2510,Frankfurt(Main)Hbf,18,2024-07-20 10:23:00,False,ICE,8355114340284714121-2407200746,5,2024-07-20 09:59:00,2024-07-20 10:18:00,2024-07-20 10:05:00,2024-07-20 10:23:00
Stuttgart Hbf,ICE 690,Hamburg Hbf,23,2024-07-20 11:14:00,False,ICE,-2543008509222161707-2407200846,5,2024-07-20 10:43:00,2024-07-20 11:04:00,2024-07-20 10:51:00,2024-07-20 11:14:00
Stuttgart Hbf,ICE 563,München Hbf,0,2024-07-20 10:51:00,True,ICE,7515891464844108057-2407200827,6,2024-07-20 10:45:00,2024-07-20 10:45:00,2024-07-20 10:51:00,2024-07-20 10:51:00
Stuttgart Hbf,ICE 2401,München Hbf,42,2024-07-20 10:56:00,False,ICE,2625137238235520637-2407200011,20,2024-07-20 10:08:00,2024-07-20 10:51:00,2024-07-20 10:14:00,2024-07-20 10:56:00
Stuttgart Hbf,ICE 568,Karlsruhe Hbf,8,2024-07-20 11:20:00,False,ICE,-5628776902806503379-2407200903,5,2024-07-20 11:02:00,2024-07-20 11:14:00,2024-07-20 11:12:00,2024-07-20 11:20:00
Stuttgart Hbf,ICE 2508,Frankfurt(Main)Hbf,10,2024-07-20 12:15:00,False,ICE,2118840296672669969-2407200947,5,2024-07-20 11:59:00,2024-07-20 12:05:00,2024-07-20 12:05:00,2024-07-20 12:15:00
Stuttgart Hbf,ICE 2408,Hamburg-Altona,2,2024-07-20 11:53:00,False,ICE,263505606232155959-2407200927,5,2024-07-20 11:45:00,2024-07-20 11:46:00,2024-07-20 11:51:00,2024-07-20 11:53:00
Stuttgart Hbf,ICE 2503,München Hbf,3,2024-07-20 12:02:00,False,ICE,-1324707288457092225-2407200954,4,2024-07-20 11:53:00,2024-07-20 11:57:00,2024-07-20 11:59:00,2024-07-20 12:02:00
Stuttgart Hbf,ICE 593,München Hbf,6,2024-07-20 11:21:00,False,ICE,-602704781851165380-2407200514,10,2024-07-20 11:08:00,2024-07-20 11:16:00,2024-07-20 11:15:00,2024-07-20 11:21:00
Stuttgart Hbf,ICE 2403,München Hbf,19,2024-07-20 12:33:00,False,ICE,-1834385079321189756-2407200429,15,2024-07-20 12:08:00,2024-07-20 12:28:00,2024-07-20 12:14:00,2024-07-20 12:33:00
Stuttgart Hbf,ICE 1218,Hamburg Hbf,13,2024-07-20 13:04:00,False,ICE,8983673647294408675-2407200840,11,2024-07-20 12:43:00,2024-07-20 12:59:00,2024-07-20 12:51:00,2024-07-20 13:04:00
Stuttgart Hbf,ICE 565,München Hbf,0,2024-07-20 12:51:00,True,ICE,3705893801311502416-2407201204,3,2024-07-20 12:45:00,2024-07-20 12:45:00,2024-07-20 12:51:00,2024-07-20 12:51:00
Stuttgart Hbf,ICE 595,München Hbf,0,2024-07-20 13:15:00,False,ICE,-1022737495770976944-2407200723,8,2024-07-20 13:08:00,2024-07-20 13:06:00,2024-07-20 13:15:00,2024-07-20 13:15:00
Stuttgart Hbf,ICE 2406,Hamburg-Altona,2,2024-07-20 13:53:00,False,ICE,-8978030187738286064-2407201128,5,2024-07-20 13:45:00,2024-07-20 13:48:00,2024-07-20 13:51:00,2024-07-20 13:53:00
Stuttgart Hbf,ICE 2505,München Hbf,8,2024-07-20 14:07:00,False,ICE,-1386351384940595123-2407201153,4,2024-07-20 13:53:00,2024-07-20 14:02:00,2024-07-20 13:59:00,2024-07-20 14:07:00
Stuttgart Hbf,ICE 2506,Frankfurt(Main)Hbf,10,2024-07-20 14:15:00,False,ICE,-3190940513038667025-2407201148,5,2024-07-20 13:59:00,2024-07-20 14:10:00,2024-07-20 14:05:00,2024-07-20 14:15:00
Stuttgart Hbf,ICE 566,Karlsruhe Hbf,1,2024-07-20 13:10:00,False,ICE,-4243685153474784824-2407201103,5,2024-07-20 13:02:00,2024-07-20 13:05:00,2024-07-20 13:09:00,2024-07-20 13:10:00
Stuttgart Hbf,ICE 1096,Hamburg Hbf,13,2024-07-20 15:04:00,False,ICE,7265904803286392428-2407201247,5,2024-07-20 14:43:00,2024-07-20 14:59:00,2024-07-20 14:51:00,2024-07-20 15:04:00
Stuttgart Hbf,ICE 2405,München Hbf,8,2024-07-20 14:22:00,False,ICE,-5623276319120077997-2407200629,14,2024-07-20 14:08:00,2024-07-20 14:17:00,2024-07-20 14:14:00,2024-07-20 14:22:00
Stuttgart Hbf,ICE 567,München Hbf,4,2024-07-20 14:55:00,True,ICE,3762301582140299933-2407201404,3,2024-07-20 14:45:00,2024-07-20 14:50:00,2024-07-20 14:51:00,2024-07-20 14:55:00
Stuttgart Hbf,ICE 2507,München Hbf,2,2024-07-20 16:01:00,False,ICE,8807778814697037054-2407201354,4,2024-07-20 15:53:00,2024-07-20 15:56:00,2024-07-20 15:59:00,2024-07-20 16:01:00
Stuttgart Hbf,ICE 597,München Hbf,78,2024-07-20 16:33:00,False,ICE,434865117917205190-2407200924,8,2024-07-20 15:08:00,2024-07-20 16:17:00,2024-07-20 15:15:00,2024-07-20 16:33:00
Stuttgart Hbf,ICE 2404,Hamburg-Altona,2,2024-07-20 15:53:00,False,ICE,9027111534189161094-2407201327,5,2024-07-20 15:45:00,2024-07-20 15:47:00,2024-07-20 15:51:00,2024-07-20 15:53:00
Stuttgart Hbf,ICE 564,Karlsruhe Hbf,0,2024-07-20 15:09:00,True,ICE,-1073960129091467682-2407201303,5,2024-07-20 15:02:00,2024-07-20 15:02:00,2024-07-20 15:09:00,2024-07-20 15:09:00
Stuttgart Hbf,ICE 2504,Frankfurt(Main)Hbf,6,2024-07-20 16:11:00,False,ICE,-3746817127465080930-2407201348,5,2024-07-20 15:59:00,2024-07-20 16:06:00,2024-07-20 16:05:00,2024-07-20 16:11:00
Stuttgart Hbf,ICE 2407,München Hbf,12,2024-07-20 16:26:00,False,ICE,-6564341875414589886-2407200829,14,2024-07-20 16:08:00,2024-07-20 16:21:00,2024-07-20 16:14:00,2024-07-20 16:26:00
Stuttgart Hbf,ICE 569,München Hbf,35,2024-07-20 17:26:00,False,ICE,-7759827436146803415-2407201604,3,2024-07-20 16:45:00,2024-07-20 16:52:00,2024-07-20 16:51:00,2024-07-20 17:26:00
Stuttgart Hbf,ICE 594,Hamburg Hbf,3,2024-07-20 16:54:00,False,ICE,1140779865956290650-2407201446,5,2024-07-20 16:43:00,2024-07-20 16:45:00,2024-07-20 16:51:00,2024-07-20 16:54:00
Stuttgart Hbf,ICE 599,München Hbf,2,2024-07-20 17:16:00,False,ICE,3567808221161966225-2407201124,8,2024-07-20 17:08:00,2024-07-20 17:11:00,2024-07-20 17:14:00,2024-07-20 17:16:00
Stuttgart Hbf,ICE 2509,München Hbf,7,2024-07-20 18:06:00,False,ICE,-8570183957246820181-2407201554,4,2024-07-20 17:52:00,2024-07-20 17:57:00,2024-07-20 17:59:00,2024-07-20 18:06:00
Stuttgart Hbf,ICE 2402,Dortmund Hbf,1,2024-07-20 17:52:00,False,ICE,-5049952125224097798-2407201528,5,2024-07-20 17:45:00,2024-07-20 17:45:00,2024-07-20 17:51:00,2024-07-20 17:52:00
Stuttgart Hbf,ICE 562,Saarbrücken Hbf,0,2024-07-20 17:08:00,True,ICE,-6869650552962585885-2407201502,5,2024-07-20 17:02:00,2024-07-20 17:02:00,2024-07-20 17:08:00,2024-07-20 17:08:00
Stuttgart Hbf,ICE 2502,Frankfurt(Main)Hbf,8,2024-07-20 18:13:00,False,ICE,-1481309699314519873-2407201547,5,2024-07-20 17:59:00,2024-07-20 18:08:00,2024-07-20 18:05:00,2024-07-20 18:13:00
Stuttgart Hbf,ICE 1069,München Hbf,0,2024-07-20 18:51:00,True,ICE,7280991471195430281-2407201804,3,2024-07-20 18:45:00,2024-07-20 18:45:00,2024-07-20 18:51:00,2024-07-20 18:51:00
Stuttgart Hbf,ICE 2409,München Hbf,16,2024-07-20 18:30:00,False,ICE,4921089780310698838-2407201030,14,2024-07-20 18:08:00,2024-07-20 18:25:00,2024-07-20 18:14:00,2024-07-20 18:30:00
Stuttgart Hbf,ICE 592,Frankfurt(Main)Hbf,8,2024-07-20 18:59:00,False,ICE,5089820149948252230-2407201646,5,2024-07-20 18:43:00,2024-07-20 18:54:00,2024-07-20 18:51:00,2024-07-20 18:59:00
Stuttgart Hbf,ICE 266,Karlsruhe Hbf,0,2024-07-20 19:12:00,True,ICE,-2795453744905001153-2407201659,6,2024-07-20 19:02:00,2024-07-20 19:02:00,2024-07-20 19:12:00,2024-07-20 19:12:00
Stuttgart Hbf,ICE 2511,München Hbf,0,2024-07-20 19:59:00,False,ICE,-6444941605235901936-2407201747,4,2024-07-20 19:53:00,2024-07-20 19:52:00,2024-07-20 19:59:00,2024-07-20 19:59:00
Stuttgart Hbf,ICE 2500,Frankfurt(Main)Hbf,7,2024-07-20 20:12:00,False,ICE,7958024030493783972-2407201747,5,2024-07-20 19:59:00,2024-07-20 20:07:00,2024-07-20 20:05:00,2024-07-20 20:12:00
Stuttgart Hbf,ICE 1211,Innsbruck Hbf,5,2024-07-20 19:20:00,False,ICE,6795498665772062818-2407201324,8,2024-07-20 19:08:00,2024-07-20 19:15:00,2024-07-20 19:15:00,2024-07-20 19:20:00
Stuttgart Hbf,ICE 2400,Berlin Ostbahnhof,25,2024-07-20 20:16:00,False,ICE,3612321124108775378-2407201728,5,2024-07-20 19:45:00,2024-07-20 20:10:00,2024-07-20 19:51:00,2024-07-20 20:16:00
Stuttgart Hbf,ICE 2411,München Hbf,11,2024-07-20 20:25:00,False,ICE,5224976432653514129-2407201229,14,2024-07-20 20:08:00,2024-07-20 20:20:00,2024-07-20 20:14:00,2024-07-20 20:25:00
Stuttgart Hbf,ICE 590,Frankfurt(Main)Hbf,2,2024-07-20 20:53:00,False,ICE,-7610672940066525446-2407201846,5,2024-07-20 20:43:00,2024-07-20 20:48:00,2024-07-20 20:51:00,2024-07-20 20:53:00
Stuttgart Hbf,ICE 910,Saarbrücken Hbf,2,2024-07-20 20:40:00,False,ICE,6195485783263057734-2407201828,5,2024-07-20 20:31:00,2024-07-20 20:33:00,2024-07-20 20:38:00,2024-07-20 20:40:00
Stuttgart Hbf,ICE 990,Frankfurt(Main)Hbf,0,2024-07-20 22:51:00,False,ICE,-2320340282101811304-2407202043,6,2024-07-20 22:43:00,2024-07-20 22:43:00,2024-07-20 22:51:00,2024-07-20 22:51:00
Stuttgart Hbf,ICE 2413,München Hbf,0,2024-07-20 22:14:00,True,ICE,-5721089426791775973-2407201044,19,2024-07-20 22:08:00,2024-07-20 22:33:00,2024-07-20 22:14:00,2024-07-20 22:14:00
Stuttgart Hbf,ICE 695,München Hbf,47,2024-07-21 00:02:00,False,ICE,362679773391941489-2407201724,8,2024-07-20 23:08:00,2024-07-20 23:54:00,2024-07-20 23:15:00,2024-07-21 00:02:00
Stuttgart Hbf,ICE 698,Berlin Gesundbrunnen,0,2024-07-21 00:11:00,False,ICE,7108274583246193747-2407202151,5,2024-07-21 00:01:00,2024-07-21 00:01:00,2024-07-21 00:11:00,2024-07-21 00:11:00
Stuttgart Hbf,ICE 618,Köln Hbf,34,2024-07-21 02:56:00,False,ICE,2686007473625185344-2407210001,6,2024-07-21 02:16:00,2024-07-21 02:46:00,2024-07-21 02:22:00,2024-07-21 02:56:00
Stuttgart Hbf,ICE 619,München Hbf,0,2024-07-21 03:39:00,False,ICE,8701286456892320958-2407202247,5,2024-07-21 03:24:00,2024-07-21 03:11:00,2024-07-21 03:39:00,2024-07-21 03:39:00
Stuttgart Hbf,ICE 699,München Hbf,0,2024-07-21 05:12:00,False,ICE,-7138074359361066746-2407201919,15,2024-07-21 04:52:00,2024-07-21 04:49:00,2024-07-21 05:12:00,2024-07-21 05:12:00
Stuttgart Hbf,ICE 22016,Hamburg-Altona,0,2024-07-21 05:51:00,False,ICE,8488895160366256058-2407210324,5,2024-07-21 05:45:00,2024-07-21 05:44:00,2024-07-21 05:51:00,2024-07-21 05:51:00
Stuttgart Hbf,ICE 2512,Frankfurt(Main)Hbf,11,2024-07-21 08:16:00,False,ICE,-8394972919237501261-2407210543,5,2024-07-21 07:59:00,2024-07-21 08:11:00,2024-07-21 08:05:00,2024-07-21 08:16:00
Stuttgart Hbf,ICE 2412,Hamburg-Altona,21,2024-07-21 08:12:00,False,ICE,4340345157597797141-2407210532,5,2024-07-21 07:45:00,2024-07-21 08:08:00,2024-07-21 07:51:00,2024-07-21 08:12:00
Stuttgart Hbf,ICE 717,München Hbf,2,2024-07-21 08:01:00,False,ICE,-4746884754763411071-2407210605,4,2024-07-21 07:53:00,2024-07-21 07:55:00,2024-07-21 07:59:00,2024-07-21 08:01:00
Stuttgart Hbf,ICE 991,München Hbf,1,2024-07-21 07:16:00,False,ICE,-7359570459134542882-2407210630,2,2024-07-21 07:07:00,2024-07-21 07:08:00,2024-07-21 07:15:00,2024-07-21 07:16:00
Stuttgart Hbf,ICE 1068,Karlsruhe Hbf,0,2024-07-21 07:10:00,True,ICE,1847313071699172804-2407210500,5,2024-07-21 07:04:00,2024-07-21 07:04:00,2024-07-21 07:10:00,2024-07-21 07:10:00
Stuttgart Hbf,ICE 267,München Hbf,0,2024-07-21 08:51:00,True,ICE,2699105162572162604-2407210805,3,2024-07-21 08:45:00,2024-07-21 08:45:00,2024-07-21 08:51:00,2024-07-21 08:51:00
Stuttgart Hbf,ICE 692,Hamburg Hbf,1,2024-07-21 08:52:00,False,ICE,-690776802853422910-2407210641,5,2024-07-21 08:44:00,2024-07-21 08:42:00,2024-07-21 08:51:00,2024-07-21 08:52:00
Stuttgart Hbf,ICE 2510,Frankfurt(Main)Hbf,9,2024-07-21 10:14:00,False,ICE,8355114340284714121-2407210746,5,2024-07-21 09:59:00,2024-07-21 10:05:00,2024-07-21 10:05:00,2024-07-21 10:14:00
Stuttgart Hbf,ICE 591,München Hbf,10,2024-07-21 09:25:00,False,ICE,7394330786495536556-2407210705,4,2024-07-21 09:08:00,2024-07-21 09:20:00,2024-07-21 09:15:00,2024-07-21 09:25:00
Stuttgart Hbf,ICE 913,München Hbf,20,2024-07-21 09:48:00,False,ICE,9025370439367946468-2407210651,7,2024-07-21 09:22:00,2024-07-21 09:43:00,2024-07-21 09:28:00,2024-07-21 09:48:00
Stuttgart Hbf,ICE 2410,Hamburg-Altona,3,2024-07-21 09:54:00,False,ICE,3110215159235448756-2407210728,5,2024-07-21 09:45:00,2024-07-21 09:49:00,2024-07-21 09:51:00,2024-07-21 09:54:00
Stuttgart Hbf,ICE 2501,München Hbf,2,2024-07-21 10:01:00,False,ICE,-4712900064770768337-2407210801,4,2024-07-21 09:52:00,2024-07-21 09:56:00,2024-07-21 09:59:00,2024-07-21 10:01:00
Stuttgart Hbf,ICE 563,München Hbf,0,2024-07-21 10:51:00,True,ICE,7515891464844108057-2407210827,6,2024-07-21 10:45:00,2024-07-21 10:45:00,2024-07-21 10:51:00,2024-07-21 10:51:00
Stuttgart Hbf,ICE 2401,München Hbf,8,2024-07-21 10:22:00,False,ICE,2625137238235520637-2407210011,20,2024-07-21 10:08:00,2024-07-21 10:17:00,2024-07-21 10:14:00,2024-07-21 10:22:00
Stuttgart Hbf,ICE 690,Hamburg Hbf,2,2024-07-21 10:53:00,False,ICE,-2543008509222161707-2407210846,5,2024-07-21 10:43:00,2024-07-21 10:44:00,2024-07-21 10:51:00,2024-07-21 10:53:00
Stuttgart Hbf,ICE 568,Karlsruhe Hbf,0,2024-07-21 11:12:00,False,ICE,-5628776902806503379-2407210903,5,2024-07-21 11:02:00,2024-07-21 11:01:00,2024-07-21 11:12:00,2024-07-21 11:12:00
Stuttgart Hbf,ICE 593,München Hbf,14,2024-07-21 11:29:00,False,ICE,-602704781851165380-2407210514,10,2024-07-21 11:08:00,2024-07-21 11:20:00,2024-07-21 11:15:00,2024-07-21 11:29:00
Stuttgart Hbf,ICE 2503,München Hbf,1,2024-07-21 12:00:00,False,ICE,-1324707288457092225-2407210954,4,2024-07-21 11:53:00,2024-07-21 11:53:00,2024-07-21 11:59:00,2024-07-21 12:00:00
Stuttgart Hbf,ICE 2508,Frankfurt(Main)Hbf,14,2024-07-21 12:19:00,False,ICE,2118840296672669969-2407210947,5,2024-07-21 11:59:00,2024-07-21 12:14:00,2024-07-21 12:05:00,2024-07-21 12:19:00
Stuttgart Hbf,ICE 2408,Hamburg-Altona,6,2024-07-21 11:57:00,False,ICE,263505606232155959-2407210927,5,2024-07-21 11:45:00,2024-07-21 11:47:00,2024-07-21 11:51:00,2024-07-21 11:57:00
Stuttgart Hbf,ICE 1218,Hamburg Hbf,3,2024-07-21 12:54:00,False,ICE,8983673647294408675-2407210840,11,2024-07-21 12:43:00,2024-07-21 12:43:00,2024-07-21 12:51:00,2024-07-21 12:54:00
Stuttgart Hbf,ICE 565,München Hbf,0,2024-07-21 12:51:00,True,ICE,3705893801311502416-2407211204,3,2024-07-21 12:45:00,2024-07-21 12:45:00,2024-07-21 12:51:00,2024-07-21 12:51:00
Stuttgart Hbf,ICE 2403,München Hbf,4,2024-07-21 12:18:00,False,ICE,-1834385079321189756-2407210429,15,2024-07-21 12:08:00,2024-07-21 12:10:00,2024-07-21 12:14:00,2024-07-21 12:18:00
Stuttgart Hbf,ICE 2406,Hamburg-Altona,2,2024-07-21 13:53:00,False,ICE,-8978030187738286064-2407211128,5,2024-07-21 13:45:00,2024-07-21 13:47:00,2024-07-21 13:51:00,2024-07-21 13:53:00
Stuttgart Hbf,ICE 595,München Hbf,56,2024-07-21 14:11:00,False,ICE,-1022737495770976944-2407210723,8,2024-07-21 13:08:00,2024-07-21 13:58:00,2024-07-21 13:15:00,2024-07-21 14:11:00
Stuttgart Hbf,ICE 566,Karlsruhe Hbf,3,2024-07-21 13:12:00,False,ICE,-4243685153474784824-2407211103,5,2024-07-21 13:02:00,2024-07-21 13:04:00,2024-07-21 13:09:00,2024-07-21 13:12:00
Stuttgart Hbf,ICE 2506,Frankfurt(Main)Hbf,10,2024-07-21 14:15:00,False,ICE,-3190940513038667025-2407211148,5,2024-07-21 13:59:00,2024-07-21 14:10:00,2024-07-21 14:05:00,2024-07-21 14:15:00
Stuttgart Hbf,ICE 2505,München Hbf,10,2024-07-21 14:09:00,False,ICE,-1386351384940595123-2407211153,4,2024-07-21 13:53:00,2024-07-21 13:52:00,2024-07-21 13:59:00,2024-07-21 14:09:00
Stuttgart Hbf,ICE 2405,München Hbf,32,2024-07-21 14:46:00,False,ICE,-5623276319120077997-2407210629,14,2024-07-21 14:08:00,2024-07-21 14:41:00,2024-07-21 14:14:00,2024-07-21 14:46:00
Stuttgart Hbf,ICE 1096,Hamburg Hbf,2,2024-07-21 14:53:00,False,ICE,7265904803286392428-2407211247,5,2024-07-21 14:43:00,2024-07-21 14:48:00,2024-07-21 14:51:00,2024-07-21 14:53:00
Stuttgart Hbf,ICE 567,München Hbf,5,2024-07-21 14:56:00,False,ICE,3762301582140299933-2407211404,3,2024-07-21 14:45:00,2024-07-21 14:51:00,2024-07-21 14:51:00,2024-07-21 14:56:00
Stuttgart Hbf,ICE 564,Karlsruhe Hbf,0,2024-07-21 15:09:00,True,ICE,-1073960129091467682-2407211303,5,2024-07-21 15:02:00,2024-07-21 15:02:00,2024-07-21 15:09:00,2024-07-21 15:09:00
Stuttgart Hbf,ICE 2504,Frankfurt(Main)Hbf,21,2024-07-21 16:26:00,False,ICE,-3746817127465080930-2407211348,5,2024-07-21 15:59:00,2024-07-21 16:04:00,2024-07-21 16:05:00,2024-07-21 16:26:00
Stuttgart Hbf,ICE 597,München Hbf,2,2024-07-21 15:17:00,False,ICE,434865117917205190-2407210924,8,2024-07-21 15:08:00,2024-07-21 15:09:00,2024-07-21 15:15:00,2024-07-21 15:17:00
Stuttgart Hbf,ICE 2507,München Hbf,3,2024-07-21 16:02:00,False,ICE,8807778814697037054-2407211354,4,2024-07-21 15:53:00,2024-07-21 15:56:00,2024-07-21 15:59:00,2024-07-21 16:02:00
Stuttgart Hbf,ICE 2404,Hamburg-Altona,3,2024-07-21 15:54:00,False,ICE,9027111534189161094-2407211327,5,2024-07-21 15:45:00,2024-07-21 15:47:00,2024-07-21 15:51:00,2024-07-21 15:54:00
Stuttgart Hbf,ICE 569,München Hbf,2,2024-07-21 16:53:00,False,ICE,-7759827436146803415-2407211604,3,2024-07-21 16:45:00,2024-07-21 16:47:00,2024-07-21 16:51:00,2024-07-21 16:53:00
Stuttgart Hbf,ICE 594,Hamburg Hbf,11,2024-07-21 17:02:00,False,ICE,1140779865956290650-2407211446,5,2024-07-21 16:43:00,2024-07-21 16:57:00,2024-07-21 16:51:00,2024-07-21 17:02:00
Stuttgart Hbf,ICE 2407,München Hbf,4,2024-07-21 16:18:00,False,ICE,-6564341875414589886-2407210829,14,2024-07-21 16:08:00,2024-07-21 16:12:00,2024-07-21 16:14:00,2024-07-21 16:18:00
Stuttgart Hbf,ICE 562,Saarbrücken Hbf,0,2024-07-21 17:08:00,True,ICE,-6869650552962585885-2407211502,5,2024-07-21 17:02:00,2024-07-21 17:02:00,2024-07-21 17:08:00,2024-07-21 17:08:00
Stuttgart Hbf,ICE 2502,Frankfurt(Main)Hbf,11,2024-07-21 18:16:00,False,ICE,-1481309699314519873-2407211547,5,2024-07-21 17:59:00,2024-07-21 18:11:00,2024-07-21 18:05:00,2024-07-21 18:16:00
Stuttgart Hbf,ICE 2509,München Hbf,2,2024-07-21 18:01:00,False,ICE,-8570183957246820181-2407211554,4,2024-07-21 17:52:00,2024-07-21 17:52:00,2024-07-21 17:59:00,2024-07-21 18:01:00
Stuttgart Hbf,ICE 599,München Hbf,3,2024-07-21 17:17:00,False,ICE,3567808221161966225-2407211124,8,2024-07-21 17:08:00,2024-07-21 17:12:00,2024-07-21 17:14:00,2024-07-21 17:17:00
Stuttgart Hbf,ICE 2402,Dortmund Hbf,0,2024-07-21 17:51:00,False,ICE,-5049952125224097798-2407211528,5,2024-07-21 17:45:00,2024-07-21 17:43:00,2024-07-21 17:51:00,2024-07-21 17:51:00
Stuttgart Hbf,ICE 2409,München Hbf,6,2024-07-21 18:20:00,False,ICE,4921089780310698838-2407211030,14,2024-07-21 18:08:00,2024-07-21 18:10:00,2024-07-21 18:14:00,2024-07-21 18:20:00
Stuttgart Hbf,ICE 592,Hamburg Hbf,3,2024-07-21 18:54:00,False,ICE,5089820149948252230-2407211646,5,2024-07-21 18:43:00,2024-07-21 18:41:00,2024-07-21 18:51:00,2024-07-21 18:54:00
Stuttgart Hbf,ICE 1069,München Hbf,0,2024-07-21 18:51:00,True,ICE,7280991471195430281-2407211804,3,2024-07-21 18:45:00,2024-07-21 18:45:00,2024-07-21 18:51:00,2024-07-21 18:51:00
Stuttgart Hbf,ICE 2400,Berlin Ostbahnhof,3,2024-07-21 19:54:00,False,ICE,3612321124108775378-2407211728,5,2024-07-21 19:45:00,2024-07-21 19:49:00,2024-07-21 19:51:00,2024-07-21 19:54:00
Stuttgart Hbf,ICE 1211,Innsbruck Hbf,36,2024-07-21 19:51:00,False,ICE,6795498665772062818-2407211324,8,2024-07-21 19:08:00,2024-07-21 19:25:00,2024-07-21 19:15:00,2024-07-21 19:51:00
Stuttgart Hbf,ICE 2511,München Hbf,3,2024-07-21 20:02:00,False,ICE,-6444941605235901936-2407211747,4,2024-07-21 19:53:00,2024-07-21 19:55:00,2024-07-21 19:59:00,2024-07-21 20:02:00
Stuttgart Hbf,ICE 2500,Frankfurt(Main)Hbf,8,2024-07-21 20:13:00,False,ICE,7958024030493783972-2407211747,5,2024-07-21 19:59:00,2024-07-21 20:07:00,2024-07-21 20:05:00,2024-07-21 20:13:00
Stuttgart Hbf,ICE 266,Basel SBB,0,2024-07-21 19:12:00,True,ICE,-2795453744905001153-2407211659,6,2024-07-21 19:02:00,2024-07-21 19:02:00,2024-07-21 19:12:00,2024-07-21 19:12:00
Stuttgart Hbf,ICE 910,Saarbrücken Hbf,12,2024-07-21 20:50:00,False,ICE,6195485783263057734-2407211828,5,2024-07-21 20:31:00,2024-07-21 20:45:00,2024-07-21 20:38:00,2024-07-21 20:50:00
Stuttgart Hbf,ICE 590,Frankfurt(Main)Hbf,6,2024-07-21 20:57:00,False,ICE,-7610672940066525446-2407211846,5,2024-07-21 20:43:00,2024-07-21 20:48:00,2024-07-21 20:51:00,2024-07-21 20:57:00
Stuttgart Hbf,ICE 2411,München Hbf,25,2024-07-21 20:39:00,False,ICE,5224976432653514129-2407211229,14,2024-07-21 20:08:00,2024-07-21 20:33:00,2024-07-21 20:14:00,2024-07-21 20:39:00
Stuttgart Hbf,ICE 560,Karlsruhe Hbf,2,2024-07-21 21:13:00,False,ICE,-1895474681646249837-2407211901,6,2024-07-21 21:03:00,2024-07-21 21:08:00,2024-07-21 21:11:00,2024-07-21 21:13:00
Stuttgart Hbf,ICE 2413,München Hbf,0,2024-07-21 22:14:00,True,ICE,-5721089426791775973-2407211044,19,2024-07-21 22:08:00,2024-07-21 22:11:00,2024-07-21 22:14:00,2024-07-21 22:14:00
Stuttgart Hbf,ICE 990,Frankfurt(Main)Hbf,1,2024-07-21 22:52:00,False,ICE,-2320340282101811304-2407212043,6,2024-07-21 22:43:00,2024-07-21 22:43:00,2024-07-21 22:51:00,2024-07-21 22:52:00
Stuttgart Hbf,ICE 695,München Hbf,24,2024-07-21 23:39:00,False,ICE,362679773391941489-2407211724,8,2024-07-21 23:08:00,2024-07-21 23:34:00,2024-07-21 23:15:00,2024-07-21 23:39:00
Stuttgart Hbf,ICE 698,Berlin Gesundbrunnen,-1,2024-07-22 00:10:00,False,ICE,7108274583246193747-2407212151,5,2024-07-22 00:01:00,2024-07-22 00:01:00,2024-07-22 00:11:00,2024-07-22 00:10:00
Stuttgart Hbf,ICE 618,Köln Hbf,2,2024-07-22 02:24:00,False,ICE,2686007473625185344-2407220001,6,2024-07-22 02:16:00,2024-07-22 02:20:00,2024-07-22 02:22:00,2024-07-22 02:24:00
Stuttgart Hbf,ICE 619,München Hbf,0,2024-07-22 03:39:00,False,ICE,8701286456892320958-2407212247,5,2024-07-22 03:24:00,2024-07-22 03:17:00,2024-07-22 03:39:00,2024-07-22 03:39:00
Stuttgart Hbf,ICE 699,München Hbf,0,2024-07-22 05:12:00,False,ICE,-7138074359361066746-2407211919,15,2024-07-22 04:52:00,2024-07-22 04:49:00,2024-07-22 05:12:00,2024-07-22 05:12:00
Stuttgart Hbf,ICE 22016,Hamburg-Altona,4,2024-07-22 05:55:00,False,ICE,8488895160366256058-2407220324,5,2024-07-22 05:45:00,2024-07-22 05:50:00,2024-07-22 05:51:00,2024-07-22 05:55:00
Stuttgart Hbf,ICE 1061,München Hbf,2,2024-07-22 05:54:00,False,ICE,5427594935199921006-2407220453,5,2024-07-22 05:45:00,2024-07-22 05:46:00,2024-07-22 05:52:00,2024-07-22 05:54:00
Stuttgart Hbf,ICE 561,München Hbf,3,2024-07-22 06:53:00,False,ICE,-605877143281749034-2407220600,3,2024-07-22 06:44:00,2024-07-22 06:46:00,2024-07-22 06:50:00,2024-07-22 06:53:00
Stuttgart Hbf,ICE 1068,Karlsruhe Hbf,0,2024-07-22 07:10:00,True,ICE,1847313071699172804-2407220500,5,2024-07-22 07:04:00,2024-07-22 07:04:00,2024-07-22 07:10:00,2024-07-22 07:10:00
Stuttgart Hbf,ICE 2412,Hamburg-Altona,10,2024-07-22 08:01:00,False,ICE,4340345157597797141-2407220532,5,2024-07-22 07:45:00,2024-07-22 07:50:00,2024-07-22 07:51:00,2024-07-22 08:01:00
Stuttgart Hbf,ICE 2512,Frankfurt(Main)Hbf,2,2024-07-22 08:07:00,False,ICE,-8394972919237501261-2407220543,5,2024-07-22 07:59:00,2024-07-22 08:00:00,2024-07-22 08:05:00,2024-07-22 08:07:00
Stuttgart Hbf,ICE 991,München Hbf,2,2024-07-22 07:17:00,False,ICE,4178793572863103484-2407220526,5,2024-07-22 07:07:00,2024-07-22 07:09:00,2024-07-22 07:15:00,2024-07-22 07:17:00
Stuttgart Hbf,ICE 717,München Hbf,3,2024-07-22 08:02:00,False,ICE,-4746884754763411071-2407220605,4,2024-07-22 07:53:00,2024-07-22 07:56:00,2024-07-22 07:59:00,2024-07-22 08:02:00
Stuttgart Hbf,ICE 267,München Hbf,0,2024-07-22 08:51:00,True,ICE,9036257144873715932-2407220550,11,2024-07-22 08:45:00,2024-07-22 08:45:00,2024-07-22 08:51:00,2024-07-22 08:51:00
Stuttgart Hbf,ICE 692,Hamburg Hbf,0,2024-07-22 08:51:00,False,ICE,-690776802853422910-2407220641,5,2024-07-22 08:44:00,2024-07-22 08:43:00,2024-07-22 08:51:00,2024-07-22 08:51:00
Stuttgart Hbf,ICE 2410,Hamburg-Altona,5,2024-07-22 09:56:00,False,ICE,3110215159235448756-2407220728,5,2024-07-22 09:45:00,2024-07-22 09:51:00,2024-07-22 09:51:00,2024-07-22 09:56:00
Stuttgart Hbf,ICE 913,München Hbf,3,2024-07-22 09:31:00,False,ICE,9025370439367946468-2407220651,7,2024-07-22 09:22:00,2024-07-22 09:24:00,2024-07-22 09:28:00,2024-07-22 09:31:00
Stuttgart Hbf,ICE 591,München Hbf,10,2024-07-22 09:25:00,False,ICE,-9076044575966614071-2407220137,15,2024-07-22 09:08:00,2024-07-22 09:16:00,2024-07-22 09:15:00,2024-07-22 09:25:00
Stuttgart Hbf,ICE 2510,Frankfurt(Main)Hbf,9,2024-07-22 10:14:00,False,ICE,8355114340284714121-2407220746,5,2024-07-22 09:59:00,2024-07-22 10:09:00,2024-07-22 10:05:00,2024-07-22 10:14:00
Stuttgart Hbf,ICE 2501,München Hbf,5,2024-07-22 10:04:00,False,ICE,-4712900064770768337-2407220801,4,2024-07-22 09:52:00,2024-07-22 09:59:00,2024-07-22 09:59:00,2024-07-22 10:04:00
Stuttgart Hbf,ICE 563,München Hbf,0,2024-07-22 10:51:00,True,ICE,7515891464844108057-2407220827,6,2024-07-22 10:45:00,2024-07-22 10:45:00,2024-07-22 10:51:00,2024-07-22 10:51:00
Stuttgart Hbf,ICE 2401,München Hbf,5,2024-07-22 10:19:00,False,ICE,2625137238235520637-2407220011,18,2024-07-22 10:08:00,2024-07-22 10:18:00,2024-07-22 10:14:00,2024-07-22 10:19:00
Stuttgart Hbf,ICE 690,Hamburg Hbf,0,2024-07-22 10:51:00,False,ICE,-2543008509222161707-2407220846,5,2024-07-22 10:43:00,2024-07-22 10:45:00,2024-07-22 10:51:00,2024-07-22 10:51:00
Stuttgart Hbf,ICE 568,Karlsruhe Hbf,4,2024-07-22 11:16:00,False,ICE,-5628776902806503379-2407220903,5,2024-07-22 11:02:00,2024-07-22 11:11:00,2024-07-22 11:12:00,2024-07-22 11:16:00
Stuttgart Hbf,ICE 593,München Hbf,20,2024-07-22 11:35:00,False,ICE,-602704781851165380-2407220514,10,2024-07-22 11:08:00,2024-07-22 11:30:00,2024-07-22 11:15:00,2024-07-22 11:35:00
Stuttgart Hbf,ICE 2503,München Hbf,29,2024-07-22 12:28:00,False,ICE,-1324707288457092225-2407220954,4,2024-07-22 11:53:00,2024-07-22 12:17:00,2024-07-22 11:59:00,2024-07-22 12:28:00
Stuttgart Hbf,ICE 2508,Frankfurt(Main)Hbf,13,2024-07-22 12:18:00,False,ICE,2118840296672669969-2407220947,5,2024-07-22 11:59:00,2024-07-22 12:13:00,2024-07-22 12:05:00,2024-07-22 12:18:00
Stuttgart Hbf,ICE 2408,Hamburg-Altona,23,2024-07-22 12:14:00,False,ICE,263505606232155959-2407220927,5,2024-07-22 11:45:00,2024-07-22 12:09:00,2024-07-22 11:51:00,2024-07-22 12:14:00
Stuttgart Hbf,ICE 565,München Hbf,0,2024-07-22 12:51:00,True,ICE,3705893801311502416-2407221204,3,2024-07-22 12:45:00,2024-07-22 12:45:00,2024-07-22 12:51:00,2024-07-22 12:51:00
Stuttgart Hbf,ICE 2403,München Hbf,43,2024-07-22 12:57:00,False,ICE,-1834385079321189756-2407220429,15,2024-07-22 12:08:00,2024-07-22 12:48:00,2024-07-22 12:14:00,2024-07-22 12:57:00
Stuttgart Hbf,ICE 1218,Hamburg Hbf,13,2024-07-22 13:04:00,False,ICE,8983673647294408675-2407220840,11,2024-07-22 12:43:00,2024-07-22 12:59:00,2024-07-22 12:51:00,2024-07-22 13:04:00
Stuttgart Hbf,ICE 566,Karlsruhe Hbf,16,2024-07-22 13:25:00,False,ICE,-4243685153474784824-2407221103,5,2024-07-22 13:02:00,2024-07-22 13:20:00,2024-07-22 13:09:00,2024-07-22 13:25:00
Stuttgart Hbf,ICE 2406,Hamburg-Harburg,15,2024-07-22 14:06:00,False,ICE,-8978030187738286064-2407221128,5,2024-07-22 13:45:00,2024-07-22 13:59:00,2024-07-22 13:51:00,2024-07-22 14:06:00
Stuttgart Hbf,ICE 595,München Hbf,76,2024-07-22 14:31:00,False,ICE,5524095712606932700-2407220613,11,2024-07-22 13:08:00,2024-07-22 14:28:00,2024-07-22 13:15:00,2024-07-22 14:31:00
Stuttgart Hbf,ICE 2505,München Hbf,13,2024-07-22 14:12:00,False,ICE,-1386351384940595123-2407221153,4,2024-07-22 13:53:00,2024-07-22 14:05:00,2024-07-22 13:59:00,2024-07-22 14:12:00
Stuttgart Hbf,ICE 2506,Frankfurt(Main)Hbf,8,2024-07-22 14:13:00,False,ICE,-3190940513038667025-2407221148,5,2024-07-22 13:59:00,2024-07-22 14:05:00,2024-07-22 14:05:00,2024-07-22 14:13:00
Stuttgart Hbf,ICE 1096,Kiel Hbf,24,2024-07-22 15:15:00,False,ICE,7265904803286392428-2407221247,5,2024-07-22 14:43:00,2024-07-22 15:04:00,2024-07-22 14:51:00,2024-07-22 15:15:00
Stuttgart Hbf,ICE 567,München Hbf,13,2024-07-22 15:04:00,False,ICE,3762301582140299933-2407221404,3,2024-07-22 14:45:00,2024-07-22 14:59:00,2024-07-22 14:51:00,2024-07-22 15:04:00
Stuttgart Hbf,ICE 2405,München Hbf,26,2024-07-22 14:40:00,False,ICE,-5623276319120077997-2407220629,14,2024-07-22 14:08:00,2024-07-22 14:35:00,2024-07-22 14:14:00,2024-07-22 14:40:00
Stuttgart Hbf,ICE 564,Karlsruhe Hbf,0,2024-07-22 15:09:00,True,ICE,-1073960129091467682-2407221303,5,2024-07-22 15:02:00,2024-07-22 15:02:00,2024-07-22 15:09:00,2024-07-22 15:09:00
Stuttgart Hbf,ICE 2504,Frankfurt(Main)Hbf,16,2024-07-22 16:21:00,False,ICE,-3746817127465080930-2407221348,5,2024-07-22 15:59:00,2024-07-22 16:16:00,2024-07-22 16:05:00,2024-07-22 16:21:00
Stuttgart Hbf,ICE 2507,München Hbf,13,2024-07-22 16:12:00,False,ICE,8807778814697037054-2407221354,4,2024-07-22 15:53:00,2024-07-22 15:54:00,2024-07-22 15:59:00,2024-07-22 16:12:00
Stuttgart Hbf,ICE 2404,Hamburg-Harburg,14,2024-07-22 16:05:00,False,ICE,9027111534189161094-2407221327,5,2024-07-22 15:45:00,2024-07-22 15:54:00,2024-07-22 15:51:00,2024-07-22 16:05:00
Stuttgart Hbf,ICE 597,München Hbf,45,2024-07-22 16:00:00,False,ICE,434865117917205190-2407220924,8,2024-07-22 15:08:00,2024-07-22 15:51:00,2024-07-22 15:15:00,2024-07-22 16:00:00
Stuttgart Hbf,ICE 594,Hamburg-Harburg,17,2024-07-22 17:08:00,False,ICE,1140779865956290650-2407221446,5,2024-07-22 16:43:00,2024-07-22 17:03:00,2024-07-22 16:51:00,2024-07-22 17:08:00
Stuttgart Hbf,ICE 569,München Hbf,7,2024-07-22 16:58:00,False,ICE,-7759827436146803415-2407221604,3,2024-07-22 16:45:00,2024-07-22 16:53:00,2024-07-22 16:51:00,2024-07-22 16:58:00
Stuttgart Hbf,ICE 2407,München Hbf,42,2024-07-22 16:56:00,False,ICE,-6564341875414589886-2407220829,14,2024-07-22 16:08:00,2024-07-22 16:30:00,2024-07-22 16:14:00,2024-07-22 16:56:00
Stuttgart Hbf,ICE 599,München Hbf,62,2024-07-22 18:16:00,False,ICE,3567808221161966225-2407221124,8,2024-07-22 17:08:00,2024-07-22 18:08:00,2024-07-22 17:14:00,2024-07-22 18:16:00
Stuttgart Hbf,ICE 562,Saarbrücken Hbf,0,2024-07-22 17:08:00,True,ICE,-6869650552962585885-2407221502,5,2024-07-22 17:02:00,2024-07-22 17:02:00,2024-07-22 17:08:00,2024-07-22 17:08:00
Stuttgart Hbf,ICE 2402,Dortmund Hbf,13,2024-07-22 18:04:00,False,ICE,-5049952125224097798-2407221528,5,2024-07-22 17:45:00,2024-07-22 17:59:00,2024-07-22 17:51:00,2024-07-22 18:04:00
Stuttgart Hbf,ICE 2509,München Hbf,5,2024-07-22 18:04:00,False,ICE,-8570183957246820181-2407221554,4,2024-07-22 17:52:00,2024-07-22 17:59:00,2024-07-22 17:59:00,2024-07-22 18:04:00
Stuttgart Hbf,ICE 2502,Frankfurt(Main)Hbf,36,2024-07-22 18:41:00,False,ICE,-1481309699314519873-2407221547,5,2024-07-22 17:59:00,2024-07-22 18:35:00,2024-07-22 18:05:00,2024-07-22 18:41:00
Stuttgart Hbf,ICE 592,Frankfurt(Main)Hbf,17,2024-07-22 19:08:00,False,ICE,5089820149948252230-2407221646,5,2024-07-22 18:43:00,2024-07-22 18:59:00,2024-07-22 18:51:00,2024-07-22 19:08:00
Stuttgart Hbf,ICE 2409,München Hbf,96,2024-07-22 19:50:00,False,ICE,4921089780310698838-2407221030,14,2024-07-22 18:08:00,2024-07-22 19:45:00,2024-07-22 18:14:00,2024-07-22 19:50:00
Stuttgart Hbf,ICE 1069,München Hbf,0,2024-07-22 18:51:00,True,ICE,7280991471195430281-2407221804,3,2024-07-22 18:45:00,2024-07-22 18:45:00,2024-07-22 18:51:00,2024-07-22 18:51:00
Stuttgart Hbf,ICE 2400,Berlin Ostbahnhof,29,2024-07-22 20:20:00,False,ICE,3612321124108775378-2407221728,5,2024-07-22 19:45:00,2024-07-22 20:15:00,2024-07-22 19:51:00,2024-07-22 20:20:00
Stuttgart Hbf,ICE 2500,Frankfurt(Main)Hbf,33,2024-07-22 20:38:00,False,ICE,7958024030493783972-2407221747,5,2024-07-22 19:59:00,2024-07-22 20:33:00,2024-07-22 20:05:00,2024-07-22 20:38:00
Stuttgart Hbf,ICE 2511,München Hbf,4,2024-07-22 20:03:00,False,ICE,-6444941605235901936-2407221747,4,2024-07-22 19:53:00,2024-07-22 19:58:00,2024-07-22 19:59:00,2024-07-22 20:03:00
Stuttgart Hbf,ICE 1211,Innsbruck Hbf,2,2024-07-22 19:17:00,False,ICE,6795498665772062818-2407221324,8,2024-07-22 19:08:00,2024-07-22 19:09:00,2024-07-22 19:15:00,2024-07-22 19:17:00
Stuttgart Hbf,ICE 266,Basel SBB,0,2024-07-22 19:12:00,True,ICE,-2795453744905001153-2407221659,6,2024-07-22 19:02:00,2024-07-22 19:02:00,2024-07-22 19:12:00,2024-07-22 19:12:00
Stuttgart Hbf,ICE 590,Frankfurt(Main)Hbf,2,2024-07-22 20:53:00,False,ICE,-7610672940066525446-2407221846,5,2024-07-22 20:43:00,2024-07-22 20:48:00,2024-07-22 20:51:00,2024-07-22 20:53:00
Stuttgart Hbf,ICE 910,Saarbrücken Hbf,3,2024-07-22 20:41:00,False,ICE,6195485783263057734-2407221828,5,2024-07-22 20:31:00,2024-07-22 20:36:00,2024-07-22 20:38:00,2024-07-22 20:41:00
Stuttgart Hbf,ICE 2411,München Hbf,8,2024-07-22 20:22:00,False,ICE,5224976432653514129-2407221229,14,2024-07-22 20:08:00,2024-07-22 20:17:00,2024-07-22 20:14:00,2024-07-22 20:22:00
Stuttgart Hbf,ICE 2308,Frankfurt(Main)Hbf,15,2024-07-22 22:20:00,False,ICE,993826748729604473-2407221946,5,2024-07-22 21:59:00,2024-07-22 22:16:00,2024-07-22 22:05:00,2024-07-22 22:20:00
Stuttgart Hbf,ICE 560,Karlsruhe Hbf,2,2024-07-22 21:13:00,False,ICE,-1895474681646249837-2407221901,6,2024-07-22 21:03:00,2024-07-22 21:09:00,2024-07-22 21:11:00,2024-07-22 21:13:00
Stuttgart Hbf,ICE 693,München Hbf,8,2024-07-22 21:23:00,False,ICE,-5198077084450588432-2407221524,8,2024-07-22 21:08:00,2024-07-22 21:18:00,2024-07-22 21:15:00,2024-07-22 21:23:00
Stuttgart Hbf,ICE 2413,München Hbf,0,2024-07-22 22:14:00,True,ICE,-5721089426791775973-2407221044,19,2024-07-22 22:08:00,2024-07-22 22:21:00,2024-07-22 22:14:00,2024-07-22 22:14:00
Stuttgart Hbf,ICE 990,Frankfurt(Main)Hbf,5,2024-07-22 22:56:00,False,ICE,-2320340282101811304-2407222043,6,2024-07-22 22:43:00,2024-07-22 22:42:00,2024-07-22 22:51:00,2024-07-22 22:56:00
Stuttgart Hbf,ICE 698,Berlin Gesundbrunnen,10,2024-07-23 00:21:00,False,ICE,7108274583246193747-2407222151,5,2024-07-23 00:01:00,2024-07-23 00:10:00,2024-07-23 00:11:00,2024-07-23 00:21:00
Stuttgart Hbf,ICE 618,Köln Hbf,52,2024-07-23 03:14:00,False,ICE,2686007473625185344-2407230007,5,2024-07-23 02:16:00,2024-07-23 03:09:00,2024-07-23 02:22:00,2024-07-23 03:14:00
Stuttgart Hbf,ICE 619,München Hbf,0,2024-07-23 03:39:00,False,ICE,8701286456892320958-2407222227,5,2024-07-23 03:24:00,2024-07-23 02:56:00,2024-07-23 03:39:00,2024-07-23 03:39:00
Stuttgart Hbf,ICE 699,München Hbf,0,2024-07-23 05:12:00,False,ICE,-7138074359361066746-2407221919,14,2024-07-23 04:52:00,2024-07-23 04:48:00,2024-07-23 05:12:00,2024-07-23 05:12:00
Stuttgart Hbf,ICE 22016,Hamburg-Altona,2,2024-07-23 05:53:00,False,ICE,8488895160366256058-2407230324,5,2024-07-23 05:45:00,2024-07-23 05:48:00,2024-07-23 05:51:00,2024-07-23 05:53:00
Stuttgart Hbf,ICE 1061,München Hbf,9,2024-07-23 06:01:00,False,ICE,5427594935199921006-2407230453,5,2024-07-23 05:45:00,2024-07-23 05:55:00,2024-07-23 05:52:00,2024-07-23 06:01:00
Stuttgart Hbf,ICE 561,München Hbf,1,2024-07-23 06:51:00,False,ICE,-605877143281749034-2407230600,3,2024-07-23 06:44:00,2024-07-23 06:44:00,2024-07-23 06:50:00,2024-07-23 06:51:00
Stuttgart Hbf,ICE 991,München Hbf,1,2024-07-23 07:16:00,False,ICE,4178793572863103484-2407230526,5,2024-07-23 07:07:00,2024-07-23 07:11:00,2024-07-23 07:15:00,2024-07-23 07:16:00
Stuttgart Hbf,ICE 717,München Hbf,0,2024-07-23 07:59:00,False,ICE,-4746884754763411071-2407230605,4,2024-07-23 07:53:00,2024-07-23 07:57:00,2024-07-23 07:59:00,2024-07-23 07:59:00
Stuttgart Hbf,ICE 1068,Karlsruhe Hbf,1,2024-07-23 07:11:00,False,ICE,1847313071699172804-2407230500,5,2024-07-23 07:04:00,2024-07-23 07:04:00,2024-07-23 07:10:00,2024-07-23 07:11:00
Stuttgart Hbf,ICE 2412,Hamburg-Altona,28,2024-07-23 08:19:00,False,ICE,4340345157597797141-2407230532,5,2024-07-23 07:45:00,2024-07-23 08:14:00,2024-07-23 07:51:00,2024-07-23 08:19:00
Stuttgart Hbf,ICE 2512,Frankfurt(Main)Hbf,9,2024-07-23 08:14:00,False,ICE,-8394972919237501261-2407230543,5,2024-07-23 07:59:00,2024-07-23 08:02:00,2024-07-23 08:05:00,2024-07-23 08:14:00
Stuttgart Hbf,ICE 267,München Hbf,5,2024-07-23 08:56:00,False,ICE,9036257144873715932-2407230550,11,2024-07-23 08:45:00,2024-07-23 08:53:00,2024-07-23 08:51:00,2024-07-23 08:56:00
Stuttgart Hbf,ICE 692,Hamburg Hbf,6,2024-07-23 08:57:00,False,ICE,-690776802853422910-2407230641,5,2024-07-23 08:44:00,2024-07-23 08:52:00,2024-07-23 08:51:00,2024-07-23 08:57:00
Stuttgart Hbf,ICE 591,München Hbf,8,2024-07-23 09:23:00,False,ICE,7394330786495536556-2407230705,4,2024-07-23 09:08:00,2024-07-23 09:17:00,2024-07-23 09:15:00,2024-07-23 09:23:00
Stuttgart Hbf,ICE 2410,Hamburg-Altona,4,2024-07-23 09:55:00,False,ICE,3110215159235448756-2407230728,5,2024-07-23 09:45:00,2024-07-23 09:50:00,2024-07-23 09:51:00,2024-07-23 09:55:00
Stuttgart Hbf,ICE 913,München Hbf,8,2024-07-23 09:36:00,False,ICE,9025370439367946468-2407230651,7,2024-07-23 09:22:00,2024-07-23 09:26:00,2024-07-23 09:28:00,2024-07-23 09:36:00
Stuttgart Hbf,ICE 2510,Frankfurt(Main)Hbf,24,2024-07-23 10:29:00,False,ICE,8355114340284714121-2407230746,5,2024-07-23 09:59:00,2024-07-23 10:25:00,2024-07-23 10:05:00,2024-07-23 10:29:00
Stuttgart Hbf,ICE 2501,München Hbf,21,2024-07-23 10:20:00,False,ICE,-4712900064770768337-2407230801,4,2024-07-23 09:52:00,2024-07-23 09:55:00,2024-07-23 09:59:00,2024-07-23 10:20:00
Stuttgart Hbf,ICE 2401,München Hbf,19,2024-07-23 10:33:00,False,ICE,2625137238235520637-2407230011,20,2024-07-23 10:08:00,2024-07-23 10:17:00,2024-07-23 10:14:00,2024-07-23 10:33:00
Stuttgart Hbf,ICE 690,Hamburg Hbf,16,2024-07-23 11:07:00,False,ICE,-2543008509222161707-2407230846,5,2024-07-23 10:43:00,2024-07-23 10:57:00,2024-07-23 10:51:00,2024-07-23 11:07:00
Stuttgart Hbf,ICE 563,München Hbf,3,2024-07-23 10:54:00,False,ICE,7515891464844108057-2407230827,6,2024-07-23 10:45:00,2024-07-23 10:48:00,2024-07-23 10:51:00,2024-07-23 10:54:00
Stuttgart Hbf,ICE 568,Karlsruhe Hbf,26,2024-07-23 11:38:00,False,ICE,-5628776902806503379-2407230903,5,2024-07-23 11:02:00,2024-07-23 11:30:00,2024-07-23 11:12:00,2024-07-23 11:38:00
Stuttgart Hbf,ICE 2408,Hamburg-Altona,1,2024-07-23 11:52:00,False,ICE,263505606232155959-2407230927,5,2024-07-23 11:45:00,2024-07-23 11:43:00,2024-07-23 11:51:00,2024-07-23 11:52:00
Stuttgart Hbf,ICE 2508,Frankfurt(Main)Hbf,1,2024-07-23 12:06:00,False,ICE,2118840296672669969-2407230947,5,2024-07-23 11:59:00,2024-07-23 11:59:00,2024-07-23 12:05:00,2024-07-23 12:06:00
Stuttgart Hbf,ICE 2503,München Hbf,3,2024-07-23 12:02:00,False,ICE,-1324707288457092225-2407230954,4,2024-07-23 11:53:00,2024-07-23 11:53:00,2024-07-23 11:59:00,2024-07-23 12:02:00
Stuttgart Hbf,ICE 593,München Hbf,0,2024-07-23 11:15:00,False,ICE,-602704781851165380-2407230514,10,2024-07-23 11:08:00,2024-07-23 11:07:00,2024-07-23 11:15:00,2024-07-23 11:15:00
Stuttgart Hbf,ICE 565,München Hbf,2,2024-07-23 12:53:00,False,ICE,3705893801311502416-2407231204,3,2024-07-23 12:45:00,2024-07-23 12:47:00,2024-07-23 12:51:00,2024-07-23 12:53:00
Stuttgart Hbf,ICE 2403,München Hbf,13,2024-07-23 12:27:00,False,ICE,-7180628394858715905-2407230449,12,2024-07-23 12:08:00,2024-07-23 12:22:00,2024-07-23 12:14:00,2024-07-23 12:27:00
Stuttgart Hbf,ICE 1218,Hamburg Hbf,11,2024-07-23 13:02:00,False,ICE,8983673647294408675-2407230840,11,2024-07-23 12:43:00,2024-07-23 12:57:00,2024-07-23 12:51:00,2024-07-23 13:02:00
Stuttgart Hbf,ICE 566,Karlsruhe Hbf,6,2024-07-23 13:15:00,False,ICE,-4243685153474784824-2407231103,5,2024-07-23 13:02:00,2024-07-23 13:10:00,2024-07-23 13:09:00,2024-07-23 13:15:00
Stuttgart Hbf,ICE 2505,München Hbf,7,2024-07-23 14:06:00,False,ICE,-1386351384940595123-2407231153,4,2024-07-23 13:53:00,2024-07-23 14:01:00,2024-07-23 13:59:00,2024-07-23 14:06:00
Stuttgart Hbf,ICE 2506,Frankfurt(Main)Hbf,11,2024-07-23 14:16:00,False,ICE,-3190940513038667025-2407231148,5,2024-07-23 13:59:00,2024-07-23 14:06:00,2024-07-23 14:05:00,2024-07-23 14:16:00
Stuttgart Hbf,ICE 595,München Hbf,23,2024-07-23 13:38:00,False,ICE,5524095712606932700-2407230613,11,2024-07-23 13:08:00,2024-07-23 13:33:00,2024-07-23 13:15:00,2024-07-23 13:38:00
Stuttgart Hbf,ICE 2406,Hamburg-Harburg,15,2024-07-23 14:06:00,False,ICE,-8978030187738286064-2407231128,5,2024-07-23 13:45:00,2024-07-23 14:01:00,2024-07-23 13:51:00,2024-07-23 14:06:00
Stuttgart Hbf,ICE 567,München Hbf,3,2024-07-23 14:54:00,False,ICE,3762301582140299933-2407231404,3,2024-07-23 14:45:00,2024-07-23 14:48:00,2024-07-23 14:51:00,2024-07-23 14:54:00
Stuttgart Hbf,ICE 1096,Kiel Hbf,35,2024-07-23 15:26:00,False,ICE,7265904803286392428-2407231247,5,2024-07-23 14:43:00,2024-07-23 15:18:00,2024-07-23 14:51:00,2024-07-23 15:26:00
Stuttgart Hbf,ICE 2405,München Hbf,7,2024-07-23 14:21:00,False,ICE,-4821046444247872271-2407230941,7,2024-07-23 14:08:00,2024-07-23 14:12:00,2024-07-23 14:14:00,2024-07-23 14:21:00
Stuttgart Hbf,ICE 2507,München Hbf,0,2024-07-23 15:59:00,False,ICE,8807778814697037054-2407231354,4,2024-07-23 15:53:00,2024-07-23 15:52:00,2024-07-23 15:59:00,2024-07-23 15:59:00
Stuttgart Hbf,ICE 597,München Hbf,1,2024-07-23 15:16:00,False,ICE,434865117917205190-2407230924,8,2024-07-23 15:08:00,2024-07-23 15:06:00,2024-07-23 15:15:00,2024-07-23 15:16:00
Stuttgart Hbf,ICE 2504,Frankfurt(Main)Hbf,10,2024-07-23 16:15:00,False,ICE,-3746817127465080930-2407231348,5,2024-07-23 15:59:00,2024-07-23 16:06:00,2024-07-23 16:05:00,2024-07-23 16:15:00
Stuttgart Hbf,ICE 564,Karlsruhe Hbf,7,2024-07-23 15:16:00,False,ICE,-1073960129091467682-2407231303,5,2024-07-23 15:02:00,2024-07-23 15:11:00,2024-07-23 15:09:00,2024-07-23 15:16:00
Stuttgart Hbf,ICE 2404,Hamburg-Harburg,0,2024-07-23 15:51:00,False,ICE,9027111534189161094-2407231327,5,2024-07-23 15:45:00,2024-07-23 15:44:00,2024-07-23 15:51:00,2024-07-23 15:51:00
Stuttgart Hbf,ICE 594,Hamburg-Harburg,3,2024-07-23 16:54:00,False,ICE,1140779865956290650-2407231446,5,2024-07-23 16:43:00,2024-07-23 16:49:00,2024-07-23 16:51:00,2024-07-23 16:54:00
Stuttgart Hbf,ICE 2407,München Hbf,19,2024-07-23 16:33:00,False,ICE,-6564341875414589886-2407230829,14,2024-07-23 16:08:00,2024-07-23 16:28:00,2024-07-23 16:14:00,2024-07-23 16:33:00
Stuttgart Hbf,ICE 569,München Hbf,4,2024-07-23 16:55:00,False,ICE,-7759827436146803415-2407231604,3,2024-07-23 16:45:00,2024-07-23 16:50:00,2024-07-23 16:51:00,2024-07-23 16:55:00
Stuttgart Hbf,ICE 562,Saarbrücken Hbf,11,2024-07-23 17:19:00,False,ICE,-6869650552962585885-2407231502,5,2024-07-23 17:02:00,2024-07-23 17:14:00,2024-07-23 17:08:00,2024-07-23 17:19:00
Stuttgart Hbf,ICE 2509,München Hbf,1,2024-07-23 18:00:00,False,ICE,-8570183957246820181-2407231554,4,2024-07-23 17:52:00,2024-07-23 17:52:00,2024-07-23 17:59:00,2024-07-23 18:00:00
Stuttgart Hbf,ICE 2502,Frankfurt(Main)Hbf,7,2024-07-23 18:12:00,False,ICE,-1481309699314519873-2407231547,5,2024-07-23 17:59:00,2024-07-23 18:09:00,2024-07-23 18:05:00,2024-07-23 18:12:00
Stuttgart Hbf,ICE 2402,Dortmund Hbf,4,2024-07-23 17:55:00,False,ICE,-5049952125224097798-2407231528,5,2024-07-23 17:45:00,2024-07-23 17:50:00,2024-07-23 17:51:00,2024-07-23 17:55:00
Stuttgart Hbf,ICE 599,München Hbf,52,2024-07-23 18:06:00,False,ICE,3567808221161966225-2407231124,8,2024-07-23 17:08:00,2024-07-23 17:58:00,2024-07-23 17:14:00,2024-07-23 18:06:00
Stuttgart Hbf,ICE 1069,München Hbf,6,2024-07-23 18:57:00,False,ICE,7280991471195430281-2407231804,3,2024-07-23 18:45:00,2024-07-23 18:47:00,2024-07-23 18:51:00,2024-07-23 18:57:00
Stuttgart Hbf,ICE 592,Frankfurt(Main)Hbf,3,2024-07-23 18:54:00,False,ICE,5089820149948252230-2407231646,5,2024-07-23 18:43:00,2024-07-23 18:45:00,2024-07-23 18:51:00,2024-07-23 18:54:00
Stuttgart Hbf,ICE 2409,München Hbf,27,2024-07-23 18:41:00,False,ICE,4921089780310698838-2407231030,14,2024-07-23 18:08:00,2024-07-23 18:33:00,2024-07-23 18:14:00,2024-07-23 18:41:00
Stuttgart Hbf,ICE 2511,München Hbf,6,2024-07-23 20:05:00,False,ICE,-6444941605235901936-2407231747,4,2024-07-23 19:53:00,2024-07-23 19:51:00,2024-07-23 19:59:00,2024-07-23 20:05:00
Stuttgart Hbf,ICE 266,Basel SBB,29,2024-07-23 19:41:00,False,ICE,-2795453744905001153-2407231659,6,2024-07-23 19:02:00,2024-07-23 19:36:00,2024-07-23 19:12:00,2024-07-23 19:41:00
Stuttgart Hbf,ICE 2500,Frankfurt(Main)Hbf,7,2024-07-23 20:12:00,False,ICE,7958024030493783972-2407231747,5,2024-07-23 19:59:00,2024-07-23 20:07:00,2024-07-23 20:05:00,2024-07-23 20:12:00
Stuttgart Hbf,ICE 2400,Berlin Ostbahnhof,0,2024-07-23 19:51:00,True,ICE,3612321124108775378-2407231728,5,2024-07-23 19:45:00,2024-07-23 19:45:00,2024-07-23 19:51:00,2024-07-23 19:51:00
Stuttgart Hbf,ICE 1211,Innsbruck Hbf,0,2024-07-23 19:15:00,False,ICE,6795498665772062818-2407231324,8,2024-07-23 19:08:00,2024-07-23 19:07:00,2024-07-23 19:15:00,2024-07-23 19:15:00
Stuttgart Hbf,ICE 2411,München Hbf,21,2024-07-23 20:35:00,False,ICE,5224976432653514129-2407231229,14,2024-07-23 20:08:00,2024-07-23 20:30:00,2024-07-23 20:14:00,2024-07-23 20:35:00
Stuttgart Hbf,ICE 590,Frankfurt(Main)Hbf,5,2024-07-23 20:56:00,False,ICE,-7610672940066525446-2407231846,5,2024-07-23 20:43:00,2024-07-23 20:51:00,2024-07-23 20:51:00,2024-07-23 20:56:00
Stuttgart Hbf,ICE 910,Saarbrücken Hbf,0,2024-07-23 20:38:00,True,ICE,6195485783263057734-2407231828,5,2024-07-23 20:31:00,2024-07-23 20:31:00,2024-07-23 20:38:00,2024-07-23 20:38:00
Stuttgart Hbf,ICE 560,Karlsruhe Hbf,4,2024-07-23 21:15:00,False,ICE,-1895474681646249837-2407231901,6,2024-07-23 21:03:00,2024-07-23 21:10:00,2024-07-23 21:11:00,2024-07-23 21:15:00
Stuttgart Hbf,ICE 2308,Frankfurt(Main)Hbf,9,2024-07-23 22:14:00,True,ICE,993826748729604473-2407231946,5,2024-07-23 21:59:00,2024-07-23 22:08:00,2024-07-23 22:05:00,2024-07-23 22:14:00
Stuttgart Hbf,ICE 693,München Hbf,3,2024-07-23 21:18:00,False,ICE,-5198077084450588432-2407231524,8,2024-07-23 21:08:00,2024-07-23 21:11:00,2024-07-23 21:15:00,2024-07-23 21:18:00
Stuttgart Hbf,ICE 2413,München Hbf,0,2024-07-23 22:14:00,True,ICE,-5721089426791775973-2407231044,19,2024-07-23 22:08:00,2024-07-23 22:19:00,2024-07-23 22:14:00,2024-07-23 22:14:00
Stuttgart Hbf,ICE 990,Frankfurt(Main)Hbf,27,2024-07-23 23:18:00,False,ICE,-2320340282101811304-2407232043,6,2024-07-23 22:43:00,2024-07-23 23:13:00,2024-07-23 22:51:00,2024-07-23 23:18:00
Stuttgart Hbf,ICE 698,Berlin Gesundbrunnen,12,2024-07-24 00:23:00,False,ICE,7108274583246193747-2407232151,5,2024-07-24 00:01:00,2024-07-24 00:11:00,2024-07-24 00:11:00,2024-07-24 00:23:00
Stuttgart Hbf,ICE 618,Köln Hbf,21,2024-07-24 02:43:00,False,ICE,2686007473625185344-2407240007,5,2024-07-24 02:16:00,2024-07-24 02:37:00,2024-07-24 02:22:00,2024-07-24 02:43:00
Stuttgart Hbf,ICE 619,München Hbf,0,2024-07-24 03:39:00,False,ICE,8701286456892320958-2407232225,5,2024-07-24 03:24:00,2024-07-24 02:44:00,2024-07-24 03:39:00,2024-07-24 03:39:00
Stuttgart Hbf,ICE 699,München Hbf,0,2024-07-24 05:12:00,False,ICE,-7138074359361066746-2407231919,15,2024-07-24 04:52:00,2024-07-24 04:42:00,2024-07-24 05:12:00,2024-07-24 05:12:00
Stuttgart Hbf,ICE 1061,München Hbf,16,2024-07-24 06:08:00,False,ICE,5427594935199921006-2407240453,5,2024-07-24 05:45:00,2024-07-24 06:03:00,2024-07-24 05:52:00,2024-07-24 06:08:00
Stuttgart Hbf,ICE 22016,Hamburg-Altona,2,2024-07-24 05:53:00,False,ICE,8488895160366256058-2407240324,5,2024-07-24 05:45:00,2024-07-24 05:48:00,2024-07-24 05:51:00,2024-07-24 05:53:00
Stuttgart Hbf,ICE 561,München Hbf,20,2024-07-24 07:10:00,False,ICE,-605877143281749034-2407240600,3,2024-07-24 06:44:00,2024-07-24 07:05:00,2024-07-24 06:50:00,2024-07-24 07:10:00
Stuttgart Hbf,ICE 2512,Frankfurt(Main)Hbf,5,2024-07-24 08:10:00,False,ICE,-8394972919237501261-2407240543,5,2024-07-24 07:59:00,2024-07-24 08:05:00,2024-07-24 08:05:00,2024-07-24 08:10:00
Stuttgart Hbf,ICE 2412,Hamburg-Altona,32,2024-07-24 08:23:00,False,ICE,4340345157597797141-2407240532,5,2024-07-24 07:45:00,2024-07-24 07:50:00,2024-07-24 07:51:00,2024-07-24 08:23:00
Stuttgart Hbf,ICE 717,München Hbf,3,2024-07-24 08:02:00,False,ICE,-4746884754763411071-2407240605,4,2024-07-24 07:53:00,2024-07-24 07:57:00,2024-07-24 07:59:00,2024-07-24 08:02:00
Stuttgart Hbf,ICE 1068,Karlsruhe Hbf,0,2024-07-24 07:10:00,False,ICE,1847313071699172804-2407240500,5,2024-07-24 07:04:00,2024-07-24 07:01:00,2024-07-24 07:10:00,2024-07-24 07:10:00
Stuttgart Hbf,ICE 991,München Hbf,27,2024-07-24 07:42:00,False,ICE,4178793572863103484-2407240526,5,2024-07-24 07:07:00,2024-07-24 07:37:00,2024-07-24 07:15:00,2024-07-24 07:42:00
Stuttgart Hbf,ICE 692,Hamburg Hbf,0,2024-07-24 08:51:00,False,ICE,-690776802853422910-2407240641,5,2024-07-24 08:44:00,2024-07-24 08:43:00,2024-07-24 08:51:00,2024-07-24 08:51:00
Stuttgart Hbf,ICE 267,München Hbf,4,2024-07-24 08:55:00,False,ICE,9036257144873715932-2407240550,11,2024-07-24 08:45:00,2024-07-24 08:50:00,2024-07-24 08:51:00,2024-07-24 08:55:00
Stuttgart Hbf,ICE 2510,Frankfurt(Main)Hbf,16,2024-07-24 10:21:00,False,ICE,8355114340284714121-2407240746,5,2024-07-24 09:59:00,2024-07-24 10:11:00,2024-07-24 10:05:00,2024-07-24 10:21:00
Stuttgart Hbf,ICE 913,München Hbf,1,2024-07-24 09:29:00,True,ICE,9025370439367946468-2407240651,7,2024-07-24 09:22:00,2024-07-24 09:22:00,2024-07-24 09:28:00,2024-07-24 09:29:00
Stuttgart Hbf,ICE 591,München Hbf,1,2024-07-24 09:16:00,False,ICE,7394330786495536556-2407240705,4,2024-07-24 09:08:00,2024-07-24 09:08:00,2024-07-24 09:15:00,2024-07-24 09:16:00
Stuttgart Hbf,ICE 2410,Hamburg-Altona,26,2024-07-24 10:17:00,False,ICE,3110215159235448756-2407240728,5,2024-07-24 09:45:00,2024-07-24 10:03:00,2024-07-24 09:51:00,2024-07-24 10:17:00
Stuttgart Hbf,ICE 2501,München Hbf,3,2024-07-24 10:02:00,False,ICE,-4712900064770768337-2407240801,4,2024-07-24 09:52:00,2024-07-24 09:54:00,2024-07-24 09:59:00,2024-07-24 10:02:00
Stuttgart Hbf,ICE 563,München Hbf,0,2024-07-24 10:51:00,False,ICE,7515891464844108057-2407240827,6,2024-07-24 10:45:00,2024-07-24 10:43:00,2024-07-24 10:51:00,2024-07-24 10:51:00
Stuttgart Hbf,ICE 690,Hamburg Hbf,3,2024-07-24 10:54:00,False,ICE,-2543008509222161707-2407240846,5,2024-07-24 10:43:00,2024-07-24 10:49:00,2024-07-24 10:51:00,2024-07-24 10:54:00
Stuttgart Hbf,ICE 2401,München Hbf,17,2024-07-24 10:31:00,False,ICE,2625137238235520637-2407240011,20,2024-07-24 10:08:00,2024-07-24 10:26:00,2024-07-24 10:14:00,2024-07-24 10:31:00
Stuttgart Hbf,ICE 593,München Hbf,1,2024-07-24 11:16:00,False,ICE,-602704781851165380-2407240514,10,2024-07-24 11:08:00,2024-07-24 11:08:00,2024-07-24 11:15:00,2024-07-24 11:16:00
Stuttgart Hbf,ICE 2503,München Hbf,5,2024-07-24 12:04:00,False,ICE,-1324707288457092225-2407240954,4,2024-07-24 11:53:00,2024-07-24 11:54:00,2024-07-24 11:59:00,2024-07-24 12:04:00
Stuttgart Hbf,ICE 2408,Hamburg-Altona,1,2024-07-24 11:52:00,False,ICE,263505606232155959-2407240927,5,2024-07-24 11:45:00,2024-07-24 11:46:00,2024-07-24 11:51:00,2024-07-24 11:52:00
Stuttgart Hbf,ICE 2508,Frankfurt(Main)Hbf,17,2024-07-24 12:22:00,False,ICE,2118840296672669969-2407240947,5,2024-07-24 11:59:00,2024-07-24 12:13:00,2024-07-24 12:05:00,2024-07-24 12:22:00
Stuttgart Hbf,ICE 568,Karlsruhe Hbf,1,2024-07-24 11:13:00,False,ICE,-5628776902806503379-2407240903,5,2024-07-24 11:02:00,2024-07-24 11:05:00,2024-07-24 11:12:00,2024-07-24 11:13:00
Stuttgart Hbf,ICE 565,München Hbf,12,2024-07-24 13:03:00,False,ICE,3705893801311502416-2407241204,3,2024-07-24 12:45:00,2024-07-24 12:58:00,2024-07-24 12:51:00,2024-07-24 13:03:00
Stuttgart Hbf,ICE 1218,Hamburg Hbf,0,2024-07-24 12:51:00,False,ICE,8983673647294408675-2407240840,11,2024-07-24 12:43:00,2024-07-24 12:45:00,2024-07-24 12:51:00,2024-07-24 12:51:00
Stuttgart Hbf,ICE 119,Innsbruck Hbf,3,2024-07-24 13:00:00,False,ICE,1540220838403763332-2407240621,6,2024-07-24 12:48:00,2024-07-24 12:55:00,2024-07-24 12:57:00,2024-07-24 13:00:00
Stuttgart Hbf,ICE 2403,München Hbf,41,2024-07-24 12:55:00,False,ICE,-7180628394858715905-2407240449,12,2024-07-24 12:08:00,2024-07-24 12:45:00,2024-07-24 12:14:00,2024-07-24 12:55:00
Stuttgart Hbf,ICE 595,München Hbf,12,2024-07-24 13:27:00,False,ICE,5524095712606932700-2407240613,11,2024-07-24 13:08:00,2024-07-24 13:22:00,2024-07-24 13:15:00,2024-07-24 13:27:00
Stuttgart Hbf,ICE 566,Karlsruhe Hbf,3,2024-07-24 13:12:00,False,ICE,-4243685153474784824-2407241103,5,2024-07-24 13:02:00,2024-07-24 13:07:00,2024-07-24 13:09:00,2024-07-24 13:12:00
Stuttgart Hbf,ICE 2506,Frankfurt(Main)Hbf,3,2024-07-24 14:08:00,False,ICE,-3190940513038667025-2407241148,5,2024-07-24 13:59:00,2024-07-24 14:03:00,2024-07-24 14:05:00,2024-07-24 14:08:00
Stuttgart Hbf,ICE 2505,München Hbf,13,2024-07-24 14:12:00,False,ICE,-1386351384940595123-2407241153,4,2024-07-24 13:53:00,2024-07-24 13:54:00,2024-07-24 13:59:00,2024-07-24 14:12:00
Stuttgart Hbf,ICE 2406,Hamburg-Harburg,0,2024-07-24 13:51:00,False,ICE,-8978030187738286064-2407241128,5,2024-07-24 13:45:00,2024-07-24 13:43:00,2024-07-24 13:51:00,2024-07-24 13:51:00
Stuttgart Hbf,ICE 567,München Hbf,3,2024-07-24 14:54:00,False,ICE,3762301582140299933-2407241404,3,2024-07-24 14:45:00,2024-07-24 14:47:00,2024-07-24 14:51:00,2024-07-24 14:54:00
Stuttgart Hbf,ICE 2405,München Hbf,20,2024-07-24 14:34:00,False,ICE,-5623276319120077997-2407240629,14,2024-07-24 14:08:00,2024-07-24 14:29:00,2024-07-24 14:14:00,2024-07-24 14:34:00
Stuttgart Hbf,ICE 1096,Kiel Hbf,0,2024-07-24 14:51:00,False,ICE,7265904803286392428-2407241247,5,2024-07-24 14:43:00,2024-07-24 14:46:00,2024-07-24 14:51:00,2024-07-24 14:51:00
Stuttgart Hbf,ICE 118,Berlin Ostbahnhof,2,2024-07-24 15:14:00,False,ICE,-2026324236731915142-2407240854,20,2024-07-24 14:59:00,2024-07-24 15:02:00,2024-07-24 15:12:00,2024-07-24 15:14:00
Stuttgart Hbf,ICE 2504,Frankfurt(Main)Hbf,11,2024-07-24 16:16:00,False,ICE,-3746817127465080930-2407241348,5,2024-07-24 15:59:00,2024-07-24 16:05:00,2024-07-24 16:05:00,2024-07-24 16:16:00
Stuttgart Hbf,ICE 564,Karlsruhe Hbf,3,2024-07-24 15:12:00,False,ICE,-1073960129091467682-2407241303,5,2024-07-24 15:02:00,2024-07-24 15:04:00,2024-07-24 15:09:00,2024-07-24 15:12:00
Stuttgart Hbf,ICE 2404,Hamburg-Harburg,2,2024-07-24 15:53:00,False,ICE,9027111534189161094-2407241327,5,2024-07-24 15:45:00,2024-07-24 15:46:00,2024-07-24 15:51:00,2024-07-24 15:53:00
Stuttgart Hbf,ICE 597,München Hbf,0,2024-07-24 15:15:00,True,ICE,434865117917205190-2407240924,8,2024-07-24 15:08:00,2024-07-24 15:08:00,2024-07-24 15:15:00,2024-07-24 15:15:00
Stuttgart Hbf,ICE 2507,München Hbf,14,2024-07-24 16:13:00,False,ICE,8807778814697037054-2407241354,4,2024-07-24 15:53:00,2024-07-24 15:55:00,2024-07-24 15:59:00,2024-07-24 16:13:00
Stuttgart Hbf,ICE 569,München Hbf,4,2024-07-24 16:55:00,False,ICE,-7759827436146803415-2407241604,3,2024-07-24 16:45:00,2024-07-24 16:50:00,2024-07-24 16:51:00,2024-07-24 16:55:00
Stuttgart Hbf,ICE 594,Hamburg-Harburg,1,2024-07-24 16:52:00,False,ICE,1140779865956290650-2407241446,5,2024-07-24 16:43:00,2024-07-24 16:47:00,2024-07-24 16:51:00,2024-07-24 16:52:00
Stuttgart Hbf,ICE 2407,München Hbf,6,2024-07-24 16:20:00,False,ICE,-6564341875414589886-2407240829,14,2024-07-24 16:08:00,2024-07-24 16:08:00,2024-07-24 16:14:00,2024-07-24 16:20:00
Stuttgart Hbf,ICE 2502,Frankfurt(Main)Hbf,1,2024-07-24 18:06:00,False,ICE,-1481309699314519873-2407241547,5,2024-07-24 17:59:00,2024-07-24 17:59:00,2024-07-24 18:05:00,2024-07-24 18:06:00
Stuttgart Hbf,ICE 562,Saarbrücken Hbf,14,2024-07-24 17:22:00,False,ICE,-6869650552962585885-2407241502,5,2024-07-24 17:02:00,2024-07-24 17:17:00,2024-07-24 17:08:00,2024-07-24 17:22:00
Stuttgart Hbf,ICE 2402,Dortmund Hbf,1,2024-07-24 17:52:00,False,ICE,-5049952125224097798-2407241528,5,2024-07-24 17:45:00,2024-07-24 17:45:00,2024-07-24 17:51:00,2024-07-24 17:52:00
Stuttgart Hbf,ICE 2509,München Hbf,3,2024-07-24 18:02:00,False,ICE,-8570183957246820181-2407241554,4,2024-07-24 17:52:00,2024-07-24 17:53:00,2024-07-24 17:59:00,2024-07-24 18:02:00
Stuttgart Hbf,ICE 599,München Hbf,30,2024-07-24 17:44:00,False,ICE,3567808221161966225-2407241124,8,2024-07-24 17:08:00,2024-07-24 17:39:00,2024-07-24 17:14:00,2024-07-24 17:44:00
Stuttgart Hbf,ICE 592,Frankfurt(Main)Hbf,1,2024-07-24 18:52:00,False,ICE,5089820149948252230-2407241646,5,2024-07-24 18:43:00,2024-07-24 18:43:00,2024-07-24 18:51:00,2024-07-24 18:52:00
Stuttgart Hbf,ICE 2409,München Hbf,18,2024-07-24 18:32:00,False,ICE,4921089780310698838-2407241030,14,2024-07-24 18:08:00,2024-07-24 18:27:00,2024-07-24 18:14:00,2024-07-24 18:32:00
Stuttgart Hbf,ICE 1069,München Hbf,3,2024-07-24 18:54:00,False,ICE,7280991471195430281-2407241804,3,2024-07-24 18:45:00,2024-07-24 18:47:00,2024-07-24 18:51:00,2024-07-24 18:54:00
Stuttgart Hbf,ICE 2400,Berlin Ostbahnhof,0,2024-07-24 19:51:00,True,ICE,3612321124108775378-2407241728,5,2024-07-24 19:45:00,2024-07-24 19:45:00,2024-07-24 19:51:00,2024-07-24 19:51:00
Stuttgart Hbf,ICE 2511,München Hbf,2,2024-07-24 20:01:00,False,ICE,-6444941605235901936-2407241747,4,2024-07-24 19:53:00,2024-07-24 19:54:00,2024-07-24 19:59:00,2024-07-24 20:01:00
Stuttgart Hbf,ICE 2500,Frankfurt(Main)Hbf,5,2024-07-24 20:10:00,False,ICE,7958024030493783972-2407241747,5,2024-07-24 19:59:00,2024-07-24 20:05:00,2024-07-24 20:05:00,2024-07-24 20:10:00
Stuttgart Hbf,ICE 1211,Innsbruck Hbf,17,2024-07-24 19:32:00,False,ICE,6795498665772062818-2407241324,8,2024-07-24 19:08:00,2024-07-24 19:27:00,2024-07-24 19:15:00,2024-07-24 19:32:00
Stuttgart Hbf,ICE 266,Basel SBB,0,2024-07-24 19:12:00,True,ICE,-2795453744905001153-2407241659,6,2024-07-24 19:02:00,2024-07-24 19:02:00,2024-07-24 19:12:00,2024-07-24 19:12:00
Stuttgart Hbf,ICE 910,Saarbrücken Hbf,4,2024-07-24 20:42:00,False,ICE,6195485783263057734-2407241828,5,2024-07-24 20:31:00,2024-07-24 20:32:00,2024-07-24 20:38:00,2024-07-24 20:42:00
Stuttgart Hbf,ICE 590,Frankfurt(Main)Hbf,3,2024-07-24 20:54:00,False,ICE,-7610672940066525446-2407241846,5,2024-07-24 20:43:00,2024-07-24 20:49:00,2024-07-24 20:51:00,2024-07-24 20:54:00
Stuttgart Hbf,ICE 2411,München Hbf,46,2024-07-24 21:00:00,False,ICE,5224976432653514129-2407241229,14,2024-07-24 20:08:00,2024-07-24 20:55:00,2024-07-24 20:14:00,2024-07-24 21:00:00
Stuttgart Hbf,ICE 2308,Frankfurt(Main)Hbf,2,2024-07-24 22:07:00,False,ICE,993826748729604473-2407241946,5,2024-07-24 21:59:00,2024-07-24 22:00:00,2024-07-24 22:05:00,2024-07-24 22:07:00
Stuttgart Hbf,ICE 560,Karlsruhe Hbf,1,2024-07-24 21:12:00,False,ICE,-1895474681646249837-2407241901,6,2024-07-24 21:03:00,2024-07-24 21:03:00,2024-07-24 21:11:00,2024-07-24 21:12:00
Stuttgart Hbf,ICE 693,München Hbf,3,2024-07-24 21:18:00,False,ICE,-5198077084450588432-2407241524,8,2024-07-24 21:08:00,2024-07-24 21:11:00,2024-07-24 21:15:00,2024-07-24 21:18:00
Stuttgart Hbf,ICE 990,Frankfurt(Main)Hbf,0,2024-07-24 22:51:00,False,ICE,-2320340282101811304-2407242043,6,2024-07-24 22:43:00,2024-07-24 22:42:00,2024-07-24 22:51:00,2024-07-24 22:51:00
Stuttgart Hbf,ICE 698,Berlin Gesundbrunnen,-1,2024-07-25 00:10:00,False,ICE,7108274583246193747-2407242151,5,2024-07-25 00:01:00,2024-07-25 00:00:00,2024-07-25 00:11:00,2024-07-25 00:10:00
Stuttgart Hbf,ICE 618,Köln Hbf,3,2024-07-25 02:25:00,False,ICE,2686007473625185344-2407250007,5,2024-07-25 02:16:00,2024-07-25 02:20:00,2024-07-25 02:22:00,2024-07-25 02:25:00
Stuttgart Hbf,ICE 619,München Hbf,-1,2024-07-25 03:38:00,False,ICE,8701286456892320958-2407242226,5,2024-07-25 03:24:00,2024-07-25 02:49:00,2024-07-25 03:39:00,2024-07-25 03:38:00
Stuttgart Hbf,ICE 699,München Hbf,0,2024-07-25 05:12:00,False,ICE,-7138074359361066746-2407241919,15,2024-07-25 04:52:00,2024-07-25 04:51:00,2024-07-25 05:12:00,2024-07-25 05:12:00
Stuttgart Hbf,ICE 22016,Hamburg-Altona,4,2024-07-25 05:55:00,False,ICE,8488895160366256058-2407250324,5,2024-07-25 05:45:00,2024-07-25 05:50:00,2024-07-25 05:51:00,2024-07-25 05:55:00
Stuttgart Hbf,ICE 1061,München Hbf,1,2024-07-25 05:53:00,False,ICE,5427594935199921006-2407250453,5,2024-07-25 05:45:00,2024-07-25 05:43:00,2024-07-25 05:52:00,2024-07-25 05:53:00
Stuttgart Hbf,ICE 561,München Hbf,1,2024-07-25 06:51:00,False,ICE,-605877143281749034-2407250600,3,2024-07-25 06:44:00,2024-07-25 06:44:00,2024-07-25 06:50:00,2024-07-25 06:51:00
Stuttgart Hbf,ICE 2412,Hamburg-Altona,25,2024-07-25 08:16:00,False,ICE,4340345157597797141-2407250532,5,2024-07-25 07:45:00,2024-07-25 07:58:00,2024-07-25 07:51:00,2024-07-25 08:16:00
Stuttgart Hbf,ICE 991,München Hbf,1,2024-07-25 07:16:00,False,ICE,4178793572863103484-2407250526,5,2024-07-25 07:07:00,2024-07-25 07:07:00,2024-07-25 07:15:00,2024-07-25 07:16:00
Stuttgart Hbf,ICE 2512,Frankfurt(Main)Hbf,5,2024-07-25 08:10:00,False,ICE,-8394972919237501261-2407250543,5,2024-07-25 07:59:00,2024-07-25 08:05:00,2024-07-25 08:05:00,2024-07-25 08:10:00
Stuttgart Hbf,ICE 717,München Hbf,2,2024-07-25 08:01:00,False,ICE,-4746884754763411071-2407250605,4,2024-07-25 07:53:00,2024-07-25 07:53:00,2024-07-25 07:59:00,2024-07-25 08:01:00
Stuttgart Hbf,ICE 1068,Karlsruhe Hbf,3,2024-07-25 07:13:00,False,ICE,1847313071699172804-2407250500,5,2024-07-25 07:04:00,2024-07-25 07:06:00,2024-07-25 07:10:00,2024-07-25 07:13:00
Stuttgart Hbf,ICE 267,München Hbf,0,2024-07-25 08:51:00,True,ICE,9036257144873715932-2407250550,11,2024-07-25 08:45:00,2024-07-25 08:55:00,2024-07-25 08:51:00,2024-07-25 08:51:00
Stuttgart Hbf,ICE 692,Hamburg Hbf,2,2024-07-25 08:53:00,False,ICE,-690776802853422910-2407250641,5,2024-07-25 08:44:00,2024-07-25 08:43:00,2024-07-25 08:51:00,2024-07-25 08:53:00
Stuttgart Hbf,ICE 591,München Hbf,2,2024-07-25 09:17:00,False,ICE,7394330786495536556-2407250705,4,2024-07-25 09:08:00,2024-07-25 09:12:00,2024-07-25 09:15:00,2024-07-25 09:17:00
Stuttgart Hbf,ICE 2510,Frankfurt(Main)Hbf,11,2024-07-25 10:16:00,False,ICE,8355114340284714121-2407250746,5,2024-07-25 09:59:00,2024-07-25 10:12:00,2024-07-25 10:05:00,2024-07-25 10:16:00
Stuttgart Hbf,ICE 2501,München Hbf,1,2024-07-25 10:00:00,False,ICE,-4712900064770768337-2407250801,4,2024-07-25 09:52:00,2024-07-25 09:55:00,2024-07-25 09:59:00,2024-07-25 10:00:00
Stuttgart Hbf,ICE 2410,Hamburg-Altona,4,2024-07-25 09:55:00,False,ICE,3110215159235448756-2407250728,5,2024-07-25 09:45:00,2024-07-25 09:50:00,2024-07-25 09:51:00,2024-07-25 09:55:00
Stuttgart Hbf,ICE 913,München Hbf,4,2024-07-25 09:32:00,False,ICE,9025370439367946468-2407250651,7,2024-07-25 09:22:00,2024-07-25 09:23:00,2024-07-25 09:28:00,2024-07-25 09:32:00
Stuttgart Hbf,ICE 563,München Hbf,2,2024-07-25 10:53:00,False,ICE,7515891464844108057-2407250827,6,2024-07-25 10:45:00,2024-07-25 10:47:00,2024-07-25 10:51:00,2024-07-25 10:53:00
Stuttgart Hbf,ICE 2401,München Hbf,21,2024-07-25 10:35:00,False,ICE,2625137238235520637-2407250011,20,2024-07-25 10:08:00,2024-07-25 10:30:00,2024-07-25 10:14:00,2024-07-25 10:35:00
Stuttgart Hbf,ICE 690,Hamburg Hbf,0,2024-07-25 10:51:00,False,ICE,-2543008509222161707-2407250846,5,2024-07-25 10:43:00,2024-07-25 10:46:00,2024-07-25 10:51:00,2024-07-25 10:51:00
Stuttgart Hbf,ICE 568,Karlsruhe Hbf,7,2024-07-25 11:19:00,False,ICE,-5628776902806503379-2407250903,5,2024-07-25 11:02:00,2024-07-25 11:10:00,2024-07-25 11:12:00,2024-07-25 11:19:00
Stuttgart Hbf,ICE 593,München Hbf,64,2024-07-25 12:19:00,False,ICE,-602704781851165380-2407250514,10,2024-07-25 11:08:00,2024-07-25 12:14:00,2024-07-25 11:15:00,2024-07-25 12:19:00
Stuttgart Hbf,ICE 2503,München Hbf,6,2024-07-25 12:05:00,False,ICE,-1324707288457092225-2407250954,4,2024-07-25 11:53:00,2024-07-25 12:00:00,2024-07-25 11:59:00,2024-07-25 12:05:00
Stuttgart Hbf,ICE 2408,Hamburg-Altona,3,2024-07-25 11:54:00,False,ICE,263505606232155959-2407250927,5,2024-07-25 11:45:00,2024-07-25 11:49:00,2024-07-25 11:51:00,2024-07-25 11:54:00
Stuttgart Hbf,ICE 2508,Frankfurt(Main)Hbf,9,2024-07-25 12:14:00,False,ICE,2118840296672669969-2407250947,5,2024-07-25 11:59:00,2024-07-25 12:04:00,2024-07-25 12:05:00,2024-07-25 12:14:00
Stuttgart Hbf,ICE 565,München Hbf,7,2024-07-25 12:58:00,False,ICE,3705893801311502416-2407251204,3,2024-07-25 12:45:00,2024-07-25 12:50:00,2024-07-25 12:51:00,2024-07-25 12:58:00
Stuttgart Hbf,ICE 1218,Hamburg Hbf,2,2024-07-25 12:53:00,False,ICE,8983673647294408675-2407250840,11,2024-07-25 12:43:00,2024-07-25 12:44:00,2024-07-25 12:51:00,2024-07-25 12:53:00
Stuttgart Hbf,ICE 119,Innsbruck Hbf,19,2024-07-25 13:16:00,False,ICE,1540220838403763332-2407250621,6,2024-07-25 12:48:00,2024-07-25 13:10:00,2024-07-25 12:57:00,2024-07-25 13:16:00
Stuttgart Hbf,ICE 2403,München Hbf,36,2024-07-25 12:50:00,False,ICE,-7180628394858715905-2407250449,12,2024-07-25 12:08:00,2024-07-25 12:45:00,2024-07-25 12:14:00,2024-07-25 12:50:00
Stuttgart Hbf,ICE 2406,Hamburg-Harburg,3,2024-07-25 13:54:00,False,ICE,-8978030187738286064-2407251128,5,2024-07-25 13:45:00,2024-07-25 13:49:00,2024-07-25 13:51:00,2024-07-25 13:54:00
Stuttgart Hbf,ICE 595,München Hbf,73,2024-07-25 14:28:00,False,ICE,5524095712606932700-2407250613,11,2024-07-25 13:08:00,2024-07-25 14:23:00,2024-07-25 13:15:00,2024-07-25 14:28:00
Stuttgart Hbf,ICE 566,Karlsruhe Hbf,5,2024-07-25 13:14:00,False,ICE,-4243685153474784824-2407251103,5,2024-07-25 13:02:00,2024-07-25 13:03:00,2024-07-25 13:09:00,2024-07-25 13:14:00
Stuttgart Hbf,ICE 2506,Frankfurt(Main)Hbf,0,2024-07-25 14:05:00,False,ICE,-3190940513038667025-2407251148,5,2024-07-25 13:59:00,2024-07-25 14:01:00,2024-07-25 14:05:00,2024-07-25 14:05:00
Stuttgart Hbf,ICE 2505,München Hbf,3,2024-07-25 14:02:00,False,ICE,-1386351384940595123-2407251153,4,2024-07-25 13:53:00,2024-07-25 13:56:00,2024-07-25 13:59:00,2024-07-25 14:02:00
Stuttgart Hbf,ICE 118,Berlin Ostbahnhof,9,2024-07-25 15:21:00,False,ICE,-2026324236731915142-2407250854,20,2024-07-25 14:59:00,2024-07-25 15:03:00,2024-07-25 15:12:00,2024-07-25 15:21:00
Stuttgart Hbf,ICE 2405,München Hbf,70,2024-07-25 15:24:00,False,ICE,-5623276319120077997-2407250629,14,2024-07-25 14:08:00,2024-07-25 15:19:00,2024-07-25 14:14:00,2024-07-25 15:24:00
Stuttgart Hbf,ICE 1096,Kiel Hbf,14,2024-07-25 15:05:00,False,ICE,7265904803286392428-2407251247,5,2024-07-25 14:43:00,2024-07-25 15:00:00,2024-07-25 14:51:00,2024-07-25 15:05:00
Stuttgart Hbf,ICE 567,München Hbf,6,2024-07-25 14:57:00,False,ICE,3762301582140299933-2407251404,3,2024-07-25 14:45:00,2024-07-25 14:52:00,2024-07-25 14:51:00,2024-07-25 14:57:00
Stuttgart Hbf,ICE 2504,Frankfurt(Main)Hbf,11,2024-07-25 16:16:00,False,ICE,-3746817127465080930-2407251348,5,2024-07-25 15:59:00,2024-07-25 16:11:00,2024-07-25 16:05:00,2024-07-25 16:16:00
Stuttgart Hbf,ICE 597,München Hbf,16,2024-07-25 15:31:00,False,ICE,2587881461595397233-2407251041,7,2024-07-25 15:08:00,2024-07-25 15:26:00,2024-07-25 15:15:00,2024-07-25 15:31:00
Stuttgart Hbf,ICE 564,Karlsruhe Hbf,1,2024-07-25 15:10:00,False,ICE,-1073960129091467682-2407251303,5,2024-07-25 15:02:00,2024-07-25 15:05:00,2024-07-25 15:09:00,2024-07-25 15:10:00
Stuttgart Hbf,ICE 2507,München Hbf,3,2024-07-25 16:02:00,False,ICE,8807778814697037054-2407251354,4,2024-07-25 15:53:00,2024-07-25 15:58:00,2024-07-25 15:59:00,2024-07-25 16:02:00
Stuttgart Hbf,ICE 2404,Hamburg-Harburg,2,2024-07-25 15:53:00,False,ICE,9027111534189161094-2407251327,5,2024-07-25 15:45:00,2024-07-25 15:48:00,2024-07-25 15:51:00,2024-07-25 15:53:00
Stuttgart Hbf,ICE 569,München Hbf,3,2024-07-25 16:54:00,False,ICE,-7759827436146803415-2407251604,3,2024-07-25 16:45:00,2024-07-25 16:49:00,2024-07-25 16:51:00,2024-07-25 16:54:00
Stuttgart Hbf,ICE 594,Hamburg-Harburg,11,2024-07-25 17:02:00,False,ICE,1140779865956290650-2407251446,5,2024-07-25 16:43:00,2024-07-25 16:44:00,2024-07-25 16:51:00,2024-07-25 17:02:00
Stuttgart Hbf,ICE 2407,München Hbf,67,2024-07-25 17:21:00,False,ICE,-6564341875414589886-2407250829,14,2024-07-25 16:08:00,2024-07-25 17:16:00,2024-07-25 16:14:00,2024-07-25 17:21:00
Stuttgart Hbf,ICE 562,Saarbrücken Hbf,7,2024-07-25 17:15:00,False,ICE,-6869650552962585885-2407251502,5,2024-07-25 17:02:00,2024-07-25 17:06:00,2024-07-25 17:08:00,2024-07-25 17:15:00
Stuttgart Hbf,ICE 2502,Frankfurt(Main)Hbf,5,2024-07-25 18:10:00,False,ICE,-1481309699314519873-2407251547,5,2024-07-25 17:59:00,2024-07-25 18:05:00,2024-07-25 18:05:00,2024-07-25 18:10:00
Stuttgart Hbf,ICE 599,München Hbf,13,2024-07-25 17:27:00,False,ICE,3567808221161966225-2407251124,8,2024-07-25 17:08:00,2024-07-25 17:22:00,2024-07-25 17:14:00,2024-07-25 17:27:00
Stuttgart Hbf,ICE 2402,Dortmund Hbf,16,2024-07-25 18:07:00,False,ICE,-5049952125224097798-2407251528,5,2024-07-25 17:45:00,2024-07-25 18:02:00,2024-07-25 17:51:00,2024-07-25 18:07:00
Stuttgart Hbf,ICE 2509,München Hbf,3,2024-07-25 18:02:00,False,ICE,-8570183957246820181-2407251554,4,2024-07-25 17:52:00,2024-07-25 17:52:00,2024-07-25 17:59:00,2024-07-25 18:02:00
Stuttgart Hbf,ICE 1069,München Hbf,3,2024-07-25 18:54:00,False,ICE,7280991471195430281-2407251804,3,2024-07-25 18:45:00,2024-07-25 18:49:00,2024-07-25 18:51:00,2024-07-25 18:54:00
Stuttgart Hbf,ICE 2409,München Hbf,67,2024-07-25 19:21:00,False,ICE,4921089780310698838-2407251030,14,2024-07-25 18:08:00,2024-07-25 19:16:00,2024-07-25 18:14:00,2024-07-25 19:21:00
Stuttgart Hbf,ICE 592,Frankfurt(Main)Hbf,24,2024-07-25 19:15:00,False,ICE,5089820149948252230-2407251646,5,2024-07-25 18:43:00,2024-07-25 19:10:00,2024-07-25 18:51:00,2024-07-25 19:15:00
Stuttgart Hbf,ICE 2400,Berlin Ostbahnhof,0,2024-07-25 19:51:00,True,ICE,3612321124108775378-2407251728,5,2024-07-25 19:45:00,2024-07-25 19:45:00,2024-07-25 19:51:00,2024-07-25 19:51:00
Stuttgart Hbf,ICE 2500,Frankfurt(Main)Hbf,9,2024-07-25 20:14:00,False,ICE,7958024030493783972-2407251747,5,2024-07-25 19:59:00,2024-07-25 20:03:00,2024-07-25 20:05:00,2024-07-25 20:14:00
Stuttgart Hbf,ICE 2511,München Hbf,2,2024-07-25 20:01:00,False,ICE,-6444941605235901936-2407251747,4,2024-07-25 19:53:00,2024-07-25 19:57:00,2024-07-25 19:59:00,2024-07-25 20:01:00
Stuttgart Hbf,ICE 1211,Innsbruck Hbf,41,2024-07-25 19:56:00,False,ICE,6795498665772062818-2407251324,8,2024-07-25 19:08:00,2024-07-25 19:51:00,2024-07-25 19:15:00,2024-07-25 19:56:00
Stuttgart Hbf,ICE 266,Basel SBB,24,2024-07-25 19:36:00,False,ICE,-2795453744905001153-2407251659,6,2024-07-25 19:02:00,2024-07-25 19:31:00,2024-07-25 19:12:00,2024-07-25 19:36:00
Stuttgart Hbf,ICE 590,Frankfurt(Main)Hbf,1,2024-07-25 20:52:00,False,ICE,-7610672940066525446-2407251846,5,2024-07-25 20:43:00,2024-07-25 20:47:00,2024-07-25 20:51:00,2024-07-25 20:52:00
Stuttgart Hbf,ICE 910,Saarbrücken Hbf,0,2024-07-25 20:38:00,False,ICE,6195485783263057734-2407251828,5,2024-07-25 20:31:00,2024-07-25 20:28:00,2024-07-25 20:38:00,2024-07-25 20:38:00
Stuttgart Hbf,ICE 2411,München Hbf,58,2024-07-25 21:12:00,False,ICE,5224976432653514129-2407251229,14,2024-07-25 20:08:00,2024-07-25 21:03:00,2024-07-25 20:14:00,2024-07-25 21:12:00
Stuttgart Hbf,ICE 560,Karlsruhe Hbf,3,2024-07-25 21:14:00,False,ICE,-1895474681646249837-2407251901,6,2024-07-25 21:03:00,2024-07-25 21:04:00,2024-07-25 21:11:00,2024-07-25 21:14:00
Stuttgart Hbf,ICE 2308,Frankfurt(Main)Hbf,0,2024-07-25 22:05:00,True,ICE,993826748729604473-2407251946,5,2024-07-25 21:59:00,2024-07-25 21:59:00,2024-07-25 22:05:00,2024-07-25 22:05:00
Stuttgart Hbf,ICE 693,München Hbf,37,2024-07-25 21:52:00,False,ICE,-5198077084450588432-2407251524,8,2024-07-25 21:08:00,2024-07-25 21:46:00,2024-07-25 21:15:00,2024-07-25 21:52:00
Stuttgart Hbf,ICE 990,Frankfurt(Main)Hbf,38,2024-07-25 23:29:00,False,ICE,-2320340282101811304-2407252043,6,2024-07-25 22:43:00,2024-07-25 23:24:00,2024-07-25 22:51:00,2024-07-25 23:29:00
Stuttgart Hbf,ICE 698,Berlin Gesundbrunnen,2,2024-07-26 00:13:00,False,ICE,7108274583246193747-2407252151,5,2024-07-26 00:01:00,2024-07-26 00:05:00,2024-07-26 00:11:00,2024-07-26 00:13:00
Stuttgart Hbf,ICE 618,Köln Hbf,29,2024-07-26 02:51:00,False,ICE,2686007473625185344-2407260007,5,2024-07-26 02:16:00,2024-07-26 02:46:00,2024-07-26 02:22:00,2024-07-26 02:51:00
Stuttgart Hbf,ICE 619,München Hbf,12,2024-07-26 03:51:00,True,ICE,8701286456892320958-2407252247,5,2024-07-26 03:24:00,2024-07-26 03:15:00,2024-07-26 03:39:00,2024-07-26 03:51:00
Stuttgart Hbf,ICE 699,München Hbf,4,2024-07-26 05:16:00,False,ICE,-7138074359361066746-2407251919,15,2024-07-26 04:52:00,2024-07-26 05:11:00,2024-07-26 05:12:00,2024-07-26 05:16:00
Stuttgart Hbf,ICE 22016,Hamburg-Altona,0,2024-07-26 05:51:00,False,ICE,8488895160366256058-2407260312,5,2024-07-26 05:45:00,2024-07-26 05:44:00,2024-07-26 05:51:00,2024-07-26 05:51:00
Stuttgart Hbf,ICE 1061,München Hbf,0,2024-07-26 05:52:00,False,ICE,5427594935199921006-2407260453,5,2024-07-26 05:45:00,2024-07-26 05:43:00,2024-07-26 05:52:00,2024-07-26 05:52:00
Stuttgart Hbf,ICE 561,München Hbf,1,2024-07-26 06:51:00,False,ICE,-605877143281749034-2407260600,3,2024-07-26 06:44:00,2024-07-26 06:44:00,2024-07-26 06:50:00,2024-07-26 06:51:00
Stuttgart Hbf,ICE 991,München Hbf,1,2024-07-26 07:16:00,False,ICE,4178793572863103484-2407260526,5,2024-07-26 07:07:00,2024-07-26 07:08:00,2024-07-26 07:15:00,2024-07-26 07:16:00
Stuttgart Hbf,ICE 1068,Karlsruhe Hbf,0,2024-07-26 07:10:00,False,ICE,1847313071699172804-2407260500,5,2024-07-26 07:04:00,2024-07-26 06:59:00,2024-07-26 07:10:00,2024-07-26 07:10:00
Stuttgart Hbf,ICE 2512,Frankfurt(Main)Hbf,2,2024-07-26 08:07:00,False,ICE,-8394972919237501261-2407260543,5,2024-07-26 07:59:00,2024-07-26 08:02:00,2024-07-26 08:05:00,2024-07-26 08:07:00
Stuttgart Hbf,ICE 717,München Hbf,5,2024-07-26 08:04:00,False,ICE,-4746884754763411071-2407260605,4,2024-07-26 07:53:00,2024-07-26 07:59:00,2024-07-26 07:59:00,2024-07-26 08:04:00
Stuttgart Hbf,ICE 2412,Hamburg-Altona,2,2024-07-26 07:53:00,False,ICE,4340345157597797141-2407260532,5,2024-07-26 07:45:00,2024-07-26 07:46:00,2024-07-26 07:51:00,2024-07-26 07:53:00
Stuttgart Hbf,ICE 267,München Hbf,4,2024-07-26 08:55:00,False,ICE,9036257144873715932-2407260550,11,2024-07-26 08:45:00,2024-07-26 08:49:00,2024-07-26 08:51:00,2024-07-26 08:55:00
Stuttgart Hbf,ICE 692,Hamburg Hbf,2,2024-07-26 08:53:00,False,ICE,-690776802853422910-2407260641,5,2024-07-26 08:44:00,2024-07-26 08:48:00,2024-07-26 08:51:00,2024-07-26 08:53:00
Stuttgart Hbf,ICE 2410,Hamburg-Altona,8,2024-07-26 09:59:00,False,ICE,3110215159235448756-2407260728,5,2024-07-26 09:45:00,2024-07-26 09:54:00,2024-07-26 09:51:00,2024-07-26 09:59:00
Stuttgart Hbf,ICE 913,München Hbf,2,2024-07-26 09:30:00,False,ICE,9025370439367946468-2407260651,7,2024-07-26 09:22:00,2024-07-26 09:23:00,2024-07-26 09:28:00,2024-07-26 09:30:00
Stuttgart Hbf,ICE 2501,München Hbf,0,2024-07-26 09:59:00,False,ICE,-4712900064770768337-2407260801,4,2024-07-26 09:52:00,2024-07-26 09:49:00,2024-07-26 09:59:00,2024-07-26 09:59:00
Stuttgart Hbf,ICE 591,München Hbf,1,2024-07-26 09:16:00,False,ICE,7394330786495536556-2407260705,4,2024-07-26 09:08:00,2024-07-26 09:11:00,2024-07-26 09:15:00,2024-07-26 09:16:00
Stuttgart Hbf,ICE 2510,Frankfurt(Main)Hbf,7,2024-07-26 10:12:00,False,ICE,8355114340284714121-2407260746,5,2024-07-26 09:59:00,2024-07-26 10:07:00,2024-07-26 10:05:00,2024-07-26 10:12:00
Stuttgart Hbf,ICE 563,München Hbf,1,2024-07-26 10:52:00,False,ICE,7515891464844108057-2407260827,6,2024-07-26 10:45:00,2024-07-26 10:45:00,2024-07-26 10:51:00,2024-07-26 10:52:00
Stuttgart Hbf,ICE 2401,München Hbf,24,2024-07-26 10:38:00,False,ICE,2625137238235520637-2407260011,20,2024-07-26 10:08:00,2024-07-26 10:33:00,2024-07-26 10:14:00,2024-07-26 10:38:00
Stuttgart Hbf,ICE 690,Hamburg Hbf,1,2024-07-26 10:52:00,False,ICE,-2543008509222161707-2407260846,5,2024-07-26 10:43:00,2024-07-26 10:42:00,2024-07-26 10:51:00,2024-07-26 10:52:00
Stuttgart Hbf,ICE 593,München Hbf,1,2024-07-26 11:16:00,False,ICE,-602704781851165380-2407260514,10,2024-07-26 11:08:00,2024-07-26 11:11:00,2024-07-26 11:15:00,2024-07-26 11:16:00
Stuttgart Hbf,ICE 568,Karlsruhe Hbf,2,2024-07-26 11:14:00,False,ICE,-5628776902806503379-2407260903,5,2024-07-26 11:02:00,2024-07-26 11:02:00,2024-07-26 11:12:00,2024-07-26 11:14:00
Stuttgart Hbf,ICE 2408,Hamburg-Altona,3,2024-07-26 11:54:00,False,ICE,263505606232155959-2407260927,5,2024-07-26 11:45:00,2024-07-26 11:49:00,2024-07-26 11:51:00,2024-07-26 11:54:00
Stuttgart Hbf,ICE 2508,Frankfurt(Main)Hbf,11,2024-07-26 12:16:00,False,ICE,2118840296672669969-2407260947,5,2024-07-26 11:59:00,2024-07-26 12:10:00,2024-07-26 12:05:00,2024-07-26 12:16:00
Stuttgart Hbf,ICE 2503,München Hbf,0,2024-07-26 11:59:00,False,ICE,-1324707288457092225-2407260954,4,2024-07-26 11:53:00,2024-07-26 11:52:00,2024-07-26 11:59:00,2024-07-26 11:59:00
Stuttgart Hbf,ICE 565,München Hbf,3,2024-07-26 12:54:00,False,ICE,3705893801311502416-2407261204,3,2024-07-26 12:45:00,2024-07-26 12:49:00,2024-07-26 12:51:00,2024-07-26 12:54:00
Stuttgart Hbf,ICE 2403,München Hbf,29,2024-07-26 12:43:00,False,ICE,-7180628394858715905-2407260449,12,2024-07-26 12:08:00,2024-07-26 12:38:00,2024-07-26 12:14:00,2024-07-26 12:43:00
Stuttgart Hbf,ICE 119,Innsbruck Hbf,2,2024-07-26 12:59:00,False,ICE,1540220838403763332-2407260621,6,2024-07-26 12:48:00,2024-07-26 12:54:00,2024-07-26 12:57:00,2024-07-26 12:59:00
Stuttgart Hbf,ICE 1218,Hamburg Hbf,1,2024-07-26 12:52:00,False,ICE,8983673647294408675-2407260840,11,2024-07-26 12:43:00,2024-07-26 12:43:00,2024-07-26 12:51:00,2024-07-26 12:52:00
Stuttgart Hbf,ICE 2505,München Hbf,1,2024-07-26 14:00:00,False,ICE,-1386351384940595123-2407261153,4,2024-07-26 13:53:00,2024-07-26 13:56:00,2024-07-26 13:59:00,2024-07-26 14:00:00
Stuttgart Hbf,ICE 595,München Hbf,2,2024-07-26 13:17:00,False,ICE,5524095712606932700-2407260613,11,2024-07-26 13:08:00,2024-07-26 13:11:00,2024-07-26 13:15:00,2024-07-26 13:17:00
Stuttgart Hbf,ICE 2406,Hamburg-Harburg,0,2024-07-26 13:51:00,False,ICE,-8978030187738286064-2407261128,5,2024-07-26 13:45:00,2024-07-26 13:42:00,2024-07-26 13:51:00,2024-07-26 13:51:00
Stuttgart Hbf,ICE 566,Karlsruhe Hbf,0,2024-07-26 13:09:00,False,ICE,-4243685153474784824-2407261103,5,2024-07-26 13:02:00,2024-07-26 13:00:00,2024-07-26 13:09:00,2024-07-26 13:09:00
Stuttgart Hbf,ICE 2506,Frankfurt(Main)Hbf,0,2024-07-26 14:05:00,False,ICE,-3190940513038667025-2407261148,5,2024-07-26 13:59:00,2024-07-26 13:47:00,2024-07-26 14:05:00,2024-07-26 14:05:00
Stuttgart Hbf,ICE 1096,Kiel Hbf,1,2024-07-26 14:52:00,False,ICE,7265904803286392428-2407261247,5,2024-07-26 14:43:00,2024-07-26 14:47:00,2024-07-26 14:51:00,2024-07-26 14:52:00
Stuttgart Hbf,ICE 118,Berlin Ostbahnhof,1,2024-07-26 15:13:00,False,ICE,-2026324236731915142-2407260854,20,2024-07-26 14:59:00,2024-07-26 15:01:00,2024-07-26 15:12:00,2024-07-26 15:13:00
Stuttgart Hbf,ICE 567,München Hbf,3,2024-07-26 14:54:00,False,ICE,3762301582140299933-2407261404,3,2024-07-26 14:45:00,2024-07-26 14:49:00,2024-07-26 14:51:00,2024-07-26 14:54:00
Stuttgart Hbf,ICE 2405,München Hbf,65,2024-07-26 15:19:00,False,ICE,-5623276319120077997-2407260629,14,2024-07-26 14:08:00,2024-07-26 15:14:00,2024-07-26 14:14:00,2024-07-26 15:19:00
Stuttgart Hbf,ICE 564,Karlsruhe Hbf,5,2024-07-26 15:14:00,False,ICE,-1073960129091467682-2407261303,5,2024-07-26 15:02:00,2024-07-26 15:09:00,2024-07-26 15:09:00,2024-07-26 15:14:00
Stuttgart Hbf,ICE 2504,Frankfurt(Main)Hbf,13,2024-07-26 16:18:00,False,ICE,-3746817127465080930-2407261348,5,2024-07-26 15:59:00,2024-07-26 16:13:00,2024-07-26 16:05:00,2024-07-26 16:18:00
Stuttgart Hbf,ICE 597,München Hbf,1,2024-07-26 15:16:00,False,ICE,434865117917205190-2407260924,8,2024-07-26 15:08:00,2024-07-26 15:08:00,2024-07-26 15:15:00,2024-07-26 15:16:00
Stuttgart Hbf,ICE 2404,Hamburg-Harburg,20,2024-07-26 16:11:00,False,ICE,9027111534189161094-2407261327,5,2024-07-26 15:45:00,2024-07-26 16:06:00,2024-07-26 15:51:00,2024-07-26 16:11:00
Stuttgart Hbf,ICE 2507,München Hbf,0,2024-07-26 15:59:00,False,ICE,8807778814697037054-2407261354,4,2024-07-26 15:53:00,2024-07-26 15:51:00,2024-07-26 15:59:00,2024-07-26 15:59:00
Stuttgart Hbf,ICE 594,Hamburg-Harburg,1,2024-07-26 16:52:00,False,ICE,1140779865956290650-2407261446,5,2024-07-26 16:43:00,2024-07-26 16:47:00,2024-07-26 16:51:00,2024-07-26 16:52:00
Stuttgart Hbf,ICE 569,München Hbf,5,2024-07-26 16:56:00,False,ICE,-7759827436146803415-2407261604,3,2024-07-26 16:45:00,2024-07-26 16:51:00,2024-07-26 16:51:00,2024-07-26 16:56:00
Stuttgart Hbf,ICE 2407,München Hbf,38,2024-07-26 16:52:00,False,ICE,-6564341875414589886-2407260829,14,2024-07-26 16:08:00,2024-07-26 16:46:00,2024-07-26 16:14:00,2024-07-26 16:52:00
Stuttgart Hbf,ICE 562,Saarbrücken Hbf,3,2024-07-26 17:11:00,False,ICE,-6869650552962585885-2407261502,5,2024-07-26 17:02:00,2024-07-26 17:04:00,2024-07-26 17:08:00,2024-07-26 17:11:00
Stuttgart Hbf,ICE 599,München Hbf,0,2024-07-26 17:14:00,False,ICE,3567808221161966225-2407261124,8,2024-07-26 17:08:00,2024-07-26 17:07:00,2024-07-26 17:14:00,2024-07-26 17:14:00
Stuttgart Hbf,ICE 2509,München Hbf,1,2024-07-26 18:00:00,False,ICE,-8570183957246820181-2407261554,4,2024-07-26 17:52:00,2024-07-26 17:51:00,2024-07-26 17:59:00,2024-07-26 18:00:00
Stuttgart Hbf,ICE 2402,Dortmund Hbf,0,2024-07-26 17:51:00,True,ICE,-5049952125224097798-2407261528,5,2024-07-26 17:45:00,2024-07-26 17:45:00,2024-07-26 17:51:00,2024-07-26 17:51:00
Stuttgart Hbf,ICE 2502,Frankfurt(Main)Hbf,2,2024-07-26 18:07:00,False,ICE,-1481309699314519873-2407261547,5,2024-07-26 17:59:00,2024-07-26 18:00:00,2024-07-26 18:05:00,2024-07-26 18:07:00
Stuttgart Hbf,ICE 592,Frankfurt(Main)Hbf,1,2024-07-26 18:52:00,False,ICE,5089820149948252230-2407261646,5,2024-07-26 18:43:00,2024-07-26 18:43:00,2024-07-26 18:51:00,2024-07-26 18:52:00
Stuttgart Hbf,ICE 2409,München Hbf,3,2024-07-26 18:17:00,False,ICE,4921089780310698838-2407261030,14,2024-07-26 18:08:00,2024-07-26 18:10:00,2024-07-26 18:14:00,2024-07-26 18:17:00
Stuttgart Hbf,ICE 1069,München Hbf,3,2024-07-26 18:54:00,False,ICE,7280991471195430281-2407261804,3,2024-07-26 18:45:00,2024-07-26 18:47:00,2024-07-26 18:51:00,2024-07-26 18:54:00
Stuttgart Hbf,ICE 2400,Berlin Ostbahnhof,0,2024-07-26 19:51:00,True,ICE,3612321124108775378-2407261728,5,2024-07-26 19:45:00,2024-07-26 19:45:00,2024-07-26 19:51:00,2024-07-26 19:51:00
Stuttgart Hbf,ICE 2500,Frankfurt(Main)Hbf,34,2024-07-26 20:39:00,False,ICE,7958024030493783972-2407261747,5,2024-07-26 19:59:00,2024-07-26 20:34:00,2024-07-26 20:05:00,2024-07-26 20:39:00
Stuttgart Hbf,ICE 2511,München Hbf,19,2024-07-26 20:18:00,False,ICE,-6444941605235901936-2407261747,4,2024-07-26 19:53:00,2024-07-26 19:54:00,2024-07-26 19:59:00,2024-07-26 20:18:00
Stuttgart Hbf,ICE 266,Basel SBB,2,2024-07-26 19:14:00,False,ICE,-2795453744905001153-2407261659,6,2024-07-26 19:02:00,2024-07-26 19:03:00,2024-07-26 19:12:00,2024-07-26 19:14:00
Stuttgart Hbf,ICE 1211,Innsbruck Hbf,1,2024-07-26 19:16:00,False,ICE,6795498665772062818-2407261324,8,2024-07-26 19:08:00,2024-07-26 19:09:00,2024-07-26 19:15:00,2024-07-26 19:16:00
Stuttgart Hbf,ICE 590,Frankfurt(Main)Hbf,3,2024-07-26 20:54:00,False,ICE,-7610672940066525446-2407261846,5,2024-07-26 20:43:00,2024-07-26 20:49:00,2024-07-26 20:51:00,2024-07-26 20:54:00
Stuttgart Hbf,ICE 910,Saarbrücken Hbf,11,2024-07-26 20:49:00,False,ICE,6195485783263057734-2407261828,5,2024-07-26 20:31:00,2024-07-26 20:43:00,2024-07-26 20:38:00,2024-07-26 20:49:00
Stuttgart Hbf,ICE 2411,München Hbf,11,2024-07-26 20:25:00,False,ICE,5224976432653514129-2407261229,14,2024-07-26 20:08:00,2024-07-26 20:20:00,2024-07-26 20:14:00,2024-07-26 20:25:00
Stuttgart Hbf,ICE 2308,Frankfurt(Main)Hbf,0,2024-07-26 22:05:00,True,ICE,993826748729604473-2407261946,5,2024-07-26 21:59:00,2024-07-26 21:59:00,2024-07-26 22:05:00,2024-07-26 22:05:00
Stuttgart Hbf,ICE 560,Karlsruhe Hbf,1,2024-07-26 21:12:00,False,ICE,-1895474681646249837-2407261901,6,2024-07-26 21:03:00,2024-07-26 21:07:00,2024-07-26 21:11:00,2024-07-26 21:12:00
Stuttgart Hbf,ICE 693,München Hbf,2,2024-07-26 21:17:00,False,ICE,-5198077084450588432-2407261524,8,2024-07-26 21:08:00,2024-07-26 21:10:00,2024-07-26 21:15:00,2024-07-26 21:17:00
Stuttgart Hbf,ICE 990,Frankfurt(Main)Hbf,3,2024-07-26 22:54:00,False,ICE,-2320340282101811304-2407262043,5,2024-07-26 22:43:00,2024-07-26 22:44:00,2024-07-26 22:51:00,2024-07-26 22:54:00
Stuttgart Hbf,ICE 695,München Hbf,59,2024-07-27 00:14:00,False,ICE,362679773391941489-2407261724,8,2024-07-26 23:08:00,2024-07-27 00:06:00,2024-07-26 23:15:00,2024-07-27 00:14:00
Stuttgart Hbf,ICE 698,Berlin Ostbahnhof,0,2024-07-27 00:11:00,False,ICE,7108274583246193747-2407262151,4,2024-07-27 00:01:00,2024-07-27 00:04:00,2024-07-27 00:11:00,2024-07-27 00:11:00
Stuttgart Hbf,ICE 618,Köln Hbf,2,2024-07-27 02:24:00,False,ICE,2686007473625185344-2407270007,4,2024-07-27 02:16:00,2024-07-27 02:19:00,2024-07-27 02:22:00,2024-07-27 02:24:00
Stuttgart Hbf,ICE 619,München Hbf,6,2024-07-27 03:45:00,False,ICE,8701286456892320958-2407262247,5,2024-07-27 03:24:00,2024-07-27 03:32:00,2024-07-27 03:39:00,2024-07-27 03:45:00
Stuttgart Hbf,ICE 699,München Hbf,-1,2024-07-27 05:11:00,False,ICE,-7138074359361066746-2407261819,14,2024-07-27 04:52:00,2024-07-27 04:49:00,2024-07-27 05:12:00,2024-07-27 05:11:00
Stuttgart Hbf,ICE 1061,München Hbf,3,2024-07-27 05:55:00,False,ICE,5427594935199921006-2407270453,5,2024-07-27 05:45:00,2024-07-27 05:48:00,2024-07-27 05:52:00,2024-07-27 05:55:00
Stuttgart Hbf,ICE 22016,Hamburg-Altona,0,2024-07-27 05:51:00,False,ICE,8488895160366256058-2407270314,5,2024-07-27 05:45:00,2024-07-27 05:43:00,2024-07-27 05:51:00,2024-07-27 05:51:00
Stuttgart Hbf,ICE 991,München Hbf,4,2024-07-27 07:19:00,False,ICE,4178793572863103484-2407270526,5,2024-07-27 07:07:00,2024-07-27 07:14:00,2024-07-27 07:15:00,2024-07-27 07:19:00
Stuttgart Hbf,ICE 1068,Karlsruhe Hbf,0,2024-07-27 07:10:00,False,ICE,1847313071699172804-2407270500,5,2024-07-27 07:04:00,2024-07-27 07:03:00,2024-07-27 07:10:00,2024-07-27 07:10:00
Stuttgart Hbf,ICE 2512,Frankfurt(Main)Hbf,1,2024-07-27 08:06:00,False,ICE,-8394972919237501261-2407270543,5,2024-07-27 07:59:00,2024-07-27 07:59:00,2024-07-27 08:05:00,2024-07-27 08:06:00
Stuttgart Hbf,ICE 2412,Hamburg-Altona,0,2024-07-27 07:51:00,False,ICE,4340345157597797141-2407270532,5,2024-07-27 07:45:00,2024-07-27 07:44:00,2024-07-27 07:51:00,2024-07-27 07:51:00
Stuttgart Hbf,ICE 717,München Hbf,17,2024-07-27 08:16:00,False,ICE,-4746884754763411071-2407270605,4,2024-07-27 07:53:00,2024-07-27 08:11:00,2024-07-27 07:59:00,2024-07-27 08:16:00
Stuttgart Hbf,ICE 267,München Hbf,9,2024-07-27 09:00:00,False,ICE,9036257144873715932-2407270550,11,2024-07-27 08:45:00,2024-07-27 08:55:00,2024-07-27 08:51:00,2024-07-27 09:00:00
Stuttgart Hbf,ICE 692,Hamburg Hbf,0,2024-07-27 08:51:00,False,ICE,-690776802853422910-2407270641,5,2024-07-27 08:44:00,2024-07-27 08:44:00,2024-07-27 08:51:00,2024-07-27 08:51:00
Stuttgart Hbf,ICE 2501,München Hbf,2,2024-07-27 10:01:00,False,ICE,-4712900064770768337-2407270801,4,2024-07-27 09:52:00,2024-07-27 09:56:00,2024-07-27 09:59:00,2024-07-27 10:01:00
Stuttgart Hbf,ICE 2510,Frankfurt(Main)Hbf,7,2024-07-27 10:12:00,False,ICE,8355114340284714121-2407270746,5,2024-07-27 09:59:00,2024-07-27 10:06:00,2024-07-27 10:05:00,2024-07-27 10:12:00
Stuttgart Hbf,ICE 913,München Hbf,9,2024-07-27 09:37:00,False,ICE,9025370439367946468-2407270651,7,2024-07-27 09:22:00,2024-07-27 09:23:00,2024-07-27 09:28:00,2024-07-27 09:37:00
Stuttgart Hbf,ICE 2410,Hamburg-Altona,17,2024-07-27 10:08:00,False,ICE,3110215159235448756-2407270728,5,2024-07-27 09:45:00,2024-07-27 09:50:00,2024-07-27 09:51:00,2024-07-27 10:08:00
Stuttgart Hbf,ICE 591,München Hbf,3,2024-07-27 09:18:00,False,ICE,7394330786495536556-2407270705,4,2024-07-27 09:08:00,2024-07-27 09:13:00,2024-07-27 09:15:00,2024-07-27 09:18:00
Stuttgart Hbf,ICE 690,Hamburg Hbf,3,2024-07-27 10:54:00,False,ICE,-2543008509222161707-2407270846,5,2024-07-27 10:43:00,2024-07-27 10:45:00,2024-07-27 10:51:00,2024-07-27 10:54:00
Stuttgart Hbf,ICE 563,München Hbf,2,2024-07-27 10:53:00,False,ICE,7515891464844108057-2407270827,6,2024-07-27 10:45:00,2024-07-27 10:45:00,2024-07-27 10:51:00,2024-07-27 10:53:00
Stuttgart Hbf,ICE 2401,München Hbf,3,2024-07-27 10:17:00,False,ICE,2625137238235520637-2407270011,20,2024-07-27 10:08:00,2024-07-27 10:11:00,2024-07-27 10:14:00,2024-07-27 10:17:00
Stuttgart Hbf,ICE 2503,München Hbf,3,2024-07-27 12:02:00,False,ICE,-1324707288457092225-2407270954,4,2024-07-27 11:53:00,2024-07-27 11:57:00,2024-07-27 11:59:00,2024-07-27 12:02:00
Stuttgart Hbf,ICE 2508,Frankfurt(Main)Hbf,17,2024-07-27 12:22:00,False,ICE,2118840296672669969-2407270947,5,2024-07-27 11:59:00,2024-07-27 12:09:00,2024-07-27 12:05:00,2024-07-27 12:22:00
Stuttgart Hbf,ICE 2408,Hamburg-Altona,3,2024-07-27 11:54:00,False,ICE,263505606232155959-2407270927,5,2024-07-27 11:45:00,2024-07-27 11:48:00,2024-07-27 11:51:00,2024-07-27 11:54:00
Stuttgart Hbf,ICE 568,Karlsruhe Hbf,2,2024-07-27 11:14:00,False,ICE,-5628776902806503379-2407270903,5,2024-07-27 11:02:00,2024-07-27 11:05:00,2024-07-27 11:12:00,2024-07-27 11:14:00
Stuttgart Hbf,ICE 593,München Hbf,37,2024-07-27 11:52:00,False,ICE,-602704781851165380-2407270514,10,2024-07-27 11:08:00,2024-07-27 11:47:00,2024-07-27 11:15:00,2024-07-27 11:52:00
Stuttgart Hbf,ICE 1218,Hamburg Hbf,-1,2024-07-27 12:50:00,False,ICE,8983673647294408675-2407270840,11,2024-07-27 12:43:00,2024-07-27 12:41:00,2024-07-27 12:51:00,2024-07-27 12:50:00
Stuttgart Hbf,ICE 565,München Hbf,2,2024-07-27 12:53:00,False,ICE,3705893801311502416-2407271204,3,2024-07-27 12:45:00,2024-07-27 12:48:00,2024-07-27 12:51:00,2024-07-27 12:53:00
Stuttgart Hbf,ICE 2403,München Hbf,3,2024-07-27 12:17:00,False,ICE,-7180628394858715905-2407270449,12,2024-07-27 12:08:00,2024-07-27 12:11:00,2024-07-27 12:14:00,2024-07-27 12:17:00
Stuttgart Hbf,ICE 119,Innsbruck Hbf,0,2024-07-27 12:57:00,False,ICE,1540220838403763332-2407270621,6,2024-07-27 12:48:00,2024-07-27 12:51:00,2024-07-27 12:57:00,2024-07-27 12:57:00
Stuttgart Hbf,ICE 2506,Frankfurt(Main)Hbf,3,2024-07-27 14:08:00,False,ICE,-3190940513038667025-2407271148,5,2024-07-27 13:59:00,2024-07-27 14:02:00,2024-07-27 14:05:00,2024-07-27 14:08:00
Stuttgart Hbf,ICE 566,Karlsruhe Hbf,1,2024-07-27 13:10:00,False,ICE,-4243685153474784824-2407271103,5,2024-07-27 13:02:00,2024-07-27 13:00:00,2024-07-27 13:09:00,2024-07-27 13:10:00
Stuttgart Hbf,ICE 595,München Hbf,4,2024-07-27 13:19:00,False,ICE,5524095712606932700-2407270613,11,2024-07-27 13:08:00,2024-07-27 13:14:00,2024-07-27 13:15:00,2024-07-27 13:19:00
Stuttgart Hbf,ICE 2505,München Hbf,3,2024-07-27 14:02:00,False,ICE,-1386351384940595123-2407271153,4,2024-07-27 13:53:00,2024-07-27 13:53:00,2024-07-27 13:59:00,2024-07-27 14:02:00
Stuttgart Hbf,ICE 2406,Hamburg-Harburg,0,2024-07-27 13:51:00,False,ICE,-8978030187738286064-2407271128,5,2024-07-27 13:45:00,2024-07-27 13:47:00,2024-07-27 13:51:00,2024-07-27 13:51:00
Stuttgart Hbf,ICE 567,München Hbf,18,2024-07-27 15:09:00,False,ICE,3762301582140299933-2407271404,3,2024-07-27 14:45:00,2024-07-27 15:04:00,2024-07-27 14:51:00,2024-07-27 15:09:00
Stuttgart Hbf,ICE 2405,München Hbf,10,2024-07-27 14:24:00,False,ICE,-5623276319120077997-2407270629,14,2024-07-27 14:08:00,2024-07-27 14:20:00,2024-07-27 14:14:00,2024-07-27 14:24:00
Stuttgart Hbf,ICE 118,Berlin Ostbahnhof,3,2024-07-27 15:15:00,False,ICE,-2026324236731915142-2407270854,20,2024-07-27 14:59:00,2024-07-27 15:01:00,2024-07-27 15:12:00,2024-07-27 15:15:00
Stuttgart Hbf,ICE 1096,Hamburg Hbf,5,2024-07-27 14:56:00,False,ICE,7265904803286392428-2407271247,5,2024-07-27 14:43:00,2024-07-27 14:51:00,2024-07-27 14:51:00,2024-07-27 14:56:00
Stuttgart Hbf,ICE 2404,Hamburg-Harburg,2,2024-07-27 15:53:00,False,ICE,9027111534189161094-2407271327,5,2024-07-27 15:45:00,2024-07-27 15:46:00,2024-07-27 15:51:00,2024-07-27 15:53:00
Stuttgart Hbf,ICE 597,München Hbf,40,2024-07-27 15:55:00,False,ICE,434865117917205190-2407270924,8,2024-07-27 15:08:00,2024-07-27 15:45:00,2024-07-27 15:15:00,2024-07-27 15:55:00
Stuttgart Hbf,ICE 564,Karlsruhe Hbf,1,2024-07-27 15:10:00,False,ICE,-1073960129091467682-2407271303,5,2024-07-27 15:02:00,2024-07-27 15:05:00,2024-07-27 15:09:00,2024-07-27 15:10:00
Stuttgart Hbf,ICE 2504,Frankfurt(Main)Hbf,3,2024-07-27 16:08:00,False,ICE,-3746817127465080930-2407271348,5,2024-07-27 15:59:00,2024-07-27 16:01:00,2024-07-27 16:05:00,2024-07-27 16:08:00
Stuttgart Hbf,ICE 2507,München Hbf,5,2024-07-27 16:04:00,False,ICE,8807778814697037054-2407271354,4,2024-07-27 15:53:00,2024-07-27 15:59:00,2024-07-27 15:59:00,2024-07-27 16:04:00
Stuttgart Hbf,ICE 2407,München Hbf,32,2024-07-27 16:46:00,False,ICE,-6564341875414589886-2407270829,14,2024-07-27 16:08:00,2024-07-27 16:31:00,2024-07-27 16:14:00,2024-07-27 16:46:00
Stuttgart Hbf,ICE 569,München Hbf,1,2024-07-27 16:52:00,False,ICE,-7759827436146803415-2407271604,3,2024-07-27 16:45:00,2024-07-27 16:47:00,2024-07-27 16:51:00,2024-07-27 16:52:00
Stuttgart Hbf,ICE 594,Hamburg-Harburg,3,2024-07-27 16:54:00,False,ICE,1140779865956290650-2407271446,5,2024-07-27 16:43:00,2024-07-27 16:49:00,2024-07-27 16:51:00,2024-07-27 16:54:00
Stuttgart Hbf,ICE 2502,Frankfurt(Main)Hbf,2,2024-07-27 18:07:00,False,ICE,-1481309699314519873-2407271547,5,2024-07-27 17:59:00,2024-07-27 18:02:00,2024-07-27 18:05:00,2024-07-27 18:07:00
Stuttgart Hbf,ICE 562,Saarbrücken Hbf,0,2024-07-27 17:08:00,False,ICE,-6869650552962585885-2407271502,5,2024-07-27 17:02:00,2024-07-27 17:00:00,2024-07-27 17:08:00,2024-07-27 17:08:00
Stuttgart Hbf,ICE 2509,München Hbf,4,2024-07-27 18:03:00,False,ICE,-8570183957246820181-2407271554,4,2024-07-27 17:52:00,2024-07-27 17:58:00,2024-07-27 17:59:00,2024-07-27 18:03:00
Stuttgart Hbf,ICE 599,München Hbf,0,2024-07-27 17:14:00,True,ICE,3567808221161966225-2407271124,8,2024-07-27 17:08:00,2024-07-27 17:08:00,2024-07-27 17:14:00,2024-07-27 17:14:00
Stuttgart Hbf,ICE 2402,Dortmund Hbf,3,2024-07-27 17:54:00,False,ICE,-5049952125224097798-2407271528,5,2024-07-27 17:45:00,2024-07-27 17:49:00,2024-07-27 17:51:00,2024-07-27 17:54:00
Stuttgart Hbf,ICE 1069,München Hbf,7,2024-07-27 18:58:00,False,ICE,7280991471195430281-2407271804,3,2024-07-27 18:45:00,2024-07-27 18:49:00,2024-07-27 18:51:00,2024-07-27 18:58:00
Stuttgart Hbf,ICE 592,Frankfurt(Main)Hbf,0,2024-07-27 18:51:00,False,ICE,5089820149948252230-2407271646,5,2024-07-27 18:43:00,2024-07-27 18:42:00,2024-07-27 18:51:00,2024-07-27 18:51:00
Stuttgart Hbf,ICE 2409,München Hbf,10,2024-07-27 18:24:00,False,ICE,-2993327997757602463-2407271057,11,2024-07-27 18:08:00,2024-07-27 18:19:00,2024-07-27 18:14:00,2024-07-27 18:24:00
Stuttgart Hbf,ICE 2400,Berlin Ostbahnhof,0,2024-07-27 19:51:00,True,ICE,3612321124108775378-2407271728,5,2024-07-27 19:45:00,2024-07-27 19:45:00,2024-07-27 19:51:00,2024-07-27 19:51:00
Stuttgart Hbf,ICE 1211,Innsbruck Hbf,2,2024-07-27 19:17:00,False,ICE,6795498665772062818-2407271324,8,2024-07-27 19:08:00,2024-07-27 19:09:00,2024-07-27 19:15:00,2024-07-27 19:17:00
Stuttgart Hbf,ICE 2511,München Hbf,1,2024-07-27 20:00:00,False,ICE,-6444941605235901936-2407271747,4,2024-07-27 19:53:00,2024-07-27 19:53:00,2024-07-27 19:59:00,2024-07-27 20:00:00
Stuttgart Hbf,ICE 2500,Frankfurt(Main)Hbf,9,2024-07-27 20:14:00,False,ICE,7958024030493783972-2407271747,5,2024-07-27 19:59:00,2024-07-27 20:06:00,2024-07-27 20:05:00,2024-07-27 20:14:00
Stuttgart Hbf,ICE 266,Karlsruhe Hbf,0,2024-07-27 19:12:00,False,ICE,-2795453744905001153-2407271659,6,2024-07-27 19:02:00,2024-07-27 18:58:00,2024-07-27 19:12:00,2024-07-27 19:12:00
Stuttgart Hbf,ICE 910,Saarbrücken Hbf,8,2024-07-27 20:46:00,False,ICE,6195485783263057734-2407271828,5,2024-07-27 20:31:00,2024-07-27 20:36:00,2024-07-27 20:38:00,2024-07-27 20:46:00
Stuttgart Hbf,ICE 590,Frankfurt(Main)Hbf,3,2024-07-27 20:54:00,False,ICE,-7610672940066525446-2407271846,5,2024-07-27 20:43:00,2024-07-27 20:46:00,2024-07-27 20:51:00,2024-07-27 20:54:00
Stuttgart Hbf,ICE 2411,München Hbf,9,2024-07-27 20:23:00,False,ICE,5224976432653514129-2407271229,14,2024-07-27 20:08:00,2024-07-27 20:14:00,2024-07-27 20:14:00,2024-07-27 20:23:00
Stuttgart Hbf,ICE 990,Frankfurt(Main)Hbf,1,2024-07-27 22:52:00,False,ICE,-2320340282101811304-2407272043,5,2024-07-27 22:43:00,2024-07-27 22:45:00,2024-07-27 22:51:00,2024-07-27 22:52:00
Stuttgart Hbf,ICE 695,München Hbf,11,2024-07-27 23:26:00,False,ICE,362679773391941489-2407271724,8,2024-07-27 23:08:00,2024-07-27 23:21:00,2024-07-27 23:15:00,2024-07-27 23:26:00
Stuttgart Hbf,ICE 698,Berlin Ostbahnhof,0,2024-07-28 00:11:00,False,ICE,7108274583246193747-2407272151,4,2024-07-28 00:01:00,2024-07-28 00:05:00,2024-07-28 00:11:00,2024-07-28 00:11:00
Stuttgart Hbf,ICE 618,Köln Hbf,29,2024-07-28 02:51:00,False,ICE,2686007473625185344-2407280001,4,2024-07-28 02:16:00,2024-07-28 02:46:00,2024-07-28 02:22:00,2024-07-28 02:51:00
Stuttgart Hbf,ICE 619,München Hbf,0,2024-07-28 03:39:00,False,ICE,8701286456892320958-2407272247,5,2024-07-28 03:24:00,2024-07-28 03:22:00,2024-07-28 03:39:00,2024-07-28 03:39:00
Stuttgart Hbf,ICE 699,München Hbf,0,2024-07-28 05:12:00,False,ICE,-7138074359361066746-2407271819,14,2024-07-28 04:52:00,2024-07-28 04:50:00,2024-07-28 05:12:00,2024-07-28 05:12:00
Stuttgart Hbf,ICE 22016,Hamburg-Altona,1,2024-07-28 05:52:00,False,ICE,8488895160366256058-2407280315,5,2024-07-28 05:45:00,2024-07-28 05:42:00,2024-07-28 05:51:00,2024-07-28 05:52:00
Stuttgart Hbf,ICE 2512,Frankfurt(Main)Hbf,2,2024-07-28 08:07:00,False,ICE,-8394972919237501261-2407280543,5,2024-07-28 07:59:00,2024-07-28 08:00:00,2024-07-28 08:05:00,2024-07-28 08:07:00
Stuttgart Hbf,ICE 2412,Hamburg-Altona,36,2024-07-28 08:27:00,False,ICE,4340345157597797141-2407280532,5,2024-07-28 07:45:00,2024-07-28 08:22:00,2024-07-28 07:51:00,2024-07-28 08:27:00
Stuttgart Hbf,ICE 717,München Hbf,1,2024-07-28 08:00:00,False,ICE,-4746884754763411071-2407280605,4,2024-07-28 07:53:00,2024-07-28 07:53:00,2024-07-28 07:59:00,2024-07-28 08:00:00
Stuttgart Hbf,ICE 991,München Hbf,5,2024-07-28 07:20:00,False,ICE,-7359570459134542882-2407280630,2,2024-07-28 07:07:00,2024-07-28 07:12:00,2024-07-28 07:15:00,2024-07-28 07:20:00
Stuttgart Hbf,ICE 1068,Karlsruhe Hbf,0,2024-07-28 07:10:00,False,ICE,1847313071699172804-2407280500,5,2024-07-28 07:04:00,2024-07-28 07:04:00,2024-07-28 07:10:00,2024-07-28 07:10:00
Stuttgart Hbf,ICE 267,München Hbf,2,2024-07-28 08:53:00,False,ICE,2699105162572162604-2407280805,3,2024-07-28 08:45:00,2024-07-28 08:46:00,2024-07-28 08:51:00,2024-07-28 08:53:00
Stuttgart Hbf,ICE 692,Hamburg Hbf,15,2024-07-28 09:06:00,False,ICE,-690776802853422910-2407280641,5,2024-07-28 08:44:00,2024-07-28 09:01:00,2024-07-28 08:51:00,2024-07-28 09:06:00
Stuttgart Hbf,ICE 2510,Frankfurt(Main)Hbf,2,2024-07-28 10:07:00,False,ICE,8355114340284714121-2407280746,5,2024-07-28 09:59:00,2024-07-28 10:01:00,2024-07-28 10:05:00,2024-07-28 10:07:00
Stuttgart Hbf,ICE 2410,Hamburg-Altona,4,2024-07-28 09:55:00,False,ICE,3110215159235448756-2407280723,5,2024-07-28 09:45:00,2024-07-28 09:50:00,2024-07-28 09:51:00,2024-07-28 09:55:00
Stuttgart Hbf,ICE 591,München Hbf,3,2024-07-28 09:18:00,False,ICE,7394330786495536556-2407280705,4,2024-07-28 09:08:00,2024-07-28 09:13:00,2024-07-28 09:15:00,2024-07-28 09:18:00
Stuttgart Hbf,ICE 913,München Hbf,3,2024-07-28 09:31:00,False,ICE,9025370439367946468-2407280651,7,2024-07-28 09:22:00,2024-07-28 09:22:00,2024-07-28 09:28:00,2024-07-28 09:31:00
Stuttgart Hbf,ICE 2501,München Hbf,1,2024-07-28 10:00:00,False,ICE,-4712900064770768337-2407280801,4,2024-07-28 09:52:00,2024-07-28 09:51:00,2024-07-28 09:59:00,2024-07-28 10:00:00
Stuttgart Hbf,ICE 690,Hamburg Hbf,15,2024-07-28 11:06:00,False,ICE,-2543008509222161707-2407280846,5,2024-07-28 10:43:00,2024-07-28 10:57:00,2024-07-28 10:51:00,2024-07-28 11:06:00
Stuttgart Hbf,ICE 563,München Hbf,4,2024-07-28 10:55:00,False,ICE,7515891464844108057-2407280827,6,2024-07-28 10:45:00,2024-07-28 10:50:00,2024-07-28 10:51:00,2024-07-28 10:55:00
Stuttgart Hbf,ICE 2401,München Hbf,35,2024-07-28 10:49:00,False,ICE,2625137238235520637-2407280011,20,2024-07-28 10:08:00,2024-07-28 10:39:00,2024-07-28 10:14:00,2024-07-28 10:49:00
Stuttgart Hbf,ICE 593,München Hbf,2,2024-07-28 11:17:00,False,ICE,-602704781851165380-2407280514,10,2024-07-28 11:08:00,2024-07-28 11:08:00,2024-07-28 11:15:00,2024-07-28 11:17:00
Stuttgart Hbf,ICE 2503,München Hbf,0,2024-07-28 11:59:00,False,ICE,-1324707288457092225-2407280954,4,2024-07-28 11:53:00,2024-07-28 11:51:00,2024-07-28 11:59:00,2024-07-28 11:59:00
Stuttgart Hbf,ICE 2508,Frankfurt(Main)Hbf,2,2024-07-28 12:07:00,False,ICE,2118840296672669969-2407280947,5,2024-07-28 11:59:00,2024-07-28 12:00:00,2024-07-28 12:05:00,2024-07-28 12:07:00
Stuttgart Hbf,ICE 2408,Hamburg-Altona,0,2024-07-28 11:51:00,False,ICE,263505606232155959-2407280927,5,2024-07-28 11:45:00,2024-07-28 11:43:00,2024-07-28 11:51:00,2024-07-28 11:51:00
Stuttgart Hbf,ICE 568,Karlsruhe Hbf,2,2024-07-28 11:14:00,False,ICE,-5628776902806503379-2407280903,5,2024-07-28 11:02:00,2024-07-28 11:05:00,2024-07-28 11:12:00,2024-07-28 11:14:00
Stuttgart Hbf,ICE 565,München Hbf,0,2024-07-28 12:51:00,False,ICE,3705893801311502416-2407281204,3,2024-07-28 12:45:00,2024-07-28 12:44:00,2024-07-28 12:51:00,2024-07-28 12:51:00
Stuttgart Hbf,ICE 119,Innsbruck Hbf,1,2024-07-28 12:58:00,False,ICE,1540220838403763332-2407280621,6,2024-07-28 12:48:00,2024-07-28 12:50:00,2024-07-28 12:57:00,2024-07-28 12:58:00
Stuttgart Hbf,ICE 1218,Hamburg Hbf,3,2024-07-28 12:54:00,False,ICE,8983673647294408675-2407280840,11,2024-07-28 12:43:00,2024-07-28 12:49:00,2024-07-28 12:51:00,2024-07-28 12:54:00
Stuttgart Hbf,ICE 2403,München Hbf,2,2024-07-28 12:16:00,False,ICE,-7180628394858715905-2407280449,12,2024-07-28 12:08:00,2024-07-28 12:09:00,2024-07-28 12:14:00,2024-07-28 12:16:00
Stuttgart Hbf,ICE 2406,Hamburg-Harburg,0,2024-07-28 13:51:00,False,ICE,-8978030187738286064-2407281127,5,2024-07-28 13:45:00,2024-07-28 13:44:00,2024-07-28 13:51:00,2024-07-28 13:51:00
Stuttgart Hbf,ICE 2506,Frankfurt(Main)Hbf,2,2024-07-28 14:07:00,False,ICE,-3190940513038667025-2407281148,5,2024-07-28 13:59:00,2024-07-28 14:00:00,2024-07-28 14:05:00,2024-07-28 14:07:00
Stuttgart Hbf,ICE 566,Karlsruhe Hbf,3,2024-07-28 13:12:00,False,ICE,-4243685153474784824-2407281103,5,2024-07-28 13:02:00,2024-07-28 13:07:00,2024-07-28 13:09:00,2024-07-28 13:12:00
Stuttgart Hbf,ICE 2505,München Hbf,0,2024-07-28 13:59:00,False,ICE,-1386351384940595123-2407281153,4,2024-07-28 13:53:00,2024-07-28 13:52:00,2024-07-28 13:59:00,2024-07-28 13:59:00
Stuttgart Hbf,ICE 595,München Hbf,27,2024-07-28 13:42:00,False,ICE,-1022737495770976944-2407280723,8,2024-07-28 13:08:00,2024-07-28 13:12:00,2024-07-28 13:15:00,2024-07-28 13:42:00
Stuttgart Hbf,ICE 567,München Hbf,2,2024-07-28 14:53:00,False,ICE,3762301582140299933-2407281404,3,2024-07-28 14:45:00,2024-07-28 14:47:00,2024-07-28 14:51:00,2024-07-28 14:53:00
Stuttgart Hbf,ICE 2405,München Hbf,2,2024-07-28 14:16:00,False,ICE,-5623276319120077997-2407280629,14,2024-07-28 14:08:00,2024-07-28 14:09:00,2024-07-28 14:14:00,2024-07-28 14:16:00
Stuttgart Hbf,ICE 1096,Kiel Hbf,12,2024-07-28 15:03:00,False,ICE,7265904803286392428-2407281247,5,2024-07-28 14:43:00,2024-07-28 14:58:00,2024-07-28 14:51:00,2024-07-28 15:03:00
Stuttgart Hbf,ICE 118,Berlin Ostbahnhof,1,2024-07-28 15:13:00,False,ICE,-2026324236731915142-2407280854,20,2024-07-28 14:59:00,2024-07-28 15:00:00,2024-07-28 15:12:00,2024-07-28 15:13:00
Stuttgart Hbf,ICE 564,Karlsruhe Hbf,2,2024-07-28 15:11:00,False,ICE,-1073960129091467682-2407281303,5,2024-07-28 15:02:00,2024-07-28 15:03:00,2024-07-28 15:09:00,2024-07-28 15:11:00
Stuttgart Hbf,ICE 2504,Frankfurt(Main)Hbf,0,2024-07-28 16:05:00,False,ICE,-3746817127465080930-2407281348,5,2024-07-28 15:59:00,2024-07-28 15:58:00,2024-07-28 16:05:00,2024-07-28 16:05:00
Stuttgart Hbf,ICE 597,München Hbf,2,2024-07-28 15:17:00,False,ICE,434865117917205190-2407280924,8,2024-07-28 15:08:00,2024-07-28 15:12:00,2024-07-28 15:15:00,2024-07-28 15:17:00
Stuttgart Hbf,ICE 2404,Hamburg-Harburg,2,2024-07-28 15:53:00,False,ICE,9027111534189161094-2407281328,5,2024-07-28 15:45:00,2024-07-28 15:45:00,2024-07-28 15:51:00,2024-07-28 15:53:00
Stuttgart Hbf,ICE 2507,München Hbf,2,2024-07-28 16:01:00,False,ICE,8807778814697037054-2407281354,4,2024-07-28 15:53:00,2024-07-28 15:53:00,2024-07-28 15:59:00,2024-07-28 16:01:00
Stuttgart Hbf,ICE 569,München Hbf,2,2024-07-28 16:53:00,False,ICE,-7759827436146803415-2407281604,3,2024-07-28 16:45:00,2024-07-28 16:48:00,2024-07-28 16:51:00,2024-07-28 16:53:00
Stuttgart Hbf,ICE 594,Hannover Hbf,50,2024-07-28 17:41:00,False,ICE,1140779865956290650-2407281446,5,2024-07-28 16:43:00,2024-07-28 17:26:00,2024-07-28 16:51:00,2024-07-28 17:41:00
Stuttgart Hbf,ICE 2407,München Hbf,4,2024-07-28 16:18:00,False,ICE,-822288663403129292-2407280857,11,2024-07-28 16:08:00,2024-07-28 16:13:00,2024-07-28 16:14:00,2024-07-28 16:18:00
Stuttgart Hbf,ICE 2502,Frankfurt(Main)Hbf,7,2024-07-28 18:12:00,False,ICE,-1481309699314519873-2407281548,5,2024-07-28 17:59:00,2024-07-28 18:07:00,2024-07-28 18:05:00,2024-07-28 18:12:00
Stuttgart Hbf,ICE 562,Saarbrücken Hbf,10,2024-07-28 17:18:00,False,ICE,-6869650552962585885-2407281502,5,2024-07-28 17:02:00,2024-07-28 17:13:00,2024-07-28 17:08:00,2024-07-28 17:18:00
Stuttgart Hbf,ICE 2509,München Hbf,1,2024-07-28 18:00:00,False,ICE,-8570183957246820181-2407281554,4,2024-07-28 17:52:00,2024-07-28 17:52:00,2024-07-28 17:59:00,2024-07-28 18:00:00
Stuttgart Hbf,ICE 2402,Dortmund Hbf,17,2024-07-28 18:08:00,False,ICE,-5049952125224097798-2407281528,5,2024-07-28 17:45:00,2024-07-28 18:03:00,2024-07-28 17:51:00,2024-07-28 18:08:00
Stuttgart Hbf,ICE 599,München Hbf,0,2024-07-28 17:14:00,False,ICE,3567808221161966225-2407281124,8,2024-07-28 17:08:00,2024-07-28 17:06:00,2024-07-28 17:14:00,2024-07-28 17:14:00
Stuttgart Hbf,ICE 2409,München Hbf,67,2024-07-28 19:21:00,False,ICE,-2993327997757602463-2407281057,11,2024-07-28 18:08:00,2024-07-28 19:16:00,2024-07-28 18:14:00,2024-07-28 19:21:00
Stuttgart Hbf,ICE 592,Hamburg-Harburg,3,2024-07-28 18:54:00,False,ICE,5089820149948252230-2407281646,5,2024-07-28 18:43:00,2024-07-28 18:49:00,2024-07-28 18:51:00,2024-07-28 18:54:00
Stuttgart Hbf,ICE 1069,München Hbf,3,2024-07-28 18:54:00,False,ICE,7280991471195430281-2407281804,3,2024-07-28 18:45:00,2024-07-28 18:47:00,2024-07-28 18:51:00,2024-07-28 18:54:00
Stuttgart Hbf,ICE 2400,Berlin Ostbahnhof,0,2024-07-28 19:51:00,False,ICE,3612321124108775378-2407281728,5,2024-07-28 19:45:00,2024-07-28 19:44:00,2024-07-28 19:51:00,2024-07-28 19:51:00
Stuttgart Hbf,ICE 1211,Innsbruck Hbf,15,2024-07-28 19:30:00,False,ICE,6795498665772062818-2407281324,8,2024-07-28 19:08:00,2024-07-28 19:25:00,2024-07-28 19:15:00,2024-07-28 19:30:00
Stuttgart Hbf,ICE 2511,München Hbf,2,2024-07-28 20:01:00,False,ICE,-6444941605235901936-2407281747,4,2024-07-28 19:53:00,2024-07-28 19:54:00,2024-07-28 19:59:00,2024-07-28 20:01:00
Stuttgart Hbf,ICE 2500,Frankfurt(Main)Hbf,2,2024-07-28 20:07:00,False,ICE,7958024030493783972-2407281747,5,2024-07-28 19:59:00,2024-07-28 20:00:00,2024-07-28 20:05:00,2024-07-28 20:07:00
Stuttgart Hbf,ICE 266,Basel SBB,2,2024-07-28 19:14:00,False,ICE,-2795453744905001153-2407281659,6,2024-07-28 19:02:00,2024-07-28 19:03:00,2024-07-28 19:12:00,2024-07-28 19:14:00
Stuttgart Hbf,ICE 910,Saarbrücken Hbf,3,2024-07-28 20:41:00,False,ICE,6195485783263057734-2407281828,5,2024-07-28 20:31:00,2024-07-28 20:36:00,2024-07-28 20:38:00,2024-07-28 20:41:00
Stuttgart Hbf,ICE 590,Frankfurt(Main)Hbf,30,2024-07-28 21:21:00,False,ICE,-7610672940066525446-2407281846,5,2024-07-28 20:43:00,2024-07-28 21:16:00,2024-07-28 20:51:00,2024-07-28 21:21:00
Stuttgart Hbf,ICE 2411,München Hbf,68,2024-07-28 21:22:00,False,ICE,5224976432653514129-2407281229,14,2024-07-28 20:08:00,2024-07-28 21:17:00,2024-07-28 20:14:00,2024-07-28 21:22:00
Stuttgart Hbf,ICE 560,Karlsruhe Hbf,4,2024-07-28 21:15:00,False,ICE,-1895474681646249837-2407281901,6,2024-07-28 21:03:00,2024-07-28 21:10:00,2024-07-28 21:11:00,2024-07-28 21:15:00
Stuttgart Hbf,ICE 693,München Hbf,40,2024-07-28 21:55:00,False,ICE,-5198077084450588432-2407281524,8,2024-07-28 21:08:00,2024-07-28 21:50:00,2024-07-28 21:15:00,2024-07-28 21:55:00
Stuttgart Hbf,ICE 990,Frankfurt(Main)Hbf,15,2024-07-28 23:06:00,False,ICE,-2320340282101811304-2407282043,6,2024-07-28 22:43:00,2024-07-28 23:01:00,2024-07-28 22:51:00,2024-07-28 23:06:00
Stuttgart Hbf,ICE 695,München Hbf,7,2024-07-28 23:22:00,False,ICE,362679773391941489-2407281724,8,2024-07-28 23:08:00,2024-07-28 23:17:00,2024-07-28 23:15:00,2024-07-28 23:22:00
Stuttgart Hbf,ICE 698,Berlin Ostbahnhof,0,2024-07-29 00:11:00,False,ICE,7108274583246193747-2407282151,5,2024-07-29 00:01:00,2024-07-28 23:58:00,2024-07-29 00:11:00,2024-07-29 00:11:00
Stuttgart Hbf,ICE 618,Köln Hbf,37,2024-07-29 02:59:00,False,ICE,2686007473625185344-2407290001,5,2024-07-29 02:16:00,2024-07-29 02:54:00,2024-07-29 02:22:00,2024-07-29 02:59:00
Stuttgart Hbf,ICE 619,München Hbf,0,2024-07-29 03:39:00,False,ICE,8701286456892320958-2407282247,5,2024-07-29 03:24:00,2024-07-29 03:10:00,2024-07-29 03:39:00,2024-07-29 03:39:00
Stuttgart Hbf,ICE 699,München Hbf,-1,2024-07-29 05:11:00,False,ICE,-7138074359361066746-2407281819,14,2024-07-29 04:52:00,2024-07-29 04:55:00,2024-07-29 05:12:00,2024-07-29 05:11:00
Stuttgart Hbf,ICE 22016,Hamburg-Altona,2,2024-07-29 05:53:00,False,ICE,8488895160366256058-2407290316,5,2024-07-29 05:45:00,2024-07-29 05:46:00,2024-07-29 05:51:00,2024-07-29 05:53:00
Stuttgart Hbf,ICE 1061,München Hbf,2,2024-07-29 05:54:00,False,ICE,5427594935199921006-2407290453,5,2024-07-29 05:45:00,2024-07-29 05:47:00,2024-07-29 05:52:00,2024-07-29 05:54:00
Stuttgart Hbf,ICE 561,München Hbf,3,2024-07-29 06:53:00,False,ICE,-605877143281749034-2407290600,3,2024-07-29 06:44:00,2024-07-29 06:47:00,2024-07-29 06:50:00,2024-07-29 06:53:00
Stuttgart Hbf,ICE 2512,Frankfurt(Main)Hbf,3,2024-07-29 08:08:00,False,ICE,-8394972919237501261-2407290543,5,2024-07-29 07:59:00,2024-07-29 08:03:00,2024-07-29 08:05:00,2024-07-29 08:08:00
Stuttgart Hbf,ICE 1068,Karlsruhe Hbf,2,2024-07-29 07:12:00,False,ICE,1847313071699172804-2407290500,5,2024-07-29 07:04:00,2024-07-29 07:05:00,2024-07-29 07:10:00,2024-07-29 07:12:00
Stuttgart Hbf,ICE 991,München Hbf,8,2024-07-29 07:23:00,False,ICE,4178793572863103484-2407290526,5,2024-07-29 07:07:00,2024-07-29 07:10:00,2024-07-29 07:15:00,2024-07-29 07:23:00
Stuttgart Hbf,ICE 717,München Hbf,2,2024-07-29 08:01:00,False,ICE,-4746884754763411071-2407290605,4,2024-07-29 07:53:00,2024-07-29 07:56:00,2024-07-29 07:59:00,2024-07-29 08:01:00
Stuttgart Hbf,ICE 2412,Hamburg-Altona,12,2024-07-29 08:03:00,False,ICE,4340345157597797141-2407290532,5,2024-07-29 07:45:00,2024-07-29 07:58:00,2024-07-29 07:51:00,2024-07-29 08:03:00
Stuttgart Hbf,ICE 267,München Hbf,10,2024-07-29 09:01:00,False,ICE,9036257144873715932-2407290550,11,2024-07-29 08:45:00,2024-07-29 08:53:00,2024-07-29 08:51:00,2024-07-29 09:01:00
Stuttgart Hbf,ICE 692,Hamburg Hbf,1,2024-07-29 08:52:00,False,ICE,-690776802853422910-2407290641,5,2024-07-29 08:44:00,2024-07-29 08:44:00,2024-07-29 08:51:00,2024-07-29 08:52:00
Stuttgart Hbf,ICE 591,München Hbf,2,2024-07-29 09:17:00,False,ICE,-6562289738351854640-2407290212,12,2024-07-29 09:08:00,2024-07-29 09:12:00,2024-07-29 09:15:00,2024-07-29 09:17:00
Stuttgart Hbf,ICE 2501,München Hbf,1,2024-07-29 10:00:00,False,ICE,-4712900064770768337-2407290801,4,2024-07-29 09:52:00,2024-07-29 09:55:00,2024-07-29 09:59:00,2024-07-29 10:00:00
Stuttgart Hbf,ICE 913,München Hbf,2,2024-07-29 09:30:00,False,ICE,9025370439367946468-2407290651,7,2024-07-29 09:22:00,2024-07-29 09:23:00,2024-07-29 09:28:00,2024-07-29 09:30:00
Stuttgart Hbf,ICE 2410,Hamburg-Altona,1,2024-07-29 09:52:00,False,ICE,3110215159235448756-2407290723,5,2024-07-29 09:45:00,2024-07-29 09:46:00,2024-07-29 09:51:00,2024-07-29 09:52:00
Stuttgart Hbf,ICE 2510,Frankfurt(Main)Hbf,24,2024-07-29 10:29:00,False,ICE,8355114340284714121-2407290746,5,2024-07-29 09:59:00,2024-07-29 10:23:00,2024-07-29 10:05:00,2024-07-29 10:29:00
Stuttgart Hbf,ICE 563,München Hbf,1,2024-07-29 10:52:00,False,ICE,7515891464844108057-2407290827,6,2024-07-29 10:45:00,2024-07-29 10:45:00,2024-07-29 10:51:00,2024-07-29 10:52:00
Stuttgart Hbf,ICE 2401,München Hbf,2,2024-07-29 10:16:00,False,ICE,2625137238235520637-2407290011,20,2024-07-29 10:08:00,2024-07-29 10:09:00,2024-07-29 10:14:00,2024-07-29 10:16:00
Stuttgart Hbf,ICE 690,Hamburg Hbf,19,2024-07-29 11:10:00,False,ICE,-2543008509222161707-2407290846,5,2024-07-29 10:43:00,2024-07-29 11:01:00,2024-07-29 10:51:00,2024-07-29 11:10:00
Stuttgart Hbf,ICE 593,München Hbf,5,2024-07-29 11:20:00,False,ICE,-602704781851165380-2407290514,10,2024-07-29 11:08:00,2024-07-29 11:14:00,2024-07-29 11:15:00,2024-07-29 11:20:00
Stuttgart Hbf,ICE 568,Karlsruhe Hbf,3,2024-07-29 11:15:00,False,ICE,-5628776902806503379-2407290903,5,2024-07-29 11:02:00,2024-07-29 11:08:00,2024-07-29 11:12:00,2024-07-29 11:15:00
Stuttgart Hbf,ICE 2508,Frankfurt(Main)Hbf,5,2024-07-29 12:10:00,False,ICE,2118840296672669969-2407290947,5,2024-07-29 11:59:00,2024-07-29 12:05:00,2024-07-29 12:05:00,2024-07-29 12:10:00
Stuttgart Hbf,ICE 2408,Hamburg-Altona,1,2024-07-29 11:52:00,False,ICE,263505606232155959-2407290927,5,2024-07-29 11:45:00,2024-07-29 11:46:00,2024-07-29 11:51:00,2024-07-29 11:52:00
Stuttgart Hbf,ICE 2503,München Hbf,1,2024-07-29 12:00:00,False,ICE,-1324707288457092225-2407290954,4,2024-07-29 11:53:00,2024-07-29 11:53:00,2024-07-29 11:59:00,2024-07-29 12:00:00
Stuttgart Hbf,ICE 565,München Hbf,2,2024-07-29 12:53:00,False,ICE,3705893801311502416-2407291204,3,2024-07-29 12:45:00,2024-07-29 12:46:00,2024-07-29 12:51:00,2024-07-29 12:53:00
Stuttgart Hbf,ICE 1218,Hamburg Hbf,0,2024-07-29 12:51:00,False,ICE,8983673647294408675-2407290840,11,2024-07-29 12:43:00,2024-07-29 12:45:00,2024-07-29 12:51:00,2024-07-29 12:51:00
Stuttgart Hbf,ICE 2403,München Hbf,82,2024-07-29 13:36:00,False,ICE,-7180628394858715905-2407290449,12,2024-07-29 12:08:00,2024-07-29 13:30:00,2024-07-29 12:14:00,2024-07-29 13:36:00
Stuttgart Hbf,ICE 119,Innsbruck Hbf,4,2024-07-29 13:01:00,False,ICE,1540220838403763332-2407290621,6,2024-07-29 12:48:00,2024-07-29 12:56:00,2024-07-29 12:57:00,2024-07-29 13:01:00
Stuttgart Hbf,ICE 2505,München Hbf,4,2024-07-29 14:03:00,False,ICE,-1386351384940595123-2407291153,4,2024-07-29 13:53:00,2024-07-29 13:58:00,2024-07-29 13:59:00,2024-07-29 14:03:00
Stuttgart Hbf,ICE 595,München Hbf,15,2024-07-29 13:30:00,False,ICE,5524095712606932700-2407290613,11,2024-07-29 13:08:00,2024-07-29 13:25:00,2024-07-29 13:15:00,2024-07-29 13:30:00
Stuttgart Hbf,ICE 2406,Hamburg-Harburg,1,2024-07-29 13:52:00,False,ICE,-8978030187738286064-2407291127,5,2024-07-29 13:45:00,2024-07-29 13:45:00,2024-07-29 13:51:00,2024-07-29 13:52:00
Stuttgart Hbf,ICE 566,Karlsruhe Hbf,3,2024-07-29 13:12:00,False,ICE,-4243685153474784824-2407291103,5,2024-07-29 13:02:00,2024-07-29 13:08:00,2024-07-29 13:09:00,2024-07-29 13:12:00
Stuttgart Hbf,ICE 2506,Frankfurt(Main)Hbf,6,2024-07-29 14:11:00,False,ICE,-3190940513038667025-2407291148,5,2024-07-29 13:59:00,2024-07-29 14:06:00,2024-07-29 14:05:00,2024-07-29 14:11:00
Stuttgart Hbf,ICE 2405,München Hbf,48,2024-07-29 15:02:00,False,ICE,7776531468117287211-2407290658,11,2024-07-29 14:08:00,2024-07-29 14:57:00,2024-07-29 14:14:00,2024-07-29 15:02:00
Stuttgart Hbf,ICE 567,München Hbf,6,2024-07-29 14:57:00,False,ICE,3762301582140299933-2407291404,3,2024-07-29 14:45:00,2024-07-29 14:46:00,2024-07-29 14:51:00,2024-07-29 14:57:00
Stuttgart Hbf,ICE 118,Berlin Ostbahnhof,3,2024-07-29 15:15:00,False,ICE,-2026324236731915142-2407290854,20,2024-07-29 14:59:00,2024-07-29 15:01:00,2024-07-29 15:12:00,2024-07-29 15:15:00
Stuttgart Hbf,ICE 1096,Kiel Hbf,4,2024-07-29 14:55:00,False,ICE,7265904803286392428-2407291247,5,2024-07-29 14:43:00,2024-07-29 14:50:00,2024-07-29 14:51:00,2024-07-29 14:55:00
Stuttgart Hbf,ICE 2404,Hamburg-Harburg,3,2024-07-29 15:54:00,False,ICE,9027111534189161094-2407291328,5,2024-07-29 15:45:00,2024-07-29 15:49:00,2024-07-29 15:51:00,2024-07-29 15:54:00
Stuttgart Hbf,ICE 597,München Hbf,1,2024-07-29 15:16:00,False,ICE,434865117917205190-2407290924,8,2024-07-29 15:08:00,2024-07-29 15:08:00,2024-07-29 15:15:00,2024-07-29 15:16:00
Stuttgart Hbf,ICE 2507,München Hbf,0,2024-07-29 15:59:00,False,ICE,8807778814697037054-2407291354,4,2024-07-29 15:53:00,2024-07-29 15:51:00,2024-07-29 15:59:00,2024-07-29 15:59:00
Stuttgart Hbf,ICE 564,Karlsruhe Hbf,2,2024-07-29 15:11:00,False,ICE,-1073960129091467682-2407291303,5,2024-07-29 15:02:00,2024-07-29 15:03:00,2024-07-29 15:09:00,2024-07-29 15:11:00
Stuttgart Hbf,ICE 2504,Frankfurt(Main)Hbf,2,2024-07-29 16:07:00,False,ICE,-3746817127465080930-2407291348,5,2024-07-29 15:59:00,2024-07-29 16:02:00,2024-07-29 16:05:00,2024-07-29 16:07:00
Stuttgart Hbf,ICE 594,Hamburg-Harburg,2,2024-07-29 16:53:00,False,ICE,1140779865956290650-2407291446,5,2024-07-29 16:43:00,2024-07-29 16:43:00,2024-07-29 16:51:00,2024-07-29 16:53:00
Stuttgart Hbf,ICE 569,München Hbf,9,2024-07-29 17:00:00,False,ICE,-7759827436146803415-2407291604,3,2024-07-29 16:45:00,2024-07-29 16:55:00,2024-07-29 16:51:00,2024-07-29 17:00:00
Stuttgart Hbf,ICE 2407,München Hbf,181,2024-07-29 19:15:00,True,ICE,-6564341875414589886-2407290829,14,2024-07-29 16:08:00,2024-07-29 19:10:00,2024-07-29 16:14:00,2024-07-29 19:15:00
Stuttgart Hbf,ICE 562,Saarbrücken Hbf,0,2024-07-29 17:08:00,False,ICE,-6869650552962585885-2407291502,5,2024-07-29 17:02:00,2024-07-29 17:02:00,2024-07-29 17:08:00,2024-07-29 17:08:00
Stuttgart Hbf,ICE 2509,München Hbf,2,2024-07-29 18:01:00,False,ICE,-8570183957246820181-2407291554,4,2024-07-29 17:52:00,2024-07-29 17:53:00,2024-07-29 17:59:00,2024-07-29 18:01:00
Stuttgart Hbf,ICE 599,München Hbf,22,2024-07-29 17:36:00,False,ICE,3567808221161966225-2407291124,8,2024-07-29 17:08:00,2024-07-29 17:31:00,2024-07-29 17:14:00,2024-07-29 17:36:00
Stuttgart Hbf,ICE 2502,Frankfurt(Main)Hbf,1,2024-07-29 18:06:00,False,ICE,-1481309699314519873-2407291548,5,2024-07-29 17:59:00,2024-07-29 17:59:00,2024-07-29 18:05:00,2024-07-29 18:06:00
Stuttgart Hbf,ICE 2402,Dortmund Hbf,25,2024-07-29 18:16:00,False,ICE,-5049952125224097798-2407291528,5,2024-07-29 17:45:00,2024-07-29 18:11:00,2024-07-29 17:51:00,2024-07-29 18:16:00
Stuttgart Hbf,ICE 2409,München Hbf,89,2024-07-29 19:43:00,False,ICE,4921089780310698838-2407291030,14,2024-07-29 18:08:00,2024-07-29 19:38:00,2024-07-29 18:14:00,2024-07-29 19:43:00
Stuttgart Hbf,ICE 1069,München Hbf,2,2024-07-29 18:53:00,False,ICE,7280991471195430281-2407291804,3,2024-07-29 18:45:00,2024-07-29 18:46:00,2024-07-29 18:51:00,2024-07-29 18:53:00
Stuttgart Hbf,ICE 592,Frankfurt(Main)Hbf,1,2024-07-29 18:52:00,False,ICE,5089820149948252230-2407291646,5,2024-07-29 18:43:00,2024-07-29 18:47:00,2024-07-29 18:51:00,2024-07-29 18:52:00
Stuttgart Hbf,ICE 2511,München Hbf,2,2024-07-29 20:01:00,True,ICE,-6444941605235901936-2407291747,4,2024-07-29 19:53:00,2024-07-29 19:53:00,2024-07-29 19:59:00,2024-07-29 20:01:00
Stuttgart Hbf,ICE 2400,Berlin Ostbahnhof,0,2024-07-29 19:51:00,True,ICE,3612321124108775378-2407291728,5,2024-07-29 19:45:00,2024-07-29 19:45:00,2024-07-29 19:51:00,2024-07-29 19:51:00
Stuttgart Hbf,ICE 266,Basel SBB,5,2024-07-29 19:17:00,False,ICE,-2795453744905001153-2407291659,6,2024-07-29 19:02:00,2024-07-29 19:04:00,2024-07-29 19:12:00,2024-07-29 19:17:00
Stuttgart Hbf,ICE 2500,Frankfurt(Main)Hbf,0,2024-07-29 20:05:00,False,ICE,7958024030493783972-2407291747,5,2024-07-29 19:59:00,2024-07-29 20:01:00,2024-07-29 20:05:00,2024-07-29 20:05:00
Stuttgart Hbf,ICE 1211,Innsbruck Hbf,5,2024-07-29 19:20:00,False,ICE,6795498665772062818-2407291324,8,2024-07-29 19:08:00,2024-07-29 19:15:00,2024-07-29 19:15:00,2024-07-29 19:20:00
Stuttgart Hbf,ICE 590,Frankfurt(Main)Hbf,2,2024-07-29 20:53:00,False,ICE,-7610672940066525446-2407291846,5,2024-07-29 20:43:00,2024-07-29 20:45:00,2024-07-29 20:51:00,2024-07-29 20:53:00
Stuttgart Hbf,ICE 910,Saarbrücken Hbf,7,2024-07-29 20:45:00,False,ICE,6195485783263057734-2407291828,5,2024-07-29 20:31:00,2024-07-29 20:40:00,2024-07-29 20:38:00,2024-07-29 20:45:00
Stuttgart Hbf,ICE 2411,München Hbf,117,2024-07-29 22:11:00,False,ICE,5224976432653514129-2407291229,14,2024-07-29 20:08:00,2024-07-29 22:05:00,2024-07-29 20:14:00,2024-07-29 22:11:00
Stuttgart Hbf,ICE 2308,Frankfurt(Main)Hbf,19,2024-07-29 22:24:00,False,ICE,993826748729604473-2407291946,5,2024-07-29 21:59:00,2024-07-29 22:19:00,2024-07-29 22:05:00,2024-07-29 22:24:00
Stuttgart Hbf,ICE 693,München Hbf,4,2024-07-29 21:19:00,False,ICE,-5198077084450588432-2407291524,8,2024-07-29 21:08:00,2024-07-29 21:14:00,2024-07-29 21:15:00,2024-07-29 21:19:00
Stuttgart Hbf,ICE 560,Karlsruhe Hbf,5,2024-07-29 21:16:00,False,ICE,-1895474681646249837-2407291901,6,2024-07-29 21:03:00,2024-07-29 21:10:00,2024-07-29 21:11:00,2024-07-29 21:16:00
Stuttgart Hbf,ICE 990,Frankfurt(Main)Hbf,13,2024-07-29 23:04:00,False,ICE,-2320340282101811304-2407292043,6,2024-07-29 22:43:00,2024-07-29 22:59:00,2024-07-29 22:51:00,2024-07-29 23:04:00
Stuttgart Hbf,ICE 698,Berlin Ostbahnhof,0,2024-07-30 00:11:00,False,ICE,7108274583246193747-2407292151,5,2024-07-30 00:01:00,2024-07-29 23:57:00,2024-07-30 00:11:00,2024-07-30 00:11:00
Stuttgart Hbf,ICE 618,Köln Hbf,81,2024-07-30 03:43:00,False,ICE,2686007473625185344-2407300001,5,2024-07-30 02:16:00,2024-07-30 03:33:00,2024-07-30 02:22:00,2024-07-30 03:43:00
Stuttgart Hbf,ICE 619,München Hbf,5,2024-07-30 03:44:00,False,ICE,8701286456892320958-2407292247,5,2024-07-30 03:24:00,2024-07-30 02:58:00,2024-07-30 03:39:00,2024-07-30 03:44:00
Stuttgart Hbf,ICE 699,München Hbf,1,2024-07-30 05:13:00,False,ICE,-7138074359361066746-2407291819,14,2024-07-30 04:52:00,2024-07-30 04:52:00,2024-07-30 05:12:00,2024-07-30 05:13:00
Stuttgart Hbf,ICE 22016,Hamburg-Altona,1,2024-07-30 05:52:00,False,ICE,8488895160366256058-2407300316,5,2024-07-30 05:45:00,2024-07-30 05:48:00,2024-07-30 05:51:00,2024-07-30 05:52:00
Stuttgart Hbf,ICE 1061,München Hbf,0,2024-07-30 05:52:00,False,ICE,5427594935199921006-2407300453,5,2024-07-30 05:45:00,2024-07-30 05:44:00,2024-07-30 05:52:00,2024-07-30 05:52:00
Stuttgart Hbf,ICE 561,München Hbf,3,2024-07-30 06:53:00,False,ICE,-605877143281749034-2407300600,3,2024-07-30 06:44:00,2024-07-30 06:46:00,2024-07-30 06:50:00,2024-07-30 06:53:00
Stuttgart Hbf,ICE 1068,Karlsruhe Hbf,10,2024-07-30 07:20:00,False,ICE,1847313071699172804-2407300500,5,2024-07-30 07:04:00,2024-07-30 07:14:00,2024-07-30 07:10:00,2024-07-30 07:20:00
Stuttgart Hbf,ICE 2512,Frankfurt(M) Flughafen Fernbf,17,2024-07-30 08:22:00,False,ICE,-8394972919237501261-2407300543,5,2024-07-30 07:59:00,2024-07-30 08:17:00,2024-07-30 08:05:00,2024-07-30 08:22:00
Stuttgart Hbf,ICE 2412,Hamburg-Altona,2,2024-07-30 07:53:00,False,ICE,4340345157597797141-2407300532,5,2024-07-30 07:45:00,2024-07-30 07:48:00,2024-07-30 07:51:00,2024-07-30 07:53:00
Stuttgart Hbf,ICE 991,München Hbf,3,2024-07-30 07:18:00,False,ICE,4178793572863103484-2407300526,5,2024-07-30 07:07:00,2024-07-30 07:07:00,2024-07-30 07:15:00,2024-07-30 07:18:00
Stuttgart Hbf,ICE 717,München Hbf,3,2024-07-30 08:02:00,False,ICE,-4746884754763411071-2407300605,4,2024-07-30 07:53:00,2024-07-30 07:56:00,2024-07-30 07:59:00,2024-07-30 08:02:00
Stuttgart Hbf,ICE 267,München Hbf,22,2024-07-30 09:13:00,False,ICE,9036257144873715932-2407300550,11,2024-07-30 08:45:00,2024-07-30 09:04:00,2024-07-30 08:51:00,2024-07-30 09:13:00
Stuttgart Hbf,ICE 692,Hamburg Hbf,12,2024-07-30 09:03:00,False,ICE,-690776802853422910-2407300641,5,2024-07-30 08:44:00,2024-07-30 08:59:00,2024-07-30 08:51:00,2024-07-30 09:03:00
Stuttgart Hbf,ICE 913,München Hbf,15,2024-07-30 09:43:00,True,ICE,9025370439367946468-2407300651,7,2024-07-30 09:22:00,2024-07-30 09:38:00,2024-07-30 09:28:00,2024-07-30 09:43:00
Stuttgart Hbf,ICE 2410,Hamburg-Altona,6,2024-07-30 09:57:00,False,ICE,3110215159235448756-2407300723,5,2024-07-30 09:45:00,2024-07-30 09:47:00,2024-07-30 09:51:00,2024-07-30 09:57:00
Stuttgart Hbf,ICE 2510,Frankfurt(M) Flughafen Fernbf,12,2024-07-30 10:17:00,False,ICE,8355114340284714121-2407300746,5,2024-07-30 09:59:00,2024-07-30 10:13:00,2024-07-30 10:05:00,2024-07-30 10:17:00
Stuttgart Hbf,ICE 2501,München Hbf,4,2024-07-30 10:03:00,False,ICE,5825905564856756524-2407300753,4,2024-07-30 09:52:00,2024-07-30 09:54:00,2024-07-30 09:59:00,2024-07-30 10:03:00
Stuttgart Hbf,ICE 591,München Hbf,2,2024-07-30 09:17:00,False,ICE,7394330786495536556-2407300705,4,2024-07-30 09:08:00,2024-07-30 09:09:00,2024-07-30 09:15:00,2024-07-30 09:17:00
Stuttgart Hbf,ICE 690,Hamburg Hbf,6,2024-07-30 10:57:00,False,ICE,-2543008509222161707-2407300846,5,2024-07-30 10:43:00,2024-07-30 10:42:00,2024-07-30 10:51:00,2024-07-30 10:57:00
Stuttgart Hbf,ICE 563,München Hbf,1,2024-07-30 10:52:00,False,ICE,7515891464844108057-2407300827,6,2024-07-30 10:45:00,2024-07-30 10:43:00,2024-07-30 10:51:00,2024-07-30 10:52:00
Stuttgart Hbf,ICE 2401,München Hbf,54,2024-07-30 11:08:00,True,ICE,2625137238235520637-2407300011,20,2024-07-30 10:08:00,2024-07-30 11:03:00,2024-07-30 10:14:00,2024-07-30 11:08:00
Stuttgart Hbf,ICE 593,München Hbf,2,2024-07-30 11:17:00,False,ICE,-602704781851165380-2407300514,10,2024-07-30 11:08:00,2024-07-30 11:09:00,2024-07-30 11:15:00,2024-07-30 11:17:00
Stuttgart Hbf,ICE 2503,München Hbf,1,2024-07-30 12:00:00,False,ICE,-8700390961597440419-2407300953,4,2024-07-30 11:53:00,2024-07-30 11:53:00,2024-07-30 11:59:00,2024-07-30 12:00:00
Stuttgart Hbf,ICE 2408,Hamburg-Altona,1,2024-07-30 11:52:00,False,ICE,263505606232155959-2407300927,5,2024-07-30 11:45:00,2024-07-30 11:45:00,2024-07-30 11:51:00,2024-07-30 11:52:00
Stuttgart Hbf,ICE 2508,Frankfurt(M) Flughafen Fernbf,18,2024-07-30 12:23:00,True,ICE,2118840296672669969-2407300947,5,2024-07-30 11:59:00,2024-07-30 12:19:00,2024-07-30 12:05:00,2024-07-30 12:23:00
Stuttgart Hbf,ICE 568,Karlsruhe Hbf,3,2024-07-30 11:15:00,False,ICE,-5628776902806503379-2407300903,5,2024-07-30 11:02:00,2024-07-30 11:07:00,2024-07-30 11:12:00,2024-07-30 11:15:00
Stuttgart Hbf,ICE 1218,Hamburg Hbf,10,2024-07-30 13:01:00,False,ICE,8983673647294408675-2407300840,11,2024-07-30 12:43:00,2024-07-30 12:56:00,2024-07-30 12:51:00,2024-07-30 13:01:00
Stuttgart Hbf,ICE 119,Innsbruck Hbf,1,2024-07-30 12:58:00,False,ICE,1540220838403763332-2407300621,6,2024-07-30 12:48:00,2024-07-30 12:51:00,2024-07-30 12:57:00,2024-07-30 12:58:00
Stuttgart Hbf,ICE 2403,München Hbf,68,2024-07-30 13:22:00,True,ICE,-7180628394858715905-2407300449,12,2024-07-30 12:08:00,2024-07-30 12:58:00,2024-07-30 12:14:00,2024-07-30 13:22:00
Stuttgart Hbf,ICE 565,München Hbf,1,2024-07-30 12:52:00,False,ICE,3705893801311502416-2407301204,3,2024-07-30 12:45:00,2024-07-30 12:45:00,2024-07-30 12:51:00,2024-07-30 12:52:00
Stuttgart Hbf,ICE 595,München Hbf,43,2024-07-30 13:58:00,False,ICE,5524095712606932700-2407300613,11,2024-07-30 13:08:00,2024-07-30 13:25:00,2024-07-30 13:15:00,2024-07-30 13:58:00
Stuttgart Hbf,ICE 2506,Frankfurt(M) Flughafen Fernbf,23,2024-07-30 14:28:00,False,ICE,-3190940513038667025-2407301148,5,2024-07-30 13:59:00,2024-07-30 14:23:00,2024-07-30 14:05:00,2024-07-30 14:28:00
Stuttgart Hbf,ICE 2505,München Hbf,3,2024-07-30 14:02:00,False,ICE,-7723482147014543550-2407301153,4,2024-07-30 13:53:00,2024-07-30 13:57:00,2024-07-30 13:59:00,2024-07-30 14:02:00
Stuttgart Hbf,ICE 566,Karlsruhe Hbf,7,2024-07-30 13:16:00,False,ICE,-4243685153474784824-2407301103,5,2024-07-30 13:02:00,2024-07-30 13:11:00,2024-07-30 13:09:00,2024-07-30 13:16:00
Stuttgart Hbf,ICE 2406,Hamburg-Harburg,3,2024-07-30 13:54:00,False,ICE,-8978030187738286064-2407301127,5,2024-07-30 13:45:00,2024-07-30 13:47:00,2024-07-30 13:51:00,2024-07-30 13:54:00
Stuttgart Hbf,ICE 567,München Hbf,12,2024-07-30 15:03:00,False,ICE,3762301582140299933-2407301404,3,2024-07-30 14:45:00,2024-07-30 14:54:00,2024-07-30 14:51:00,2024-07-30 15:03:00
Stuttgart Hbf,ICE 118,Berlin Hbf,0,2024-07-30 15:12:00,False,ICE,-2026324236731915142-2407300854,20,2024-07-30 14:59:00,2024-07-30 15:06:00,2024-07-30 15:12:00,2024-07-30 15:12:00
Stuttgart Hbf,ICE 1096,Hamburg Hbf,13,2024-07-30 15:04:00,False,ICE,7265904803286392428-2407301247,5,2024-07-30 14:43:00,2024-07-30 14:59:00,2024-07-30 14:51:00,2024-07-30 15:04:00
Stuttgart Hbf,ICE 2405,München Hbf,18,2024-07-30 14:32:00,False,ICE,-5623276319120077997-2407300629,14,2024-07-30 14:08:00,2024-07-30 14:27:00,2024-07-30 14:14:00,2024-07-30 14:32:00
Stuttgart Hbf,ICE 597,München Hbf,2,2024-07-30 15:17:00,False,ICE,434865117917205190-2407300924,8,2024-07-30 15:08:00,2024-07-30 15:10:00,2024-07-30 15:15:00,2024-07-30 15:17:00
Stuttgart Hbf,ICE 2504,Frankfurt(M) Flughafen Fernbf,1,2024-07-30 16:06:00,False,ICE,-3746817127465080930-2407301348,5,2024-07-30 15:59:00,2024-07-30 15:58:00,2024-07-30 16:05:00,2024-07-30 16:06:00
Stuttgart Hbf,ICE 2404,Hamburg-Harburg,8,2024-07-30 15:59:00,False,ICE,9027111534189161094-2407301328,5,2024-07-30 15:45:00,2024-07-30 15:54:00,2024-07-30 15:51:00,2024-07-30 15:59:00
Stuttgart Hbf,ICE 564,Karlsruhe Hbf,23,2024-07-30 15:32:00,False,ICE,-1073960129091467682-2407301303,5,2024-07-30 15:02:00,2024-07-30 15:27:00,2024-07-30 15:09:00,2024-07-30 15:32:00
Stuttgart Hbf,ICE 2507,München Hbf,20,2024-07-30 16:19:00,False,ICE,4687641521138538502-2407301353,4,2024-07-30 15:53:00,2024-07-30 16:14:00,2024-07-30 15:59:00,2024-07-30 16:19:00
Stuttgart Hbf,ICE 2407,München Hbf,14,2024-07-30 16:28:00,False,ICE,-6564341875414589886-2407300829,14,2024-07-30 16:08:00,2024-07-30 16:23:00,2024-07-30 16:14:00,2024-07-30 16:28:00
Stuttgart Hbf,ICE 594,Hamburg-Harburg,2,2024-07-30 16:53:00,False,ICE,1140779865956290650-2407301446,5,2024-07-30 16:43:00,2024-07-30 16:44:00,2024-07-30 16:51:00,2024-07-30 16:53:00
Stuttgart Hbf,ICE 569,München Hbf,5,2024-07-30 16:56:00,False,ICE,-7759827436146803415-2407301604,3,2024-07-30 16:45:00,2024-07-30 16:47:00,2024-07-30 16:51:00,2024-07-30 16:56:00
Stuttgart Hbf,ICE 2402,Dortmund Hbf,6,2024-07-30 17:57:00,False,ICE,-5049952125224097798-2407301528,5,2024-07-30 17:45:00,2024-07-30 17:52:00,2024-07-30 17:51:00,2024-07-30 17:57:00
Stuttgart Hbf,ICE 2509,München Hbf,3,2024-07-30 18:02:00,True,ICE,7642155402309235043-2407301553,4,2024-07-30 17:52:00,2024-07-30 17:54:00,2024-07-30 17:59:00,2024-07-30 18:02:00
Stuttgart Hbf,ICE 599,München Hbf,1,2024-07-30 17:15:00,False,ICE,3567808221161966225-2407301124,8,2024-07-30 17:08:00,2024-07-30 17:08:00,2024-07-30 17:14:00,2024-07-30 17:15:00
Stuttgart Hbf,ICE 2502,Frankfurt(M) Flughafen Fernbf,34,2024-07-30 18:39:00,False,ICE,-1481309699314519873-2407301548,5,2024-07-30 17:59:00,2024-07-30 18:34:00,2024-07-30 18:05:00,2024-07-30 18:39:00
Stuttgart Hbf,ICE 562,Saarbrücken Hbf,11,2024-07-30 17:19:00,False,ICE,-6869650552962585885-2407301502,5,2024-07-30 17:02:00,2024-07-30 17:06:00,2024-07-30 17:08:00,2024-07-30 17:19:00
Stuttgart Hbf,ICE 1069,München Hbf,2,2024-07-30 18:53:00,False,ICE,7280991471195430281-2407301804,3,2024-07-30 18:45:00,2024-07-30 18:48:00,2024-07-30 18:51:00,2024-07-30 18:53:00
Stuttgart Hbf,ICE 592,Frankfurt(Main)Hbf,27,2024-07-30 19:18:00,False,ICE,5089820149948252230-2407301646,5,2024-07-30 18:43:00,2024-07-30 19:12:00,2024-07-30 18:51:00,2024-07-30 19:18:00
Stuttgart Hbf,ICE 2409,München Hbf,6,2024-07-30 18:20:00,False,ICE,4921089780310698838-2407301030,14,2024-07-30 18:08:00,2024-07-30 18:15:00,2024-07-30 18:14:00,2024-07-30 18:20:00
Stuttgart Hbf,ICE 1211,Innsbruck Hbf,25,2024-07-30 19:40:00,False,ICE,6795498665772062818-2407301324,8,2024-07-30 19:08:00,2024-07-30 19:35:00,2024-07-30 19:15:00,2024-07-30 19:40:00
Stuttgart Hbf,ICE 266,Karlsruhe Hbf,10,2024-07-30 19:22:00,False,ICE,-2795453744905001153-2407301659,6,2024-07-30 19:02:00,2024-07-30 19:17:00,2024-07-30 19:12:00,2024-07-30 19:22:00
Stuttgart Hbf,ICE 2511,München Hbf,5,2024-07-30 20:04:00,False,ICE,-7927536893412843092-2407301753,4,2024-07-30 19:53:00,2024-07-30 19:52:00,2024-07-30 19:59:00,2024-07-30 20:04:00
Stuttgart Hbf,ICE 2500,Frankfurt(M) Flughafen Fernbf,18,2024-07-30 20:23:00,False,ICE,7958024030493783972-2407301747,5,2024-07-30 19:59:00,2024-07-30 20:17:00,2024-07-30 20:05:00,2024-07-30 20:23:00
Stuttgart Hbf,ICE 2400,Berlin Ostbahnhof,0,2024-07-30 19:51:00,True,ICE,3612321124108775378-2407301728,5,2024-07-30 19:45:00,2024-07-30 19:45:00,2024-07-30 19:51:00,2024-07-30 19:51:00
Stuttgart Hbf,ICE 2411,München Hbf,0,2024-07-30 20:14:00,True,ICE,5224976432653514129-2407301229,14,2024-07-30 20:08:00,2024-07-30 20:07:00,2024-07-30 20:14:00,2024-07-30 20:14:00
Stuttgart Hbf,ICE 910,Saarbrücken Hbf,7,2024-07-30 20:45:00,False,ICE,6195485783263057734-2407301828,5,2024-07-30 20:31:00,2024-07-30 20:41:00,2024-07-30 20:38:00,2024-07-30 20:45:00
Stuttgart Hbf,ICE 590,Frankfurt(Main)Hbf,8,2024-07-30 20:59:00,False,ICE,-7610672940066525446-2407301846,5,2024-07-30 20:43:00,2024-07-30 20:54:00,2024-07-30 20:51:00,2024-07-30 20:59:00
Stuttgart Hbf,ICE 693,München Hbf,13,2024-07-30 21:28:00,False,ICE,-5198077084450588432-2407301524,8,2024-07-30 21:08:00,2024-07-30 21:23:00,2024-07-30 21:15:00,2024-07-30 21:28:00
Stuttgart Hbf,ICE 560,Karlsruhe Hbf,2,2024-07-30 21:13:00,False,ICE,-1895474681646249837-2407301901,6,2024-07-30 21:03:00,2024-07-30 21:08:00,2024-07-30 21:11:00,2024-07-30 21:13:00
Stuttgart Hbf,ICE 2308,Frankfurt(Main)Hbf,5,2024-07-30 22:10:00,False,ICE,993826748729604473-2407301946,5,2024-07-30 21:59:00,2024-07-30 22:05:00,2024-07-30 22:05:00,2024-07-30 22:10:00
Stuttgart Hbf,ICE 990,Frankfurt(Main)Hbf,7,2024-07-30 22:58:00,False,ICE,-2320340282101811304-2407302043,6,2024-07-30 22:43:00,2024-07-30 22:52:00,2024-07-30 22:51:00,2024-07-30 22:58:00
Stuttgart Hbf,ICE 698,Berlin Ostbahnhof,7,2024-07-31 00:18:00,False,ICE,7108274583246193747-2407302151,5,2024-07-31 00:01:00,2024-07-31 00:13:00,2024-07-31 00:11:00,2024-07-31 00:18:00
Stuttgart Hbf,ICE 618,Köln Hbf,43,2024-07-31 03:05:00,False,ICE,2686007473625185344-2407310001,5,2024-07-31 02:16:00,2024-07-31 02:59:00,2024-07-31 02:22:00,2024-07-31 03:05:00
Stuttgart Hbf,ICE 619,München Hbf,0,2024-07-31 03:39:00,False,ICE,8701286456892320958-2407302247,5,2024-07-31 03:24:00,2024-07-31 02:37:00,2024-07-31 03:39:00,2024-07-31 03:39:00
Stuttgart Hbf,ICE 699,München Hbf,0,2024-07-31 05:12:00,False,ICE,-7138074359361066746-2407301819,14,2024-07-31 04:52:00,2024-07-31 04:20:00,2024-07-31 05:12:00,2024-07-31 05:12:00
Stuttgart Hbf,ICE 1061,München Hbf,1,2024-07-31 05:53:00,False,ICE,5427594935199921006-2407310453,5,2024-07-31 05:45:00,2024-07-31 05:45:00,2024-07-31 05:52:00,2024-07-31 05:53:00
Stuttgart Hbf,ICE 22016,Hamburg-Altona,2,2024-07-31 05:53:00,False,ICE,8488895160366256058-2407310316,5,2024-07-31 05:45:00,2024-07-31 05:46:00,2024-07-31 05:51:00,2024-07-31 05:53:00
Stuttgart Hbf,ICE 561,München Hbf,2,2024-07-31 06:52:00,False,ICE,-605877143281749034-2407310600,3,2024-07-31 06:44:00,2024-07-31 06:42:00,2024-07-31 06:50:00,2024-07-31 06:52:00
Stuttgart Hbf,ICE 991,München Hbf,0,2024-07-31 07:15:00,True,ICE,4178793572863103484-2407310526,5,2024-07-31 07:07:00,2024-07-31 07:07:00,2024-07-31 07:15:00,2024-07-31 07:15:00
Stuttgart Hbf,ICE 2512,Frankfurt(M) Flughafen Fernbf,27,2024-07-31 08:32:00,False,ICE,-8394972919237501261-2407310543,5,2024-07-31 07:59:00,2024-07-31 08:27:00,2024-07-31 08:05:00,2024-07-31 08:32:00
Stuttgart Hbf,ICE 2412,Hamburg-Altona,2,2024-07-31 07:53:00,False,ICE,4340345157597797141-2407310532,5,2024-07-31 07:45:00,2024-07-31 07:47:00,2024-07-31 07:51:00,2024-07-31 07:53:00
Stuttgart Hbf,ICE 1068,Karlsruhe Hbf,2,2024-07-31 07:12:00,False,ICE,1847313071699172804-2407310500,5,2024-07-31 07:04:00,2024-07-31 07:07:00,2024-07-31 07:10:00,2024-07-31 07:12:00
Stuttgart Hbf,ICE 717,München Hbf,2,2024-07-31 08:01:00,False,ICE,-4746884754763411071-2407310605,4,2024-07-31 07:53:00,2024-07-31 07:54:00,2024-07-31 07:59:00,2024-07-31 08:01:00
Stuttgart Hbf,ICE 267,München Hbf,3,2024-07-31 08:54:00,False,ICE,2699105162572162604-2407310805,3,2024-07-31 08:45:00,2024-07-31 08:47:00,2024-07-31 08:51:00,2024-07-31 08:54:00
Stuttgart Hbf,ICE 692,Hamburg Hbf,2,2024-07-31 08:53:00,False,ICE,-690776802853422910-2407310641,5,2024-07-31 08:44:00,2024-07-31 08:47:00,2024-07-31 08:51:00,2024-07-31 08:53:00
Stuttgart Hbf,ICE 2501,München Hbf,2,2024-07-31 10:01:00,False,ICE,5825905564856756524-2407310753,4,2024-07-31 09:52:00,2024-07-31 09:53:00,2024-07-31 09:59:00,2024-07-31 10:01:00
Stuttgart Hbf,ICE 2510,Frankfurt(M) Flughafen Fernbf,5,2024-07-31 10:10:00,False,ICE,8355114340284714121-2407310746,5,2024-07-31 09:59:00,2024-07-31 10:05:00,2024-07-31 10:05:00,2024-07-31 10:10:00
Stuttgart Hbf,ICE 2410,Hamburg-Altona,1,2024-07-31 09:52:00,False,ICE,3110215159235448756-2407310723,5,2024-07-31 09:45:00,2024-07-31 09:48:00,2024-07-31 09:51:00,2024-07-31 09:52:00
Stuttgart Hbf,ICE 913,München Hbf,2,2024-07-31 09:30:00,False,ICE,9025370439367946468-2407310651,7,2024-07-31 09:22:00,2024-07-31 09:23:00,2024-07-31 09:28:00,2024-07-31 09:30:00
Stuttgart Hbf,ICE 591,München Hbf,2,2024-07-31 09:17:00,False,ICE,7394330786495536556-2407310705,4,2024-07-31 09:08:00,2024-07-31 09:09:00,2024-07-31 09:15:00,2024-07-31 09:17:00
Stuttgart Hbf,ICE 563,München Hbf,2,2024-07-31 10:53:00,False,ICE,7515891464844108057-2407310827,6,2024-07-31 10:45:00,2024-07-31 10:46:00,2024-07-31 10:51:00,2024-07-31 10:53:00
Stuttgart Hbf,ICE 2401,München Hbf,72,2024-07-31 11:26:00,True,ICE,2625137238235520637-2407310011,20,2024-07-31 10:08:00,2024-07-31 11:21:00,2024-07-31 10:14:00,2024-07-31 11:26:00
Stuttgart Hbf,ICE 690,Hamburg Hbf,0,2024-07-31 10:51:00,True,ICE,-2543008509222161707-2407310846,5,2024-07-31 10:43:00,2024-07-31 10:43:00,2024-07-31 10:51:00,2024-07-31 10:51:00
Stuttgart Hbf,ICE 593,München Hbf,8,2024-07-31 11:23:00,True,ICE,-602704781851165380-2407310514,10,2024-07-31 11:08:00,2024-07-31 11:18:00,2024-07-31 11:15:00,2024-07-31 11:23:00
Stuttgart Hbf,ICE 2503,München Hbf,2,2024-07-31 12:01:00,False,ICE,-8700390961597440419-2407310953,4,2024-07-31 11:53:00,2024-07-31 11:54:00,2024-07-31 11:59:00,2024-07-31 12:01:00
Stuttgart Hbf,ICE 2408,Hamburg-Altona,0,2024-07-31 11:51:00,False,ICE,263505606232155959-2407310927,5,2024-07-31 11:45:00,2024-07-31 11:42:00,2024-07-31 11:51:00,2024-07-31 11:51:00
Stuttgart Hbf,ICE 2508,Frankfurt(M) Flughafen Fernbf,2,2024-07-31 12:07:00,False,ICE,2118840296672669969-2407310947,5,2024-07-31 11:59:00,2024-07-31 12:00:00,2024-07-31 12:05:00,2024-07-31 12:07:00
Stuttgart Hbf,ICE 568,Karlsruhe Hbf,20,2024-07-31 11:32:00,False,ICE,-5628776902806503379-2407310903,5,2024-07-31 11:02:00,2024-07-31 11:27:00,2024-07-31 11:12:00,2024-07-31 11:32:00
Stuttgart Hbf,ICE 1218,Hamburg Hbf,15,2024-07-31 13:06:00,False,ICE,8983673647294408675-2407310840,11,2024-07-31 12:43:00,2024-07-31 13:01:00,2024-07-31 12:51:00,2024-07-31 13:06:00
Stuttgart Hbf,ICE 565,München Hbf,2,2024-07-31 12:53:00,False,ICE,3705893801311502416-2407311204,3,2024-07-31 12:45:00,2024-07-31 12:46:00,2024-07-31 12:51:00,2024-07-31 12:53:00
Stuttgart Hbf,ICE 2403,München Hbf,2,2024-07-31 12:16:00,False,ICE,-7180628394858715905-2407310449,12,2024-07-31 12:08:00,2024-07-31 12:09:00,2024-07-31 12:14:00,2024-07-31 12:16:00
Stuttgart Hbf,ICE 119,Innsbruck Hbf,1,2024-07-31 12:58:00,False,ICE,1540220838403763332-2407310621,6,2024-07-31 12:48:00,2024-07-31 12:53:00,2024-07-31 12:57:00,2024-07-31 12:58:00
Stuttgart Hbf,ICE 2406,Hamburg-Harburg,0,2024-07-31 13:51:00,False,ICE,-8978030187738286064-2407311127,5,2024-07-31 13:45:00,2024-07-31 13:43:00,2024-07-31 13:51:00,2024-07-31 13:51:00
Stuttgart Hbf,ICE 2506,Frankfurt(M) Flughafen Fernbf,35,2024-07-31 14:40:00,False,ICE,-3190940513038667025-2407311148,5,2024-07-31 13:59:00,2024-07-31 14:17:00,2024-07-31 14:05:00,2024-07-31 14:40:00
Stuttgart Hbf,ICE 566,Karlsruhe Hbf,7,2024-07-31 13:16:00,False,ICE,-4243685153474784824-2407311103,5,2024-07-31 13:02:00,2024-07-31 13:11:00,2024-07-31 13:09:00,2024-07-31 13:16:00
Stuttgart Hbf,ICE 2505,München Hbf,27,2024-07-31 14:26:00,False,ICE,-7723482147014543550-2407311153,4,2024-07-31 13:53:00,2024-07-31 14:21:00,2024-07-31 13:59:00,2024-07-31 14:26:00
Stuttgart Hbf,ICE 595,München Hbf,0,2024-07-31 13:15:00,True,ICE,5524095712606932700-2407310613,11,2024-07-31 13:08:00,2024-07-31 13:08:00,2024-07-31 13:15:00,2024-07-31 13:15:00
Stuttgart Hbf,ICE 2405,München Hbf,6,2024-07-31 14:20:00,False,ICE,-5623276319120077997-2407310629,14,2024-07-31 14:08:00,2024-07-31 14:15:00,2024-07-31 14:14:00,2024-07-31 14:20:00
Stuttgart Hbf,ICE 567,München Hbf,65,2024-07-31 15:56:00,False,ICE,3762301582140299933-2407311404,3,2024-07-31 14:45:00,2024-07-31 15:51:00,2024-07-31 14:51:00,2024-07-31 15:56:00
Stuttgart Hbf,ICE 1096,Kiel Hbf,12,2024-07-31 15:03:00,False,ICE,7265904803286392428-2407311247,5,2024-07-31 14:43:00,2024-07-31 14:58:00,2024-07-31 14:51:00,2024-07-31 15:03:00
Stuttgart Hbf,ICE 118,Berlin Hbf,0,2024-07-31 15:12:00,False,ICE,-2026324236731915142-2407310854,20,2024-07-31 14:59:00,2024-07-31 15:01:00,2024-07-31 15:12:00,2024-07-31 15:12:00
Stuttgart Hbf,ICE 597,München Hbf,60,2024-07-31 16:15:00,False,ICE,434865117917205190-2407310924,8,2024-07-31 15:08:00,2024-07-31 16:06:00,2024-07-31 15:15:00,2024-07-31 16:15:00
Stuttgart Hbf,ICE 2504,Frankfurt(M) Flughafen Fernbf,2,2024-07-31 16:07:00,False,ICE,-3746817127465080930-2407311348,5,2024-07-31 15:59:00,2024-07-31 16:00:00,2024-07-31 16:05:00,2024-07-31 16:07:00
Stuttgart Hbf,ICE 564,Karlsruhe Hbf,13,2024-07-31 15:22:00,False,ICE,-1073960129091467682-2407311303,5,2024-07-31 15:02:00,2024-07-31 15:17:00,2024-07-31 15:09:00,2024-07-31 15:22:00
Stuttgart Hbf,ICE 2507,München Hbf,10,2024-07-31 16:09:00,False,ICE,4687641521138538502-2407311353,4,2024-07-31 15:53:00,2024-07-31 16:05:00,2024-07-31 15:59:00,2024-07-31 16:09:00
Stuttgart Hbf,ICE 2404,Hamburg-Harburg,19,2024-07-31 16:10:00,False,ICE,9027111534189161094-2407311328,5,2024-07-31 15:45:00,2024-07-31 16:05:00,2024-07-31 15:51:00,2024-07-31 16:10:00
Stuttgart Hbf,ICE 569,München Hbf,2,2024-07-31 16:53:00,False,ICE,-7759827436146803415-2407311604,3,2024-07-31 16:45:00,2024-07-31 16:46:00,2024-07-31 16:51:00,2024-07-31 16:53:00
Stuttgart Hbf,ICE 2407,München Hbf,18,2024-07-31 16:32:00,False,ICE,-6564341875414589886-2407310829,14,2024-07-31 16:08:00,2024-07-31 16:23:00,2024-07-31 16:14:00,2024-07-31 16:32:00
Stuttgart Hbf,ICE 594,Hamburg-Harburg,47,2024-07-31 17:38:00,False,ICE,1140779865956290650-2407311446,5,2024-07-31 16:43:00,2024-07-31 17:33:00,2024-07-31 16:51:00,2024-07-31 17:38:00
Stuttgart Hbf,ICE 562,Saarbrücken Hbf,39,2024-07-31 17:47:00,False,ICE,-6869650552962585885-2407311502,5,2024-07-31 17:02:00,2024-07-31 17:37:00,2024-07-31 17:08:00,2024-07-31 17:47:00
Stuttgart Hbf,ICE 2509,München Hbf,15,2024-07-31 18:14:00,False,ICE,7642155402309235043-2407311553,4,2024-07-31 17:52:00,2024-07-31 17:53:00,2024-07-31 17:59:00,2024-07-31 18:14:00
Stuttgart Hbf,ICE 599,München Hbf,13,2024-07-31 17:27:00,False,ICE,3567808221161966225-2407311124,8,2024-07-31 17:08:00,2024-07-31 17:19:00,2024-07-31 17:14:00,2024-07-31 17:27:00
Stuttgart Hbf,ICE 2402,Dortmund Hbf,0,2024-07-31 17:51:00,True,ICE,-5049952125224097798-2407311528,5,2024-07-31 17:45:00,2024-07-31 17:45:00,2024-07-31 17:51:00,2024-07-31 17:51:00
Stuttgart Hbf,ICE 2502,Frankfurt(M) Flughafen Fernbf,6,2024-07-31 18:11:00,False,ICE,-1481309699314519873-2407311548,5,2024-07-31 17:59:00,2024-07-31 18:06:00,2024-07-31 18:05:00,2024-07-31 18:11:00
Stuttgart Hbf,ICE 1069,München Hbf,3,2024-07-31 18:54:00,False,ICE,7280991471195430281-2407311804,3,2024-07-31 18:45:00,2024-07-31 18:47:00,2024-07-31 18:51:00,2024-07-31 18:54:00
Stuttgart Hbf,ICE 592,Frankfurt(Main)Hbf,9,2024-07-31 19:00:00,False,ICE,5089820149948252230-2407311646,5,2024-07-31 18:43:00,2024-07-31 18:55:00,2024-07-31 18:51:00,2024-07-31 19:00:00
Stuttgart Hbf,ICE 2409,München Hbf,8,2024-07-31 18:22:00,False,ICE,4921089780310698838-2407311030,14,2024-07-31 18:08:00,2024-07-31 18:17:00,2024-07-31 18:14:00,2024-07-31 18:22:00
Stuttgart Hbf,ICE 1211,Innsbruck Hbf,152,2024-07-31 21:47:00,False,ICE,6795498665772062818-2407311324,8,2024-07-31 19:08:00,2024-07-31 21:39:00,2024-07-31 19:15:00,2024-07-31 21:47:00
Stuttgart Hbf,ICE 2400,Berlin Ostbahnhof,0,2024-07-31 19:51:00,True,ICE,3612321124108775378-2407311728,5,2024-07-31 19:45:00,2024-07-31 19:45:00,2024-07-31 19:51:00,2024-07-31 19:51:00
Stuttgart Hbf,ICE 2500,Frankfurt(M) Flughafen Fernbf,10,2024-07-31 20:15:00,True,ICE,7958024030493783972-2407311747,5,2024-07-31 19:59:00,2024-07-31 20:00:00,2024-07-31 20:05:00,2024-07-31 20:15:00
Stuttgart Hbf,ICE 2511,München Hbf,3,2024-07-31 20:02:00,False,ICE,-7927536893412843092-2407311753,4,2024-07-31 19:53:00,2024-07-31 19:57:00,2024-07-31 19:59:00,2024-07-31 20:02:00
Stuttgart Hbf,ICE 266,Karlsruhe Hbf,1,2024-07-31 19:13:00,False,ICE,-2795453744905001153-2407311659,6,2024-07-31 19:02:00,2024-07-31 19:08:00,2024-07-31 19:12:00,2024-07-31 19:13:00
Stuttgart Hbf,ICE 910,Saarbrücken Hbf,1,2024-07-31 20:39:00,False,ICE,6195485783263057734-2407311828,5,2024-07-31 20:31:00,2024-07-31 20:32:00,2024-07-31 20:38:00,2024-07-31 20:39:00
Stuttgart Hbf,ICE 590,Frankfurt(Main)Hbf,42,2024-07-31 21:33:00,False,ICE,-7610672940066525446-2407311846,5,2024-07-31 20:43:00,2024-07-31 21:28:00,2024-07-31 20:51:00,2024-07-31 21:33:00
Stuttgart Hbf,ICE 2411,München Hbf,8,2024-07-31 20:22:00,False,ICE,5224976432653514129-2407311229,14,2024-07-31 20:08:00,2024-07-31 20:17:00,2024-07-31 20:14:00,2024-07-31 20:22:00
Stuttgart Hbf,ICE 693,München Hbf,38,2024-07-31 21:53:00,False,ICE,-5198077084450588432-2407311524,8,2024-07-31 21:08:00,2024-07-31 21:48:00,2024-07-31 21:15:00,2024-07-31 21:53:00
Stuttgart Hbf,ICE 560,Karlsruhe Hbf,13,2024-07-31 21:24:00,False,ICE,-1895474681646249837-2407311901,6,2024-07-31 21:03:00,2024-07-31 21:19:00,2024-07-31 21:11:00,2024-07-31 21:24:00
Stuttgart Hbf,ICE 2308,Frankfurt(Main)Hbf,17,2024-07-31 22:22:00,False,ICE,993826748729604473-2407311946,5,2024-07-31 21:59:00,2024-07-31 22:08:00,2024-07-31 22:05:00,2024-07-31 22:22:00
Stuttgart Hbf,ICE 990,Frankfurt(Main)Hbf,21,2024-07-31 23:12:00,False,ICE,-2320340282101811304-2407312043,6,2024-07-31 22:43:00,2024-07-31 22:45:00,2024-07-31 22:51:00,2024-07-31 23:12:00
